,OBJECTID,ID_ACCIDENT,DATE_,GROUPE_ACCIDENT,TYPE,CAUSE,COMMUNE,CONDITIONS_LUMINEUSES,CONDITIONS_METEO,CONSEQUENCES,COOR_X,COOR_Y,ETAT_ROUTE,GENRE_ROUTE,HEURE,JOUR,NB_ENFANTS_IMPLIQUES,NB_ENFANTS_ECOLE,NB_BLESSES_LEGERS,NB_BLESSES_GRAVES,NB_TUES,NB_PIETONS,NB_BICYCLETTES,NB_VAE_25,NB_VAE_45,NB_CYCLOMOTEURS,NB_MOTOS_50,NB_MOTOS,NB_VOITURES_TOURISME,NB_VOITURES_LIVRAISON,NB_CAMIONS,NB_BUS,NB_TRAM,NB_TRAINS,NB_SENIORS,NB_TC,REF_GROUPE_CAUSE,TOTAL_PERSONNES,ANNEE,E,N,LATITUDE,LONGITUDE
33267,48336,221202229,20221202,Dérapage ou perte de maîtrise,Sans collision,"Vitesse - Inadaptée au tracé de la route (virage serré, proximité d'une intersection, etc.)",Vernier,Jour,Temps couvert,Avec blessés légers,2496835.994,1119582.192,Route sèche,Autoroute,150000.0,Vendredi,0,0,1,0,0,0,0,0,0,0,0,1,0,0,0,0,0.0,0.0,0,0,,,2022,2496835.99,1119582.19,6.101616408031131,46.21975960859884
33268,48337,220907262,20220907,Accident lors d'un dépassement ou lors d'un changement de voie de circulation,Frôlement latéral avec le véhicule dépassé,Dépassement - En dépassant de trop près (latéral),Genève,Nuit,Temps couvert,Avec dommages matériels,2500531.455,1119535.542,Route sèche,Route principale,60000.0,Mercredi,0,0,0,0,0,0,0,0,0,0,0,1,1,0,0,0,0.0,0.0,0,0,,,2022,2500531.45,1119535.54,6.149511590565193,46.219897159929566
33269,48338,220910011,20220909,Dérapage ou perte de maîtrise,Collision avec un autre usager de la route,Signalisation - Inobservation d'une marque,Genève,Jour,Beau temps,Avec blessés légers,2499997.251,1117369.565,Route sèche,Route principale,190000.0,Vendredi,0,0,1,0,0,0,1,0,0,0,0,0,0,0,0,0,1.0,0.0,0,1,,,2022,2499997.25,1117369.57,6.14305368236111,46.2003363369216
33270,48339,221102211,20221028,Accident en parquant,Avec violation de l'obligation de déclarer,Cause inconnue - Véhicule stationné (omission de la déclaration obligatoire),Genève,Jour,Beau temps,Avec dommages matériels,2499081.75,1119638.54,Route sèche,Route secondaire,120000.0,Vendredi,0,0,0,0,0,0,0,0,0,0,0,0,0,0,0,0,0.0,0.0,0,0,,,2022,2499081.75,1119638.54,6.130704333104614,46.22060743826177
33271,48340,220402007,20220401,Dérapage ou perte de maîtrise,Collision avec un obstacle hors de la chaussée,"Vitesse - Inadaptée au tracé de la route (virage serré, proximité d'une intersection, etc.)",Genève,Nuit,Pluie,Avec dommages matériels,2501004.763,1116139.419,Route mouillée,Route principale,210000.0,Vendredi,0,0,0,0,0,0,0,0,0,0,0,0,1,0,0,0,0.0,0.0,0,0,,,2022,2501004.76,1116139.42,6.15636504261596,46.18942100692656
33272,48341,220607167,20220606,Accident en parquant,Collision avec un obstacle fixe (y compris véhicule correctement stationné),Inattention et distraction - Manque d'attention momentané,Genève,Nuit,Temps couvert,Avec dommages matériels,2501313.484,1117343.323,Route sèche,Route principale,20000.0,Lundi,0,0,0,0,0,0,0,0,0,0,0,0,1,0,0,0,0.0,0.0,0,0,,,2022,2501313.48,1117343.32,6.160108700437776,46.2002947449434
33273,48342,221004065,20221004,Dérapage ou perte de maîtrise,Collision avec un autre usager de la route,Etat de la personne - Influence de stupéfiants,Plan-les-Ouates,Aurore / crépuscule,Beau temps,Avec dommages matériels,2498819.822,1114093.182,Route sèche,Autre,70000.0,Mardi,0,0,0,0,0,0,0,0,0,0,0,0,1,0,1,0,0.0,0.0,0,0,,,2022,2498819.82,1114093.18,6.128512007402144,46.17069121201004
33274,48343,220528086,20220528,Dérapage ou perte de maîtrise,Collision avec un obstacle hors de la chaussée,"Vitesse - Inadaptée au tracé de la route (virage serré, proximité d'une intersection, etc.)",Plan-les-Ouates,Jour,Beau temps,Avec dommages matériels,2498529.386,1114142.542,Route sèche,Autre,130000.0,Samedi,0,0,0,0,0,0,0,0,0,0,0,0,1,0,0,0,0.0,0.0,0,0,,,2022,2498529.39,1114142.54,6.12474134950654,46.1710914208432
33275,48344,220331099,20220330,Dérapage ou perte de maîtrise,Collision avec un obstacle hors de la chaussée,Inattention et distraction - Manque d'attention momentané,Genève,Jour,Pluie,Avec dommages matériels,2499298.203,1118744.461,Route mouillée,Route principale,120000.0,Mercredi,0,0,0,0,0,0,0,0,0,0,0,0,1,0,0,0,0.0,0.0,0,0,,,2022,2499298.2,1118744.46,6.133702087718974,46.21259823284778
33276,48345,220214013,20220214,Dérapage ou perte de maîtrise,Collision avec un autre usager de la route,Inattention et distraction - Manque d'attention momentané,Genève,Nuit,Beau temps,Avec dommages matériels,2500046.161,1117562.499,Route sèche,Route principale,40000.0,Lundi,0,0,0,0,0,0,0,0,0,0,0,0,2,0,0,0,0.0,0.0,0,0,,,2022,2500046.16,1117562.5,6.143645911255606,46.202078894691034
33277,48346,220324115,20220319,Accident en parquant,Collision avec un obstacle fixe (y compris véhicule correctement stationné),Inattention et distraction - Manque d'attention momentané,Genève,Inconnu,Beau temps,Avec dommages matériels,2499179.001,1116411.668,Route sèche,Route secondaire,180000.0,Samedi,0,0,0,0,0,0,0,0,0,0,0,0,0,0,0,0,0.0,0.0,0,0,,,2022,2499179.0,1116411.67,6.1326615961815225,46.191598434310535
33278,48347,221220381,20221219,Accident en parquant,Collision avec un obstacle fixe (y compris véhicule correctement stationné),Inattention et distraction - Manque d'attention momentané,Vernier,Inconnu,Autre,Avec dommages matériels,2498027.43,1119066.305,Route sèche,Route principale,160000.0,Lundi,0,0,0,0,0,0,0,0,0,0,0,0,1,0,0,0,0.0,0.0,0,0,,,2022,2498027.43,1119066.3,6.117167574494622,46.215301367966866
33279,48348,220101009,20220101,Collision frontale,Frôlement avec le trafic en sens inverse (sans dépassement),Etat de la personne - Influence de l'alcool,Thônex,Nuit,Temps couvert,Avec dommages matériels,2503207.0,1115105.049,Route humide,Route principale,50000.0,Samedi,0,0,0,0,0,0,0,0,0,0,0,0,2,0,0,0,0.0,0.0,0,0,,,2022,2503207.0,1115105.05,6.1851000235696185,46.1804380625823
33280,48349,220511237,20220510,Accident par tamponnement,Collision avec véhicule à l'arrêt,Inattention et distraction - Manque d'attention momentané,Genève,Nuit,Beau temps,Avec dommages matériels,2500324.613,1117294.032,Route sèche,Route principale,190000.0,Mardi,0,0,0,0,0,0,0,0,0,0,0,1,0,0,0,0,0.0,0.0,0,0,,,2022,2500324.61,1117294.03,6.147310179943776,46.199705519137545
33281,47812,220122046,20220122,Accident en parquant,Collision avec un obstacle fixe (y compris véhicule correctement stationné),Conduite - Marche arrière imprudente,Genève,Jour,Beau temps,Avec dommages matériels,2502083.355,1117308.323,Route sèche,Route secondaire,100000.0,Samedi,0,0,0,0,0,0,0,0,0,0,0,0,1,0,0,0,0.0,0.0,1,0,,,2022,2502083.36,1117308.32,6.170088510105603,46.20009251856078
33282,47813,220620459,20220620,Accident lors d'un dépassement ou lors d'un changement de voie de circulation,Collision lors du changement de voie vers la gauche,Conduite - Manque d'égards en changeant de voie,Genève,Jour,Beau temps,Avec blessés légers,2499864.758,1118279.452,Route sèche,Route secondaire,190000.0,Lundi,0,0,1,0,0,0,0,1,0,0,0,0,1,0,0,0,0.0,0.0,0,0,,,2022,2499864.76,1118279.45,6.141142299544735,46.208500409829824
33283,47814,220304200,20220304,Autres,Autres,"Vitesse - Poursuite, course",Carouge (GE),Jour,Beau temps,Avec dommages matériels,2499519.13,1114944.013,Route sèche,Route principale,160000.0,Vendredi,0,0,0,0,0,0,0,0,0,0,0,0,1,0,0,0,0.0,0.0,0,0,,,2022,2499519.13,1114944.01,6.137382405181806,46.178448702186294
33284,47815,220825131,20220825,Dérapage ou perte de maîtrise,Collision avec un obstacle hors de la chaussée,Cause inconnue - Cause inconnue,Thônex,Jour,Beau temps,Avec dommages matériels,2503880.215,1115686.194,Route sèche,Route secondaire,100000.0,Jeudi,0,0,0,0,0,0,0,0,0,0,0,0,0,0,0,0,0.0,0.0,0,0,,,2022,2503880.22,1115686.19,6.1936976969592745,46.18576166193392
33285,47816,220810246,20220810,Dérapage ou perte de maîtrise,Collision avec un autre usager de la route,"Etat de la personne - Excès de fatigue, endormissement (y compris endormissement passager)",Corsier (GE),Jour,Beau temps,Avec dommages matériels,2506600.757,1123758.048,Route sèche,Route principale,140000.0,Mercredi,0,0,0,0,0,0,0,0,0,0,0,0,4,0,0,0,0.0,0.0,0,0,,,2022,2506600.76,1123758.05,6.227312156345577,46.25874765973016
33286,47817,220518016,20220517,Accident par tamponnement,Collision avec un véhicule en marche,Conduite - Suivre de trop près le véhicule qui précède,Meyrin,Jour,Beau temps,Avec blessés légers,2494117.126,1120054.309,Route sèche,Route principale,160000.0,Mardi,0,0,1,0,0,0,0,0,0,0,0,1,1,0,0,0,0.0,0.0,0,0,,,2022,2494117.13,1120054.31,6.066279278029212,46.223583098586516
33287,47818,220211009,20220210,Accident lors d'un dépassement ou lors d'un changement de voie de circulation,Collision lors du changement de voie vers la droite,Conduite - Manque d'égards en changeant de voie,Genève,Nuit,Beau temps,Avec blessés graves,2500244.008,1118198.59,Route sèche,Route principale,230000.0,Jeudi,0,0,0,1,0,0,0,0,0,0,0,1,1,0,0,0,0.0,0.0,0,0,,,2022,2500244.01,1118198.59,6.146072830536827,46.207829516672206
33288,47819,221012082,20221012,Accident impliquant des piétons,Piéton traversant la chaussée touché par un véhicule circulant en ligne droite,Priorité - Ne pas accorder la priorité à un passage pour piétons,Vandoeuvres,Aurore / crépuscule,Temps couvert,Avec blessés légers,2504459.469,1118067.9,Route humide,Route principale,70000.0,Mercredi,0,0,1,0,0,1,0,0,0,0,0,1,0,0,0,0,0.0,0.0,0,0,,,2022,2504459.47,1118067.9,6.200711505354705,46.207266441384654
33289,47820,220502020,20220501,Accident impliquant des piétons,Piéton traversant la chaussée touché par un véhicule circulant en ligne droite,Comportement du piéton / du conducteur d'EAV - Traversée imprudente de la route,Genève,Jour,Beau temps,Avec blessés légers,2498735.499,1119371.992,Route sèche,Route principale,170000.0,Dimanche,0,0,1,0,0,1,0,0,0,0,0,0,1,0,0,0,0.0,0.0,1,0,,,2022,2498735.5,1119371.99,6.12627549191523,46.21815790906852
33290,47821,221124121,20221124,Accident par tamponnement,Collision avec véhicule à l'arrêt,Conduite - Suivre de trop près le véhicule qui précède,Cologny,Aurore / crépuscule,Temps couvert,Avec blessés graves,2503450.145,1120523.44,Route mouillée,Route principale,70000.0,Jeudi,0,0,0,1,0,0,0,0,0,0,0,1,1,0,0,0,0.0,0.0,0,0,,,2022,2503450.14,1120523.44,6.187127418792673,46.22920846727235
33291,47822,220905227,20220831,Accident en traversant une route,Collision avec le trafic traversant depuis la gauche,Signalisation - Inobservation d'une marque,Genève,Nuit,Beau temps,Avec dommages matériels,2499906.692,1116652.91,Route sèche,Route secondaire,200000.0,Mercredi,0,0,0,0,0,0,0,0,0,0,0,0,2,0,0,0,0.0,0.0,1,0,,,2022,2499906.69,1116652.91,6.142034291727332,46.19387695768191
33292,47823,220318009,20220315,Accident en parquant,Avec violation de l'obligation de déclarer,Cause inconnue - Véhicule stationné (omission de la déclaration obligatoire),Genève,Jour,Beau temps,Avec dommages matériels,2498444.557,1118822.599,Route sèche,Route secondaire,110000.0,Mardi,0,0,0,0,0,0,0,0,0,0,0,0,0,0,0,0,0.0,0.0,0,0,,,2022,2498444.56,1118822.6,6.122625255906475,46.21317260841758
33293,47824,220520243,20220520,Accident par tamponnement,Collision avec un véhicule en marche,Conduite - Suivre de trop près le véhicule qui précède,Confignon,Jour,Beau temps,Avec blessés légers,2495950.28,1114287.763,Route sèche,Autoroute,160000.0,Vendredi,0,0,2,0,0,0,0,0,0,0,0,0,3,0,0,0,0.0,0.0,0,0,,,2022,2495950.28,1114287.76,6.091319556804264,46.172003547152265
33294,47825,220906264,20220829,Accident en parquant,Avec violation de l'obligation de déclarer,Cause inconnue - Véhicule stationné (omission de la déclaration obligatoire),Onex,Nuit,Temps couvert,Avec dommages matériels,2496709.595,1115755.49,Route humide,Route secondaire,200000.0,Lundi,0,0,0,0,0,0,0,0,0,0,0,0,0,0,0,0,0.0,0.0,0,0,,,2022,2496709.59,1115755.49,6.100825350986151,46.18532175019049
33295,47826,220726259,20220721,Accident en parquant,Avec violation de l'obligation de déclarer,Cause inconnue - Véhicule stationné (omission de la déclaration obligatoire),Genève,Inconnu,Autre,Avec dommages matériels,2500256.745,1118361.739,Autre,Route secondaire,180000.0,Jeudi,0,0,0,0,0,0,0,0,0,0,0,0,0,0,0,0,0.0,0.0,0,0,,,2022,2500256.75,1118361.74,6.146203005541325,46.20929884011286
33296,47827,220508066,20220508,Autres,Autres,Conduite - Manque d'égards en changeant de voie,Vernier,Jour,Beau temps,Avec blessés légers,2497103.755,1118744.945,Route sèche,Route principale,100000.0,Dimanche,1,0,1,0,0,0,0,0,0,0,0,0,1,0,0,1,0.0,0.0,0,1,,,2022,2497103.75,1118744.95,6.105270625171799,46.21227026851851
33297,47828,220614005,20220612,Accident en s'engageant sur une route,Collision en s'engageant depuis le bord de la route,Inattention et distraction - Manque d'attention momentané,Genève,Jour,Beau temps,Avec dommages matériels,2499702.462,1118221.68,Route sèche,Route secondaire,160000.0,Dimanche,0,0,0,0,0,0,0,0,0,0,0,0,1,1,0,0,0.0,0.0,0,0,,,2022,2499702.46,1118221.68,6.139052095707326,46.207956607021245
33298,47829,220308272,20220308,Accident en s'engageant sur une route,Collision en obliquant à droite avec le trafic venant de gauche,Priorité - Non-respect du signal de priorité «Cédez le passage»,Vernier,Jour,Beau temps,Avec blessés légers,2496695.494,1119142.991,Route sèche,Route principale,160000.0,Mardi,0,0,1,0,0,0,0,0,0,0,0,1,1,0,0,0,0.0,0.0,0,0,,,2022,2496695.49,1119142.99,6.099893105304537,46.21578773196137
33299,48081,220129066,20220129,Accident en quittant une route,Collision en obliquant à gauche avec le trafic venant en sens inverse,Priorité - Refus d'accorder la priorité au tramway,Genève,Jour,Beau temps,Avec blessés graves,2500032.502,1116649.74,Route sèche,Route secondaire,150000.0,Samedi,0,0,0,1,0,0,0,0,0,0,0,1,0,0,0,0,1.0,0.0,0,1,,,2022,2500032.5,1116649.74,6.14366442107304,46.1938671636105
33300,48082,221104142,20221104,Accident en traversant une route,Collision avec le trafic traversant depuis la droite,Priorité - Non-respect du signal de priorité «Stop»,Plan-les-Ouates,Jour,Temps couvert,Avec blessés légers,2497403.806,1113787.266,Route humide,Route secondaire,70000.0,Vendredi,0,0,1,0,0,0,0,0,0,0,0,0,1,0,0,0,0.0,0.0,0,0,,,2022,2497403.81,1113787.27,6.110247394825345,46.167725275246056
33301,48083,220405155,20220405,Accident lors d'un dépassement ou lors d'un changement de voie de circulation,Collision lors du changement de voie vers la gauche,Conduite - Manque d'égards en changeant de voie,Lancy,Jour,Temps couvert,Avec blessés légers,2497603.526,1116593.991,Route humide,Route principale,70000.0,Mardi,0,0,1,0,0,0,0,0,0,0,0,1,1,0,0,0,0.0,0.0,0,0,,,2022,2497603.53,1116593.99,6.112217624086703,46.19300019198997
33302,48084,220711003,20220710,Accident par tamponnement,Collision avec véhicule à l'arrêt,Inattention et distraction - Manque d'attention momentané,Genève,Nuit,Beau temps,Avec blessés légers,2500554.401,1118327.899,Route sèche,Route principale,210000.0,Dimanche,0,0,1,0,0,0,0,0,0,0,0,1,3,0,0,0,0.0,0.0,1,0,,,2022,2500554.4,1118327.9,6.150066381457963,46.209038574137686
33303,48085,220319003,20220315,Accident en traversant une route,Collision avec le trafic traversant depuis la droite,Signalisation lumineuse - Non-respect d'un feu rouge,Meyrin,Nuit,Beau temps,Avec dommages matériels,2496753.871,1120132.274,Route sèche,Route principale,220000.0,Mardi,0,0,0,0,0,0,0,0,0,0,0,0,2,0,0,0,0.0,0.0,0,0,,,2022,2496753.87,1120132.27,6.100430559246493,46.22469458016056
33304,48086,220412189,20220412,Accident en s'engageant sur une route,Collision en s'engageant depuis le bord de la route,Priorité - Non-respect du signal de priorité «Cédez le passage»,Céligny,Jour,Autre,Avec tués,2505059.779,1133118.012,Autre,Route principale,130000.0,Mardi,0,0,0,0,1,0,1,0,0,0,0,0,1,0,0,0,0.0,0.0,1,0,,,2022,2505059.78,1133118.01,6.205419049054684,46.34271986635572
33305,48087,220726232,20220613,Dérapage ou perte de maîtrise,Collision avec un obstacle hors de la chaussée,Cause inconnue - Cause inconnue,Onex,Nuit,Autre,Avec dommages matériels,2496916.385,1114641.475,Autre,Route secondaire,0.0,Lundi,0,0,0,0,0,0,0,0,0,0,0,0,0,0,0,0,0.0,0.0,0,0,,,2022,2496916.39,1114641.48,6.103749137888283,46.17533376083956
33306,48088,220725016,20220719,Dérapage ou perte de maîtrise,Collision avec un obstacle en manoeuvrant,Conduite - Marche arrière imprudente,Genève,Jour,Beau temps,Avec dommages matériels,2500189.054,1118476.205,Route sèche,Route secondaire,190000.0,Mardi,0,0,0,0,0,0,0,0,0,0,0,0,1,0,0,0,0.0,0.0,1,0,,,2022,2500189.05,1118476.2,6.145301445777168,46.21031828674562
33307,48089,220624139,20220618,Dérapage ou perte de maîtrise,Collision avec un obstacle hors de la chaussée,Inattention et distraction - Manque d'attention momentané,Onex,Jour,Beau temps,Avec dommages matériels,2496475.29,1115407.065,Route sèche,Route principale,170000.0,Samedi,0,0,0,0,0,0,0,0,0,0,0,0,1,0,0,0,0.0,0.0,0,0,,,2022,2496475.29,1115407.07,6.097868501502578,46.18215193546627
33308,48090,220528026,20220428,Accident en parquant,Avec violation de l'obligation de déclarer,Cause inconnue - Véhicule stationné (omission de la déclaration obligatoire),Vernier,Inconnu,Autre,Avec dommages matériels,2496740.117,1118102.603,Autre,Route principale,200000.0,Jeudi,0,0,0,0,0,0,0,0,0,0,0,0,0,0,0,0,0.0,0.0,0,0,,,2022,2496740.12,1118102.6,6.100701594915012,46.206437018501475
33309,48091,220524127,20220524,Accident en traversant une route,Collision avec le trafic traversant depuis la gauche,Priorité - Non-respect du signal de priorité «Cédez le passage»,Bardonnex,Jour,Temps couvert,Avec blessés légers,2498304.498,1111928.973,Route humide,Route principale,80000.0,Mardi,0,0,1,0,0,0,0,0,0,0,0,1,0,1,0,0,0.0,0.0,0,0,,,2022,2498304.5,1111928.97,6.122311425876704,46.151147923958106
33310,48092,220326061,20220325,Accident par tamponnement,"Collision avec un véhicule en marche, en reculant",Conduite - Marche arrière imprudente,Genève,Jour,Temps couvert,Avec blessés légers,2500365.194,1118529.347,Route sèche,Route secondaire,180000.0,Vendredi,0,0,1,0,0,0,0,1,0,0,0,0,1,0,0,0,0.0,0.0,1,0,,,2022,2500365.19,1118529.35,6.147572096497188,46.21082247164338
33311,48093,220815001,20220814,Dérapage ou perte de maîtrise,Sans collision,Inattention et distraction - Manque d'attention momentané,Collonge-Bellerive,Jour,Pluie,Avec blessés graves,2504346.484,1122071.161,Route humide,Route principale,190000.0,Dimanche,0,0,0,1,0,0,0,0,0,0,0,0,0,0,0,0,0.0,0.0,0,0,,,2022,2504346.48,1122071.16,6.198426615926627,46.24325761879916
33312,48094,220515044,20220503,Accident lors d'un dépassement ou lors d'un changement de voie de circulation,Frôlement latéral avec le véhicule dépassé,Comportement du piéton / du conducteur d'EAV - Autre attitude fautive du piéton ou du conducteur d'EAV,Confignon,Jour,Beau temps,Avec blessés légers,2495620.452,1115009.194,Route sèche,Route principale,160000.0,Mardi,1,0,1,0,0,0,1,0,0,0,0,0,0,0,0,0,0.0,0.0,0,0,,,2022,2495620.45,1115009.19,6.086888307584418,46.17844116531109
33313,48095,220617177,20220617,Accident lors d'un dépassement ou lors d'un changement de voie de circulation,Collision lors du changement de voie vers la gauche,Conduite - Manque d'égards en changeant de voie,Genève,Jour,Beau temps,Avec dommages matériels,2500913.698,1117538.237,Route sèche,Route principale,60000.0,Vendredi,0,0,0,0,0,0,0,0,0,0,0,0,1,1,0,0,0.0,0.0,0,0,,,2022,2500913.7,1117538.24,6.15488887926704,46.201989125081646
33314,48096,220504103,20220426,Accident en parquant,Collision avec un obstacle fixe (y compris véhicule correctement stationné),Conduite - Marche arrière imprudente,Genève,Jour,Beau temps,Avec dommages matériels,2499775.804,1116964.932,Route sèche,Route principale,130000.0,Mardi,0,0,0,0,0,0,0,0,0,0,0,0,0,1,0,0,0.0,0.0,1,0,,,2022,2499775.8,1116964.93,6.140272067686482,46.196663879425266
33315,48097,220204229,20220204,Dérapage ou perte de maîtrise,Collision avec un obstacle hors de la chaussée,Etat de la personne - Influence de l'alcool,Genève,Nuit,Beau temps,Avec dommages matériels,2499653.025,1116549.159,Route sèche,Route principale,220000.0,Vendredi,0,0,0,0,0,0,0,0,0,0,0,1,0,0,0,0,0.0,0.0,0,0,,,2022,2499653.02,1116549.16,6.138771140233214,46.192905980446334
33316,48098,220219044,20220201,Accident en quittant une route,Collision en obliquant à gauche avec le trafic venant en sens inverse,Priorité - Priorité en obliquant à gauche devant des véhicules venant en sens inverse,Genève,Nuit,Pluie,Avec blessés légers,2501226.839,1117370.419,Route mouillée,Route principale,190000.0,Mardi,0,0,1,0,0,0,1,0,0,0,0,0,1,0,0,0,0.0,0.0,0,0,,,2022,2501226.84,1117370.42,6.158980696838651,46.200525768780935
33317,47561,221105070,20221017,Accident en parquant,Autres cas d'accident en parquant,Utilisation du véhicule - Stationnement sans précautions suffisantes,Carouge (GE),Jour,Beau temps,Avec dommages matériels,2500001.029,1115170.86,Route sèche,Autre,120000.0,Lundi,0,0,0,0,0,0,0,0,0,0,0,0,1,0,0,0,0.0,0.0,0,0,,,2022,2500001.03,1115170.86,6.143573491114433,46.180560899909466
33318,47562,221201245,20221201,Dérapage ou perte de maîtrise,Collision avec un obstacle hors de la chaussée,Etat de la personne - Influence de l'alcool,Lancy,Aurore / crépuscule,Temps couvert,Avec dommages matériels,2498164.303,1116312.123,Route sèche,Route principale,170000.0,Jeudi,0,0,0,0,0,0,0,0,0,0,0,0,1,0,0,0,0.0,0.0,0,0,,,2022,2498164.3,1116312.12,6.11954185512681,46.19055013148009
33319,47563,220609210,20220424,Accident en parquant,Collision avec un obstacle fixe (y compris véhicule correctement stationné),Inattention et distraction - Manque d'attention momentané,Genève,Nuit,Beau temps,Avec dommages matériels,2498978.432,1117002.123,Route sèche,Route principale,30000.0,Dimanche,0,0,0,0,0,0,0,0,0,0,0,0,1,0,0,0,0.0,0.0,0,0,,,2022,2498978.43,1117002.12,6.1299362419326275,46.196879037920375
33320,47564,220330066,20220330,Accident par tamponnement,Collision avec véhicule à l'arrêt,Inattention et distraction - Manque d'attention momentané,Carouge (GE),Jour,Beau temps,Avec dommages matériels,2500213.866,1115701.474,Route sèche,Route principale,80000.0,Mercredi,0,0,0,0,0,0,0,0,0,0,0,0,2,0,0,0,0.0,0.0,0,0,,,2022,2500213.87,1115701.47,6.146216098240756,46.18536501585163
33321,47565,221005011,20221003,Dérapage ou perte de maîtrise,Collision avec un obstacle hors de la chaussée,Inattention et distraction - Manque d'attention momentané,Genève,Jour,Beau temps,Avec dommages matériels,2501169.288,1117689.287,Route sèche,Route secondaire,120000.0,Lundi,0,0,0,0,0,0,0,0,0,0,0,0,1,0,0,0,0.0,0.0,1,0,,,2022,2501169.29,1117689.29,6.158167718424577,46.20338535409419
33322,47566,220513236,20220513,Accident lors d'un dépassement ou lors d'un changement de voie de circulation,Autre cas d'accident lors d'un dépassement ou lors d'un changement de voie de circulation,Dépassement - Autre attitude fautive en rapport avec un dépassement,Troinex,Jour,Beau temps,Avec blessés graves,2500305.159,1113361.365,Route sèche,Route principale,100000.0,Vendredi,0,0,0,1,0,0,0,0,0,0,0,1,1,0,0,0,0.0,0.0,0,0,,,2022,2500305.16,1113361.36,6.147897591759859,46.164330753609214
33323,47567,221025120,20221024,Accident en parquant,Avec violation de l'obligation de déclarer,Cause inconnue - Véhicule stationné (omission de la déclaration obligatoire),Choulex,Inconnu,Autre,Avec dommages matériels,2506194.868,1118903.784,Autre,Autre,150000.0,Lundi,0,0,0,0,0,0,0,0,0,0,0,0,0,0,0,0,0.0,0.0,0,0,,,2022,2506194.87,1118903.78,6.223025688198433,46.215029215783964
33324,47568,221113030,20221107,Dérapage ou perte de maîtrise,Collision avec un obstacle en manoeuvrant,Inattention et distraction - Manque d'attention momentané,Genève,Jour,Beau temps,Avec dommages matériels,2500381.621,1118597.661,Route sèche,Route secondaire,80000.0,Lundi,0,0,0,0,0,0,0,0,0,0,0,0,1,0,0,0,0.0,0.0,1,0,,,2022,2500381.62,1118597.66,6.147770375283699,46.211439313250295
33325,47569,220908105,20220908,Collision frontale,Collision frontale avec le trafic venant en sens inverse (sans dépassement),Conduite - Croisement longitudinal non conforme ou circulation trop à gauche,Genève,Jour,Beau temps,Avec dommages matériels,2500738.77,1117395.051,Route sèche,Route secondaire,170000.0,Jeudi,0,0,0,0,0,0,0,0,0,0,0,0,1,0,0,1,0.0,0.0,0,1,,,2022,2500738.77,1117395.05,6.152653350052143,46.20067541153933
33326,47570,220525081,20220514,Accident lors d'un dépassement ou lors d'un changement de voie de circulation,Collision lors du changement de voie vers la droite,Conduite - Manque d'égards en changeant de voie,Genève,Nuit,Beau temps,Avec dommages matériels,2500581.504,1119297.992,Route sèche,Route principale,10000.0,Samedi,0,0,0,0,0,0,0,0,0,0,0,0,1,1,0,0,0.0,0.0,0,0,,,2022,2500581.5,1119297.99,6.150210760716093,46.217767948910186
33327,47571,220529038,20220520,Accident en parquant,Collision avec un obstacle fixe (y compris véhicule correctement stationné),Inattention et distraction - Manque d'attention momentané,Vernier,Jour,Beau temps,Avec dommages matériels,2495440.52,1119046.512,Route sèche,Route secondaire,110000.0,Vendredi,0,0,0,0,0,0,0,0,0,0,0,0,1,0,0,0,0.0,0.0,1,0,,,2022,2495440.52,1119046.51,6.0836544246382065,46.21472589677301
33328,47572,220416011,20220416,Dérapage ou perte de maîtrise,Collision avec un obstacle hors de la chaussée,Etat de la personne - Influence de l'alcool,Meyrin,Nuit,Beau temps,Avec dommages matériels,2494639.561,1120603.429,Route sèche,Autre,30000.0,Samedi,0,0,0,0,0,0,0,0,0,0,0,0,1,0,0,0,0.0,0.0,0,0,,,2022,2494639.56,1120603.43,6.0729251612176265,46.22860413109398
33329,47573,220613001,20220612,Accident lors d'un dépassement ou lors d'un changement de voie de circulation,Collision avec le véhicule dépassé en se rabattant,Etat de la personne - Influence de l'alcool,Carouge (GE),Nuit,Beau temps,Avec dommages matériels,2499114.224,1114681.228,Route sèche,Route principale,230000.0,Dimanche,0,0,0,0,0,0,0,0,0,0,0,0,2,0,0,0,0.0,0.0,0,0,,,2022,2499114.22,1114681.23,6.132196383984477,46.17602455177326
33330,47574,220527168,20220527,Dérapage ou perte de maîtrise,Sans collision,Etat du véhicule - Autre défectuosité de l'état du véhicule,Genève,Jour,Beau temps,Avec blessés graves,2499650.441,1117802.753,Route sèche,Route secondaire,120000.0,Vendredi,0,0,0,1,0,0,1,0,0,0,0,0,0,0,0,0,0.0,0.0,0,0,,,2022,2499650.44,1117802.75,6.138468253824042,46.20418083450794