,OBJECTID,ID_ACCIDENT,DATE_,GROUPE_ACCIDENT,TYPE,CAUSE,COMMUNE,CONDITIONS_LUMINEUSES,CONDITIONS_METEO,CONSEQUENCES,COOR_X,COOR_Y,ETAT_ROUTE,GENRE_ROUTE,HEURE,JOUR,NB_ENFANTS_IMPLIQUES,NB_ENFANTS_ECOLE,NB_BLESSES_LEGERS,NB_BLESSES_GRAVES,NB_TUES,NB_PIETONS,NB_BICYCLETTES,NB_VAE_25,NB_VAE_45,NB_CYCLOMOTEURS,NB_MOTOS_50,NB_MOTOS,NB_VOITURES_TOURISME,NB_VOITURES_LIVRAISON,NB_CAMIONS,NB_BUS,NB_TRAM,NB_TRAINS,NB_SENIORS,NB_TC,REF_GROUPE_CAUSE,TOTAL_PERSONNES,ANNEE,E,N,LATITUDE,LONGITUDE
33331,47575,220129040,20220129,Accident en parquant,Collision avec un obstacle fixe (y compris véhicule correctement stationné),Cause inconnue - Cause inconnue,Genève,Inconnu,Autre,Avec dommages matériels,2500450.503,1118721.04,Autre,Route principale,10000.0,Samedi,0,0,0,0,0,0,0,0,0,0,0,0,0,0,0,0,0.0,0.0,0,0,,,2022,2500450.5,1118721.04,6.148636452222467,46.21255924593856
33332,47576,220202085,20220202,Accident impliquant des piétons,Piéton traversant la chaussée touché par un véhicule circulant en ligne droite,Priorité - Ne pas accorder la priorité à un passage pour piétons,Genève,Nuit,Pluie,Avec blessés légers,2499611.163,1117494.143,Route mouillée,Route principale,70000.0,Mercredi,0,0,1,0,0,1,0,0,0,0,0,1,0,0,0,0,0.0,0.0,0,0,,,2022,2499611.16,1117494.14,6.13802579125989,46.20139922000613
33333,47577,220519195,20220519,Accident impliquant des piétons,Autre cas d'accident impliquant des piétons,Dépassement - Autre attitude fautive en rapport avec un dépassement,Carouge (GE),Jour,Beau temps,Avec blessés légers,2499055.032,1116122.871,Route sèche,Route principale,100000.0,Jeudi,0,0,1,0,0,1,0,0,0,0,0,1,0,0,0,0,0.0,0.0,0,0,,,2022,2499055.03,1116122.87,6.131118477735786,46.18898226788076
33334,47578,221116236,20221111,Accident lors d'un dépassement ou lors d'un changement de voie de circulation,Collision lors du changement de voie vers la droite,Conduite - Manque d'égards en changeant de voie,Vernier,Aurore / crépuscule,Temps couvert,Avec dommages matériels,2496367.243,1119477.492,Route sèche,Route principale,60000.0,Vendredi,0,0,0,0,0,0,0,0,0,0,0,1,1,0,0,1,0.0,0.0,0,1,,,2022,2496367.24,1119477.49,6.09556574333963,46.218745785816765
33335,47830,220203266,20220203,Dérapage ou perte de maîtrise,Collision avec un obstacle hors de la chaussée,"Vitesse - Inadaptée aux conditions de la route (mouillée, verglacée, gravillon, feuilles, etc.)",Dardagny,Nuit,Autre,Avec dommages matériels,2488318.443,1117117.432,Route humide,Route principale,190000.0,Jeudi,0,0,0,0,0,0,0,0,0,0,0,0,1,0,0,0,0.0,0.0,0,0,,,2022,2488318.44,1117117.43,5.991840865400621,46.196229936828075
33336,47831,220527111,20220502,Accident en parquant,Collision avec un autre usager de la route,Conduite - Marche arrière imprudente,Genève,Jour,Beau temps,Avec dommages matériels,2500008.97,1116845.971,Route sèche,Route principale,110000.0,Lundi,0,0,0,0,0,0,0,0,0,0,0,0,1,0,0,0,1.0,0.0,1,1,,,2022,2500008.97,1116845.97,6.143317642974791,46.19562862916265
33337,47832,220607004,20220606,Dérapage ou perte de maîtrise,Collision avec un obstacle hors de la chaussée,Inattention et distraction - Manque d'attention momentané,Vernier,Jour,Beau temps,Avec dommages matériels,2497536.145,1119670.0,Route sèche,Route secondaire,180000.0,Lundi,0,0,0,0,0,0,0,0,0,0,0,0,1,0,0,0,0.0,0.0,0,0,,,2022,2497536.14,1119670.0,6.110669486754353,46.22065651502883
33338,47833,220308102,20220303,Dérapage ou perte de maîtrise,Sans collision,Inattention et distraction - Manque d'attention momentané,Genève,Jour,Beau temps,Avec blessés graves,2498939.344,1118901.195,Route sèche,Route principale,80000.0,Jeudi,0,0,0,1,0,0,0,1,0,0,0,0,0,0,0,0,0.0,0.0,0,0,,,2022,2498939.34,1118901.2,6.1290187145190815,46.21395414349087
33339,47834,220606009,20220606,Dérapage ou perte de maîtrise,Collision avec un obstacle hors de la chaussée,Inattention et distraction - Manque d'attention momentané,Genève,Nuit,Beau temps,Avec dommages matériels,2498800.666,1117487.844,Route sèche,Route principale,10000.0,Lundi,0,0,0,0,0,0,0,0,0,0,0,0,1,0,0,0,0.0,0.0,0,0,,,2022,2498800.67,1117487.84,6.127528536699084,46.20122103422402
33340,47835,220919127,20220814,Accident en parquant,Avec violation de l'obligation de déclarer,Cause inconnue - Véhicule stationné (omission de la déclaration obligatoire),Genève,Nuit,Autre,Avec dommages matériels,2500546.003,1117826.488,Route sèche,Autre,220000.0,Dimanche,0,0,0,0,0,0,0,0,0,0,0,0,0,0,0,0,0.0,0.0,0,0,,,2022,2500546.0,1117826.49,6.150064411019305,46.204527456920275
33341,47836,220311125,20220309,Accident lors d'un dépassement ou lors d'un changement de voie de circulation,Collision lors du changement de voie vers la gauche,Conduite - Manque d'égards en changeant de voie,Genève,Jour,Beau temps,Avec dommages matériels,2501119.133,1117569.843,Route sèche,Route principale,140000.0,Mercredi,0,0,0,0,0,0,0,0,0,0,0,0,2,0,0,0,0.0,0.0,0,0,,,2022,2501119.13,1117569.84,6.157543252353795,46.202303596854996
33342,47837,220426334,20220426,Accident en quittant une route,"Collision en obliquant à droite avec les usagers d'une voie séparée, d'une piste séparée, d'une piste cyclable/voie piétonne séparée, des rails de tramway",Priorité - Autres attitude fautive en lien avec la priorité,Vernier,Jour,Beau temps,Avec blessés légers,2494962.322,1118691.677,Route sèche,Route principale,140000.0,Mardi,0,0,1,0,0,0,0,0,1,0,0,0,0,1,0,0,0.0,0.0,0,0,,,2022,2494962.32,1118691.68,6.077538524547566,46.21145990396772
33343,47838,220428125,20220423,Accident par tamponnement,Collision avec un véhicule en marche,"Conduite - Arrêt (freinage) sans raison sur la chaussée, arrêt intempestif",Genève,Jour,Beau temps,Avec dommages matériels,2500121.311,1118596.081,Route sèche,Route principale,190000.0,Samedi,0,0,0,0,0,0,0,0,0,0,0,0,2,0,0,0,0.0,0.0,0,0,,,2022,2500121.31,1118596.08,6.1443981738490745,46.21138646980888
33344,47839,220725122,20220725,Accident en parquant,Collision avec un obstacle fixe (y compris véhicule correctement stationné),Conduite - Marche arrière imprudente,Versoix,Jour,Beau temps,Avec dommages matériels,2501811.419,1126286.645,Route sèche,Route principale,80000.0,Lundi,0,0,0,0,0,0,0,0,0,0,0,0,0,1,0,0,0.0,0.0,0,0,,,2022,2501811.42,1126286.64,6.164674667111136,46.28080768820777
33345,47840,221014391,20221014,Accident en traversant une route,Collision avec le trafic traversant depuis la droite,Dépassement - Moto circulant entre les colonnes,Chêne-Bourg,Jour,Pluie,Avec blessés légers,2504317.217,1116604.515,Route mouillée,Route principale,170000.0,Vendredi,0,0,2,0,0,0,1,0,0,0,0,1,0,0,0,0,0.0,0.0,0,0,,,2022,2504317.22,1116604.52,6.199168629070846,46.19408387691527
33346,47841,221223096,20221218,Accident en quittant une route,Collision avec le trafic dans le même sens lors d'un demi-tour,Conduite - Demi-tour imprudent,Le Grand-Saconnex,Jour,Temps couvert,Avec blessés légers,2498496.452,1120426.742,Route humide,Route secondaire,160000.0,Dimanche,0,0,1,0,0,0,0,0,0,0,0,1,1,0,0,0,0.0,0.0,0,0,,,2022,2498496.45,1120426.74,6.12294848715699,46.22760862684811
33347,47842,220708241,20220708,Accident en quittant une route,Collision en obliquant à gauche avec le trafic venant en sens inverse,Priorité - Priorité en obliquant à gauche devant des véhicules venant en sens inverse,Le Grand-Saconnex,Jour,Beau temps,Avec blessés légers,2498110.13,1120799.565,Route sèche,Route principale,100000.0,Vendredi,0,0,1,0,0,0,0,0,1,0,0,0,1,0,0,0,0.0,0.0,1,0,,,2022,2498110.13,1120799.57,6.117860456396443,46.230903514616315
33348,47843,220722241,20220720,Accident par tamponnement,Collision avec un véhicule en marche,Conduite - Suivre de trop près le véhicule qui précède,Vernier,Jour,Beau temps,Avec dommages matériels,2496101.598,1119008.244,Route sèche,Autoroute,160000.0,Mercredi,0,0,0,0,0,0,0,0,0,0,0,0,2,0,0,0,0.0,0.0,0,0,,,2022,2496101.6,1119008.24,6.092228228444531,46.21448420548989
33349,47844,220120056,20220120,Accident lors d'un dépassement ou lors d'un changement de voie de circulation,Collision lors du changement de voie vers la gauche,Conduite - Manque d'égards en changeant de voie,Vernier,Aurore / crépuscule,Temps couvert,Avec blessés légers,2497453.746,1118075.28,Route sèche,Route principale,70000.0,Jeudi,0,0,1,0,0,0,0,0,0,0,0,1,1,0,0,0,0.0,0.0,0,0,,,2022,2497453.75,1118075.28,6.109952370758907,46.206300539932066
33350,47845,220911045,20220911,Accident en s'engageant sur une route,Collision en obliquant à gauche avec le trafic venant de gauche,Priorité - Priorité en obliquant à gauche devant des véhicules venant en sens inverse,Hermance,Jour,Beau temps,Avec blessés légers,2507822.983,1127702.419,Route sèche,Route principale,110000.0,Dimanche,0,0,1,0,0,0,1,0,0,0,0,0,1,0,0,0,0.0,0.0,1,0,,,2022,2507822.98,1127702.42,6.242380043940965,46.29439447937029
33351,47846,220702055,20220702,Autres,Autres,"Chargement ou passager du véhicule - Chute à l'intérieur du véhicule (dans le tramway, etc.)",Genève,Jour,Beau temps,Avec blessés légers,2498922.104,1117368.363,Route sèche,Route principale,120000.0,Samedi,0,0,2,0,0,0,0,0,0,0,0,0,0,0,0,1,0.0,0.0,0,1,,,2022,2498922.1,1117368.36,6.129127338059945,46.20016465902084
33352,47847,221214291,20221214,Accident en parquant,Autres cas d'accident en parquant,Utilisation du véhicule - Stationnement sans précautions suffisantes,Soral,Nuit,Temps couvert,Avec dommages matériels,2492460.396,1111084.226,Route humide,Route principale,190000.0,Mercredi,0,0,0,0,0,0,0,0,0,0,0,0,1,0,0,0,0.0,0.0,1,0,,,2022,2492460.4,1111084.23,6.046875672367256,46.14264158853712
33353,48099,220617010,20220617,Dérapage ou perte de maîtrise,Sans collision,Etat de la personne - Influence de l'alcool,Genève,Nuit,Beau temps,Avec blessés légers,2500038.975,1117491.621,Route sèche,Route principale,40000.0,Vendredi,0,0,1,0,0,0,0,0,0,0,0,0,1,0,0,0,0.0,0.0,0,0,,,2022,2500038.98,1117491.62,6.143568083399432,46.201440306100885
33354,48100,220504153,20220504,Accident en quittant une route,Collision en obliquant à gauche avec le trafic venant en sens inverse,Priorité - Priorité en obliquant à gauche devant des véhicules venant en sens inverse,Plan-les-Ouates,Jour,Beau temps,Avec blessés graves,2496933.226,1113637.161,Route sèche,Route principale,100000.0,Mercredi,0,0,0,1,0,0,1,0,0,0,0,0,1,0,0,0,0.0,0.0,0,0,,,2022,2496933.23,1113637.16,6.104188673483388,46.16630320638223
33355,48101,220316257,20220315,Accident en parquant,Collision avec un autre usager de la route,Conduite - Marche arrière imprudente,Genève,Jour,Beau temps,Avec dommages matériels,2500914.621,1117539.923,Route sèche,Autre,110000.0,Mardi,0,0,0,0,0,0,0,0,0,0,0,0,2,0,0,0,0.0,0.0,0,0,,,2022,2500914.62,1117539.92,6.154900439982323,46.20200437126599
33356,48102,220118317,20220118,Accident impliquant des piétons,Piéton touché par un véhicule venant face à lui sur sa droite,Conduite - Autre attitude fautive lors des mouvements dans la circulation,Genève,Nuit,Temps couvert,Avec blessés légers,2500454.003,1117964.595,Route sèche,Route principale,180000.0,Mardi,0,0,1,0,0,1,1,0,0,0,0,0,0,0,0,0,0.0,0.0,0,0,,,2022,2500454.0,1117964.59,6.148843166681743,46.205755963114605
33357,48103,220919317,20220919,Dérapage ou perte de maîtrise,"Lors de l'évitement, avec collision",Comportement du cycliste ou du cyclomotoriste - Emprunter un passage pour piétons pour traverser la route,Genève,Jour,Beau temps,Avec blessés graves,2498138.226,1119134.936,Route sèche,Route secondaire,180000.0,Lundi,0,0,0,1,0,0,0,0,0,0,0,1,0,0,0,1,0.0,0.0,0,1,,,2022,2498138.23,1119134.94,6.118588191368058,46.21593554082685
33358,48104,221203082,20221120,Dérapage ou perte de maîtrise,Collision avec un obstacle hors de la chaussée,Inattention et distraction - Manque d'attention momentané,Genève,Jour,Temps couvert,Avec dommages matériels,2501077.373,1117412.007,Route humide,Route principale,160000.0,Dimanche,0,0,0,0,0,0,0,0,0,0,0,0,1,0,0,0,0.0,0.0,0,0,,,2022,2501077.37,1117412.01,6.157035753867897,46.20087786747847
33359,48105,221028168,20221028,Accident impliquant des piétons,Piéton traversant la chaussée touché par un véhicule circulant en ligne droite,Comportement du piéton / du conducteur d'EAV - Traversée imprudente de la route,Le Grand-Saconnex,Jour,Beau temps,Avec blessés légers,2498891.499,1120512.245,Route sèche,Route principale,130000.0,Vendredi,0,0,1,0,0,1,0,0,0,0,0,0,1,0,0,0,0.0,0.0,0,0,,,2022,2498891.5,1120512.25,6.128049662489109,46.228437295126305
33360,48106,220415014,20220414,Accident par tamponnement,Collision avec un véhicule en marche,"Conduite - Arrêt (freinage) sans raison sur la chaussée, arrêt intempestif",Meyrin,Jour,Beau temps,Avec blessés graves,2496028.363,1120035.629,Route sèche,Route principale,160000.0,Jeudi,0,0,0,1,0,0,0,0,0,0,0,1,1,0,0,0,0.0,0.0,0,0,,,2022,2496028.36,1120035.63,6.091050314315882,46.22371351027074
33361,48107,220426244,20220425,Dérapage ou perte de maîtrise,"Lors de l'évitement, avec collision",Conduite - Manque d'égards en changeant de voie,Genève,Jour,Temps couvert,Avec dommages matériels,2501577.154,1117308.29,Route humide,Route principale,130000.0,Lundi,0,0,0,0,0,0,0,0,0,0,0,0,2,0,0,0,0.0,0.0,0,0,,,2022,2501577.15,1117308.29,6.163531472041547,46.200018326071
33362,48108,220201047,20220121,Dérapage ou perte de maîtrise,Collision avec un obstacle hors de la chaussée,Cause inconnue - Cause inconnue,Veyrier,Inconnu,Autre,Avec dommages matériels,2501407.299,1114611.839,Autre,Route principale,170000.0,Vendredi,0,0,0,0,0,0,0,0,0,0,0,0,0,0,0,0,0.0,0.0,0,0,,,2022,2501407.3,1114611.84,6.1619006405048165,46.1757404946866
33363,48109,220703001,20220702,Accident par tamponnement,"Collision avec un véhicule en marche, en reculant",Conduite - Marche arrière imprudente,Cologny,Nuit,Beau temps,Avec dommages matériels,2503358.936,1120405.419,Route sèche,Autre,230000.0,Samedi,0,0,0,0,0,0,0,0,0,0,0,0,2,0,0,0,0.0,0.0,0,0,,,2022,2503358.94,1120405.42,6.1859699082049495,46.22813382951415
33364,48110,221124131,20221118,Accident par tamponnement,Collision avec un véhicule en marche,Inattention et distraction - Manque d'attention momentané,Genève,Jour,Temps couvert,Avec dommages matériels,2499527.762,1118312.957,Route sèche,Route principale,150000.0,Vendredi,1,0,0,0,0,0,0,0,0,0,0,0,3,0,0,0,0.0,0.0,0,0,,,2022,2499527.76,1118312.96,6.136769203007232,46.20875152158228
33365,48111,221208227,20221208,Accident par tamponnement,Collision avec un véhicule en marche,Inattention et distraction - Manque d'attention momentané,Versoix,Aurore / crépuscule,Beau temps,Avec dommages matériels,2500384.378,1128143.866,Route sèche,Autoroute,160000.0,Jeudi,0,0,0,0,0,0,0,0,0,0,0,0,2,0,0,0,0.0,0.0,0,0,,,2022,2500384.38,1128143.87,6.14576491497758,46.29730210948115
33366,48112,221112036,20221024,Dérapage ou perte de maîtrise,Collision avec un obstacle sur la chaussée,Inattention et distraction - Manque d'attention momentané,Puplinge,Jour,Temps couvert,Avec dommages matériels,2506928.572,1118466.841,Route humide,Route secondaire,180000.0,Lundi,0,0,0,0,0,0,0,0,0,0,0,0,1,0,0,0,0.0,0.0,0,0,,,2022,2506928.57,1118466.84,6.232619361958589,46.211201154503236
33367,48113,220806041,20220801,Dérapage ou perte de maîtrise,Collision avec un obstacle hors de la chaussée,"Etat de la personne - Excès de fatigue, endormissement (y compris endormissement passager)",Genève,Aurore / crépuscule,Beau temps,Avec dommages matériels,2501032.248,1115681.889,Route sèche,Route principale,60000.0,Lundi,0,0,0,0,0,0,0,0,0,0,0,0,1,0,0,0,0.0,0.0,0,0,,,2022,2501032.25,1115681.89,6.156818013938079,46.18530985130981
33368,48114,220810192,20220808,Dérapage ou perte de maîtrise,Collision avec un obstacle sur la chaussée,Inattention et distraction - Manque d'attention momentané,Genève,Jour,Beau temps,Avec dommages matériels,2500403.672,1117292.106,Route sèche,Route principale,180000.0,Lundi,0,0,0,0,0,0,0,0,0,0,0,1,0,0,0,0,0.0,0.0,0,0,,,2022,2500403.67,1117292.11,6.148334659881403,46.19969996739994
33369,48115,220123002,20220122,Accident impliquant des piétons,Piéton touché par un véhicule obliquant à gauche,Priorité - Autres attitude fautive en lien avec la priorité,Genève,Nuit,Beau temps,Avec blessés graves,2500752.275,1116527.702,Route sèche,Route secondaire,210000.0,Samedi,0,0,0,1,0,1,0,0,0,0,0,0,1,0,0,0,0.0,0.0,0,0,,,2022,2500752.27,1116527.7,6.1530126079969,46.19287612450795
33370,48116,220729121,20220728,Accident lors d'un dépassement ou lors d'un changement de voie de circulation,Frôlement latéral avec le véhicule dépassé,Dépassement - En dépassant de trop près (latéral),Perly-Certoux,Jour,Beau temps,Avec dommages matériels,2496151.87,1113330.509,Route sèche,Route secondaire,170000.0,Jeudi,0,0,0,0,0,0,0,0,0,0,0,1,1,0,0,0,0.0,0.0,0,0,,,2022,2496151.87,1113330.51,6.094142108941239,46.16342494710301
33371,47579,220516323,20220401,Accident lors d'un dépassement ou lors d'un changement de voie de circulation,Collision avec le véhicule dépassé par la droite,Dépassement - Dépassement par la droite,Vernier,Jour,Beau temps,Avec dommages matériels,2497825.175,1118583.318,Route sèche,Route secondaire,110000.0,Vendredi,0,0,0,0,0,0,0,0,0,0,0,2,0,0,0,0,0.0,0.0,0,0,,,2022,2497825.18,1118583.32,6.114652847078554,46.21092657415936
33372,47580,220916003,20220915,Dérapage ou perte de maîtrise,Collision avec un obstacle sur la chaussée,Etat de la personne - Influence de l'alcool,Genève,Nuit,Beau temps,Avec blessés graves,2498563.952,1118213.782,Route sèche,Route principale,220000.0,Jeudi,0,0,0,1,0,0,1,0,0,0,0,0,0,0,0,0,0.0,0.0,0,0,,,2022,2498563.95,1118213.78,6.124304443938531,46.20771470503186
33373,47581,221015056,20221015,Dérapage ou perte de maîtrise,Sans collision,Etat de la personne - Influence de l'alcool,Bernex,Jour,Beau temps,Avec blessés légers,2494519.452,1113452.387,Route sèche,Route principale,110000.0,Samedi,0,0,1,0,0,0,0,1,0,0,0,0,0,0,0,0,0.0,0.0,0,0,,,2022,2494519.45,1113452.39,6.072984165292954,46.1642671891052
33374,47582,220606003,20220605,Dérapage ou perte de maîtrise,Sans collision,Etat de la personne - Influence de l'alcool,Genève,Nuit,Beau temps,Avec blessés graves,2498153.766,1118922.831,Route sèche,Route secondaire,230000.0,Dimanche,0,0,0,1,0,0,0,0,0,0,0,0,0,0,0,0,0.0,0.0,0,0,,,2022,2498153.77,1118922.83,6.118835843419003,46.214030108778154
33375,47583,220914028,20220913,Accident impliquant des piétons,Piéton traversant la chaussée touché par un véhicule circulant en ligne droite,Comportement du piéton / du conducteur d'EAV - Non-utilisation des aires de circulation destinées aux piétons et aux EAV,Genève,Jour,Beau temps,Avec blessés graves,2500509.954,1118870.53,Route sèche,Route principale,160000.0,Mardi,0,0,0,1,0,1,0,0,0,0,0,0,0,0,0,0,0.0,0.0,1,0,,,2022,2500509.95,1118870.53,6.149374818230177,46.21391261960371
33376,47584,221123289,20221123,Dérapage ou perte de maîtrise,Collision avec un obstacle sur la chaussée,"Etat de la personne - Excès de fatigue, endormissement (y compris endormissement passager)",Le Grand-Saconnex,Nuit,Pluie,Avec dommages matériels,2498820.108,1122259.393,Route mouillée,Autoroute,220000.0,Mercredi,0,0,0,0,0,0,0,0,0,0,0,0,1,0,0,0,0.0,0.0,0,0,,,2022,2498820.11,1122259.39,6.126745265315724,46.24414094228976
33377,47585,221111231,20221111,Accident lors d'un dépassement ou lors d'un changement de voie de circulation,Collision lors du changement de voie vers la droite,Conduite - Manque d'égards en changeant de voie,Plan-les-Ouates,Jour,Temps couvert,Avec dommages matériels,2497193.995,1113192.126,Route sèche,Autoroute,150000.0,Vendredi,0,0,0,0,0,0,0,0,0,0,0,0,1,0,1,0,0.0,0.0,0,0,,,2022,2497194.0,1113192.13,6.107662228626695,46.1623403841718
33378,47586,221213168,20221211,Accident en parquant,Collision avec un obstacle fixe (y compris véhicule correctement stationné),Inattention et distraction - Manque d'attention momentané,Genève,Nuit,Temps couvert,Avec dommages matériels,2498370.462,1118195.398,Route humide,Autre,20000.0,Dimanche,0,0,0,0,0,0,0,0,0,0,0,0,0,0,0,0,0.0,0.0,0,0,,,2022,2498370.46,1118195.4,6.1218018008613955,46.207520162306984
33379,47587,220405231,20220326,Accident en parquant,Collision avec un obstacle fixe (y compris véhicule correctement stationné),Conduite - Marche arrière imprudente,Genève,Jour,Beau temps,Avec dommages matériels,2501802.821,1117780.942,Route sèche,Route principale,130000.0,Samedi,0,0,0,0,0,0,0,0,0,0,0,0,1,0,0,0,0.0,0.0,0,0,,,2022,2501802.82,1117780.94,6.166355184181748,46.204302537321816
33380,47588,220323010,20220322,Accident en traversant une route,Collision avec le trafic traversant depuis la gauche,Priorité - Non-respect du signal de priorité «Cédez le passage»,Versoix,Nuit,Beau temps,Avec blessés légers,2500512.222,1126679.719,Route sèche,Route principale,190000.0,Mardi,0,0,1,0,0,0,0,1,0,0,0,0,1,0,0,0,0.0,0.0,1,0,,,2022,2500512.22,1126679.72,6.147736896353778,46.28415191327177
33381,47589,220510281,20220510,Accident impliquant des piétons,Piéton traversant la chaussée touché par un véhicule circulant en ligne droite,Priorité - Ne pas accorder la priorité à un passage pour piétons,Genève,Jour,Beau temps,Avec blessés graves,2500929.797,1117650.675,Route sèche,Route principale,140000.0,Mardi,0,0,0,1,0,1,0,0,0,0,0,0,0,0,0,0,0.0,0.0,1,0,,,2022,2500929.8,1117650.68,6.155073567205141,46.203002827464765
33382,47590,220726332,20220726,Accident lors d'un dépassement ou lors d'un changement de voie de circulation,Frôlement latéral avec le véhicule dépassé,Dépassement - En dépassant de trop près (latéral),Genève,Jour,Beau temps,Avec dommages matériels,2499805.588,1116698.334,Route sèche,Route secondaire,160000.0,Mardi,0,0,0,0,0,0,0,0,0,0,0,0,2,0,0,0,0.0,0.0,1,0,,,2022,2499805.59,1116698.33,6.140715131065669,46.194270422829135
33383,47591,221107334,20221107,Accident en parquant,Avec violation de l'obligation de déclarer,Cause inconnue - Véhicule stationné (omission de la déclaration obligatoire),Genève,Inconnu,Autre,Avec dommages matériels,2500260.774,1118412.153,Autre,Route principale,90000.0,Lundi,0,0,0,0,0,0,0,0,0,0,0,0,0,0,0,0,0.0,0.0,0,0,,,2022,2500260.77,1118412.15,6.146244311465474,46.20975284328205
33384,47592,220927321,20220922,Dérapage ou perte de maîtrise,Collision avec un obstacle hors de la chaussée,Inattention et distraction - Manque d'attention momentané,Genève,Jour,Beau temps,Avec dommages matériels,2498335.457,1119031.955,Route sèche,Route secondaire,150000.0,Jeudi,0,0,0,0,0,0,0,0,0,0,0,0,0,1,0,0,0.0,0.0,0,0,,,2022,2498335.46,1119031.95,6.121166116548738,46.21503907824789
33385,47593,221020134,20220909,Dérapage ou perte de maîtrise,Collision avec un obstacle sur la chaussée,Cause inconnue - Cause inconnue,Collonge-Bellerive,Jour,Beau temps,Avec dommages matériels,2504654.064,1124317.04,Route sèche,Autre,180000.0,Vendredi,0,0,0,0,0,0,0,0,0,0,0,0,1,0,0,0,0.0,0.0,0,0,,,2022,2504654.06,1124317.04,6.201954315145862,46.26350191058566
33386,47594,220422306,20220422,Dérapage ou perte de maîtrise,Collision avec un obstacle hors de la chaussée,Etat de la personne - Influence de l'alcool,Lancy,Jour,Beau temps,Avec dommages matériels,2498878.709,1114477.644,Route sèche,Route principale,190000.0,Vendredi,0,0,0,0,0,0,0,0,0,0,0,0,1,0,0,0,0.0,0.0,0,0,,,2022,2498878.71,1114477.64,6.129191205551324,46.17415802770452
33387,47595,220227036,20220223,Dérapage ou perte de maîtrise,Collision avec un obstacle hors de la chaussée,"Etat de la personne - Excès de fatigue, endormissement (y compris endormissement passager)",Genève,Nuit,Beau temps,Avec dommages matériels,2499497.306,1117128.856,Route sèche,Route principale,10000.0,Mercredi,0,0,0,0,0,0,0,0,0,0,0,0,1,0,0,0,0.0,0.0,0,0,,,2022,2499497.31,1117128.86,6.136629684906937,46.19809675028763
33388,47596,220428228,20220428,Accident en quittant une route,Collision en obliquant à gauche avec le trafic dans le même sens,Priorité - Autres attitude fautive en lien avec la priorité,Carouge (GE),Jour,Beau temps,Avec blessés légers,2500045.434,1115294.006,Route sèche,Route principale,160000.0,Jeudi,0,0,1,0,0,0,0,1,0,0,0,1,0,0,0,0,0.0,0.0,0,0,,,2022,2500045.43,1115294.01,6.144122053639975,46.181675156240985
33389,47848,220521093,20220521,Dérapage ou perte de maîtrise,Collision avec un obstacle hors de la chaussée,Etat de la personne - Influence de l'alcool,Dardagny,Nuit,Beau temps,Avec blessés graves,2489424.856,1115759.212,Route sèche,Route principale,200000.0,Samedi,0,0,0,1,0,0,1,0,0,0,0,0,0,0,0,0,0.0,0.0,0,0,,,2022,2489424.86,1115759.21,6.006492641730726,46.184196848467764
33390,47849,220203155,20220121,Accident par tamponnement,Collision avec véhicule à l'arrêt,Conduite - Suivre de trop près le véhicule qui précède,Genève,Aurore / crépuscule,Beau temps,Avec dommages matériels,2499863.826,1117323.766,Route sèche,Route principale,60000.0,Vendredi,0,0,0,0,0,0,0,0,0,0,0,0,0,1,0,0,0.0,0.0,0,0,,,2022,2499863.83,1117323.77,6.141335290100276,46.19990453462557
33391,47850,221203101,20221203,Accident par tamponnement,Collision avec un véhicule en marche,Etat de la personne - Influence de l'alcool,Genève,Nuit,Beau temps,Avec dommages matériels,2500921.333,1117784.003,Route sèche,Route principale,220000.0,Samedi,0,0,0,0,0,0,0,0,0,0,0,0,2,0,0,0,0.0,0.0,1,0,,,2022,2500921.33,1117784.0,6.154935546812558,46.20420071151041
33392,47851,221019135,20221018,Accident par tamponnement,Collision avec véhicule à l'arrêt,"Inattention et distraction - Distraction par le maniement d'appareils techniques dans la voiture (radio, système de navigation, chauffage, etc.)",Collex-Bossy,Aurore / crépuscule,Beau temps,Avec dommages matériels,2499785.409,1125337.885,Route sèche,Autoroute,180000.0,Mardi,0,0,0,0,0,0,0,0,0,0,0,0,1,1,0,0,0.0,0.0,1,0,,,2022,2499785.41,1125337.89,6.138596755048303,46.27197485585113
33393,47852,220309103,20220309,Dérapage ou perte de maîtrise,Collision avec un obstacle en manoeuvrant,Conduite - Marche arrière imprudente,Genève,Nuit,Beau temps,Avec dommages matériels,2500227.033,1118443.982,Route sèche,Route secondaire,20000.0,Mercredi,0,0,0,0,0,0,0,0,0,0,0,0,1,0,0,0,0.0,0.0,0,0,,,2022,2500227.03,1118443.98,6.1458003884847425,46.21003412679115
33394,47853,220826026,20220823,Accident en parquant,Collision avec un obstacle fixe (y compris véhicule correctement stationné),Conduite - Marche arrière imprudente,Genève,Jour,Beau temps,Avec dommages matériels,2499166.535,1118094.851,Route sèche,Route secondaire,120000.0,Mardi,0,0,0,0,0,0,0,0,0,0,0,0,1,0,0,0,0.0,0.0,1,0,,,2022,2499166.54,1118094.85,6.132136657401822,46.206735672365525
33395,47854,221004273,20221004,Accident en quittant une route,Collision en obliquant à gauche avec le trafic venant en sens inverse,Signalisation - Inobservation d'un signal,Genève,Jour,Temps couvert,Avec blessés légers,2500035.661,1118568.387,Route sèche,Route secondaire,120000.0,Mardi,0,0,1,0,0,0,0,0,0,0,0,1,1,0,0,0,0.0,0.0,0,0,,,2022,2500035.66,1118568.39,6.143294438026298,46.211124682353834