,OBJECTID,ID_ACCIDENT,DATE_,GROUPE_ACCIDENT,TYPE,CAUSE,COMMUNE,CONDITIONS_LUMINEUSES,CONDITIONS_METEO,CONSEQUENCES,COOR_X,COOR_Y,ETAT_ROUTE,GENRE_ROUTE,HEURE,JOUR,NB_ENFANTS_IMPLIQUES,NB_ENFANTS_ECOLE,NB_BLESSES_LEGERS,NB_BLESSES_GRAVES,NB_TUES,NB_PIETONS,NB_BICYCLETTES,NB_VAE_25,NB_VAE_45,NB_CYCLOMOTEURS,NB_MOTOS_50,NB_MOTOS,NB_VOITURES_TOURISME,NB_VOITURES_LIVRAISON,NB_CAMIONS,NB_BUS,NB_TRAM,NB_TRAINS,NB_SENIORS,NB_TC,REF_GROUPE_CAUSE,TOTAL_PERSONNES,ANNEE,E,N,LATITUDE,LONGITUDE
33396,47855,220517330,20220513,Dérapage ou perte de maîtrise,Collision avec un obstacle sur la chaussée,Inattention et distraction - Manque d'attention momentané,Genève,Aurore / crépuscule,Beau temps,Avec dommages matériels,2500224.724,1118740.834,Route sèche,Route secondaire,200000.0,Vendredi,0,0,0,0,0,0,0,0,0,0,0,0,1,1,0,0,0.0,0.0,0,0,,,2022,2500224.72,1118740.83,6.145706985498732,46.212703765163425
33397,47856,220815354,20220626,Accident en traversant une route,Collision avec le trafic traversant depuis la droite,Priorité - Non-respect de la priorité de droite,Genève,Nuit,Beau temps,Avec dommages matériels,2500627.5,1118513.895,Route sèche,Route secondaire,40000.0,Dimanche,0,0,0,0,0,0,0,0,0,0,0,0,2,0,0,0,0.0,0.0,0,0,,,2022,2500627.5,1118513.89,6.150973806431494,46.21072225164579
33398,47857,220413004,20220412,Dérapage ou perte de maîtrise,Collision avec un obstacle hors de la chaussée,Inattention et distraction - Manque d'attention momentané,Carouge (GE),Jour,Temps couvert,Avec blessés graves,2500168.016,1115256.481,Route humide,Route principale,200000.0,Mardi,0,0,0,1,0,0,0,0,0,0,0,1,0,0,0,0,0.0,0.0,0,0,,,2022,2500168.02,1115256.48,6.145717465700943,46.1813558077063
33399,47858,220209030,20220208,Accident en s'engageant sur une route,Collision en obliquant à gauche avec le trafic venant de droite,Priorité - Non-respect de la priorité de droite,Genève,Jour,Beau temps,Avec blessés graves,2500794.815,1117144.018,Route sèche,Route principale,160000.0,Mardi,0,0,0,1,0,0,0,0,0,0,0,1,1,0,0,0,0.0,0.0,0,0,,,2022,2500794.82,1117144.02,6.153432732221533,46.19842582416472
33400,47859,220310224,20220208,Accident lors d'un dépassement ou lors d'un changement de voie de circulation,Frôlement latéral avec le véhicule sur la voie voisine,Dépassement - En dépassant de trop près (latéral),Carouge (GE),Jour,Beau temps,Avec dommages matériels,2499596.349,1115193.585,Route sèche,Route principale,160000.0,Mardi,0,0,0,0,0,0,0,0,0,0,0,0,1,0,0,1,0.0,0.0,1,1,,,2022,2499596.35,1115193.59,6.138328607890718,46.180705044879815
33401,47860,220430022,20220430,Accident en parquant,Collision avec un obstacle fixe (y compris véhicule correctement stationné),Etat de la personne - Influence de l'alcool,Genève,Aurore / crépuscule,Beau temps,Avec dommages matériels,2498942.317,1118738.223,Route sèche,Route principale,60000.0,Samedi,0,0,0,0,0,0,0,0,0,0,0,0,1,0,0,0,0.0,0.0,0,0,,,2022,2498942.32,1118738.22,6.129092624763574,46.21248869274634
33402,47861,220512183,20220505,Accident par tamponnement,Collision avec un véhicule en marche,Inattention et distraction - Manque d'attention momentané,Genève,Jour,Pluie,Avec dommages matériels,2500493.558,1116979.08,Route mouillée,Route principale,90000.0,Jeudi,0,0,0,0,0,0,0,0,0,0,0,0,1,0,0,1,0.0,0.0,0,1,,,2022,2500493.56,1116979.08,6.149565735610458,46.19689776795957
33403,47862,220312088,20220312,Accident en s'engageant sur une route,Collision en obliquant à gauche avec le trafic venant de droite,Priorité - Non-respect du signal de priorité «Stop»,Genève,Jour,Beau temps,Avec dommages matériels,2501489.296,1117505.971,Route sèche,Route principale,90000.0,Samedi,0,0,0,0,0,0,0,0,0,0,0,0,3,0,0,0,0.0,0.0,1,0,,,2022,2501489.3,1117505.97,6.162351815541935,46.20178347238005
33404,47863,220908047,20220901,Dérapage ou perte de maîtrise,Collision avec un obstacle en manoeuvrant,Conduite - Demi-tour imprudent,Vernier,Jour,Beau temps,Avec dommages matériels,2495049.191,1119019.344,Route sèche,Route secondaire,110000.0,Jeudi,0,0,0,0,0,0,0,0,0,0,0,0,0,0,0,0,0.0,0.0,0,0,,,2022,2495049.19,1119019.34,6.078590285117097,46.214420529795426
33405,47864,220405280,20220329,Accident en parquant,Collision avec un obstacle fixe (y compris véhicule correctement stationné),Conduite - Marche arrière imprudente,Meyrin,Jour,Temps couvert,Avec dommages matériels,2495348.875,1121669.007,Route sèche,Route secondaire,120000.0,Mardi,0,0,0,0,0,0,0,0,0,0,0,0,0,1,0,0,0.0,0.0,0,0,,,2022,2495348.88,1121669.01,6.081878614696505,46.23829908798074
33406,47865,221106040,20221020,Accident lors d'un dépassement ou lors d'un changement de voie de circulation,Collision lors du changement de voie vers la gauche,Conduite - Manque d'égards en changeant de voie,Genève,Jour,Temps couvert,Avec dommages matériels,2500792.754,1117698.488,Route mouillée,Route principale,160000.0,Jeudi,0,0,0,0,0,0,0,0,0,0,0,0,3,1,0,0,0.0,0.0,1,0,,,2022,2500792.75,1117698.49,6.153288076549814,46.20341263711146
33407,48117,220212079,20220212,Accident en traversant une route,Collision avec le trafic traversant depuis la gauche,Signalisation lumineuse - Non-respect d'un feu rouge,Genève,Jour,Beau temps,Avec blessés légers,2500462.503,1116927.236,Route sèche,Route principale,140000.0,Samedi,0,0,1,0,0,0,0,1,0,0,0,0,1,0,0,0,0.0,0.0,0,0,,,2022,2500462.5,1116927.24,6.149174486368788,46.19642690147734
33408,48118,220912287,20220912,Accident en traversant une route,Collision avec le trafic traversant depuis la gauche,Priorité - Non-respect du signal de priorité «Cédez le passage»,Meyrin,Jour,Beau temps,Avec blessés légers,2493778.854,1120751.27,Route sèche,Route principale,120000.0,Lundi,0,0,1,0,0,0,1,0,0,0,0,0,1,0,0,0,0.0,0.0,1,0,,,2022,2493778.85,1120751.27,6.061736929218336,46.229798326349425
33409,48119,220812016,20220802,Dérapage ou perte de maîtrise,Sans collision,Etat de la personne - Influence de l'alcool,Dardagny,Nuit,Beau temps,Avec blessés légers,2489155.598,1115288.86,Route sèche,Route secondaire,40000.0,Mardi,0,0,1,0,0,0,1,0,0,0,0,0,0,0,0,0,0.0,0.0,0,0,,,2022,2489155.6,1115288.86,6.0031176051311315,46.17992215507885
33410,48120,221017005,20221016,Accident en quittant une route,Collision en obliquant à gauche avec le trafic venant en sens inverse,Priorité - Priorité en obliquant à gauche devant des véhicules venant en sens inverse,Genève,Nuit,Temps couvert,Avec dommages matériels,2501223.336,1117796.176,Route sèche,Route principale,220000.0,Dimanche,0,0,0,0,0,0,0,0,0,0,0,0,2,0,0,0,0.0,0.0,0,0,,,2022,2501223.34,1117796.18,6.158845259487269,46.204354709900386
33411,48121,230114063,20221227,Dérapage ou perte de maîtrise,Collision avec un obstacle hors de la chaussée,Dépassement - En dépassant de trop près (latéral),Genève,Jour,Temps couvert,Avec dommages matériels,2500287.709,1118276.762,Route sèche,Route principale,100000.0,Mardi,0,0,0,0,0,0,0,0,0,0,0,0,0,0,0,0,0.0,0.0,0,0,,,2022,2500287.71,1118276.76,6.146622261614192,46.208539091379805
33412,48122,220627332,20220627,Dérapage ou perte de maîtrise,Collision avec un obstacle hors de la chaussée,Etat de la personne - Influence de stupéfiants,Genève,Jour,Temps couvert,Avec dommages matériels,2501613.974,1117825.349,Route sèche,Route principale,140000.0,Lundi,0,0,0,0,0,0,0,0,0,0,0,0,1,0,0,0,0.0,0.0,0,0,,,2022,2501613.97,1117825.35,6.163899419356465,46.204674364638514
33413,48123,220131297,20220131,Accident lors d'un dépassement ou lors d'un changement de voie de circulation,Collision avec le véhicule dépassé par la droite,Etat de la personne - Influence de l'alcool,Plan-les-Ouates,Jour,Pluie,Avec dommages matériels,2496561.001,1112880.902,Route mouillée,Route principale,160000.0,Lundi,0,0,0,0,0,0,0,0,0,0,0,0,2,0,0,0,0.0,0.0,0,0,,,2022,2496561.0,1112880.9,6.099537504108968,46.15944406774913
33414,48124,221021190,20221021,Dérapage ou perte de maîtrise,Sans collision,Etat de la personne - Influence de l'alcool,Genève,Jour,Temps couvert,Avec blessés légers,2500122.83,1117741.155,Route mouillée,Route principale,100000.0,Vendredi,0,0,1,0,0,0,0,1,0,0,0,0,0,0,0,0,0.0,0.0,0,0,,,2022,2500122.83,1117741.16,6.144600836043503,46.2036972249387
33415,48125,220626004,20220625,Accident impliquant des piétons,Autre cas d'accident impliquant des piétons,Comportement du piéton / du conducteur d'EAV - Traversée imprudente de la route,Genève,Aurore / crépuscule,Beau temps,Avec blessés légers,2500489.753,1118247.989,Route sèche,Route principale,60000.0,Samedi,0,0,1,0,0,1,0,0,0,0,0,0,1,0,0,0,0.0,0.0,0,0,,,2022,2500489.75,1118247.99,6.149245861474044,46.208310264703954
33416,48126,220517383,20220516,Accident en parquant,Collision avec un obstacle fixe (y compris véhicule correctement stationné),Conduite - Marche arrière imprudente,Genève,Jour,Beau temps,Avec dommages matériels,2500106.98,1118278.979,Route sèche,Route principale,140000.0,Lundi,0,0,0,0,0,0,0,0,0,0,0,0,0,1,0,0,0.0,0.0,0,0,,,2022,2500106.98,1118278.98,6.144280398822865,46.20853222381938
33417,48127,220827067,20220827,Dérapage ou perte de maîtrise,Sans collision,Etat de la personne - Influence de l'alcool,Chêne-Bougeries,Jour,Beau temps,Avec blessés graves,2502683.824,1117632.065,Route sèche,Route principale,130000.0,Samedi,0,0,0,1,0,0,1,0,0,0,0,0,0,0,0,0,0.0,0.0,0,0,,,2022,2502683.82,1117632.07,6.1777989185108,46.20309165886009
33418,48128,220604050,20220512,Accident lors d'un dépassement ou lors d'un changement de voie de circulation,Collision lors du changement de voie vers la droite,Conduite - Manque d'égards en changeant de voie,Vernier,Jour,Beau temps,Avec dommages matériels,2497747.746,1118609.74,Route sèche,Route principale,60000.0,Jeudi,0,0,0,0,0,0,0,0,0,0,0,0,1,0,1,0,0.0,0.0,0,0,,,2022,2497747.75,1118609.74,6.113643901389125,46.211152429086724
33419,48129,220520239,20220520,Accident en s'engageant sur une route,Collision en obliquant à gauche avec le trafic venant de gauche,Priorité - Autres attitude fautive en lien avec la priorité,Chêne-Bourg,Jour,Beau temps,Avec blessés légers,2504382.29,1116874.661,Route sèche,Autre,180000.0,Vendredi,0,0,2,0,0,0,1,0,1,0,0,0,0,0,0,0,0.0,0.0,0,0,,,2022,2504382.29,1116874.66,6.199956080920612,46.19652290084021
33420,48130,220920002,20220919,Collision frontale,Collision frontale avec le trafic venant en sens inverse (sans dépassement),Inattention et distraction - Manque d'attention momentané,Genève,Jour,Beau temps,Avec blessés graves,2499153.439,1117754.528,Route sèche,Route principale,180000.0,Lundi,0,0,0,1,0,0,0,0,0,0,0,1,1,0,0,0,0.0,0.0,0,0,,,2022,2499153.44,1117754.53,6.132040485854506,46.20367274990714
33421,48131,220703011,20220703,Accident en traversant une route,Collision avec le trafic traversant depuis la gauche,Signalisation lumineuse - Non-respect d'un feu rouge,Genève,Nuit,Beau temps,Avec blessés légers,2500805.443,1117329.456,Route sèche,Route principale,0.0,Dimanche,0,0,2,0,0,0,0,0,0,0,0,1,1,0,0,0,0.0,0.0,0,0,,,2022,2500805.44,1117329.46,6.153530886044519,46.20009531050859
33422,48132,220929292,20220929,Accident en traversant une route,Collision avec le trafic traversant depuis la droite,Priorité - Non-respect de la priorité de droite,Genève,Jour,Pluie,Avec blessés graves,2500297.194,1117100.573,Route mouillée,Route secondaire,130000.0,Jeudi,0,0,0,1,0,0,0,0,0,0,0,1,1,0,0,0,0.0,0.0,0,0,,,2022,2500297.19,1117100.57,6.146996325452977,46.19796140120009
33423,48133,220605033,20220604,Dérapage ou perte de maîtrise,Collision avec un obstacle hors de la chaussée,Inattention et distraction - Manque d'attention momentané,Genève,Jour,Beau temps,Avec dommages matériels,2500008.668,1116852.383,Route sèche,Route principale,160000.0,Samedi,0,0,0,0,0,0,0,0,0,0,0,0,1,0,0,0,0.0,0.0,0,0,,,2022,2500008.67,1116852.38,6.143312384512644,46.19568623843723
33424,48134,221215306,20221215,Dérapage ou perte de maîtrise,Collision avec un obstacle hors de la chaussée,Inattention et distraction - Manque d'attention momentané,Genève,Jour,Pluie,Avec dommages matériels,2498732.209,1119352.912,Route mouillée,Route secondaire,160000.0,Jeudi,0,0,0,0,0,0,0,0,0,0,0,0,1,0,0,0,0.0,0.0,0,0,,,2022,2498732.21,1119352.91,6.126237003929644,46.217985801225296
33425,47597,220508029,20220419,Accident impliquant des piétons,Autre cas d'accident impliquant des piétons,Conduite - Marche arrière imprudente,Collonge-Bellerive,Jour,Beau temps,Avec blessés légers,2504264.17,1121638.783,Route sèche,Route principale,140000.0,Mardi,0,0,1,0,0,1,0,0,0,0,0,0,1,0,0,0,0.0,0.0,0,0,,,2022,2504264.17,1121638.78,6.197448397056772,46.23935685717255
33426,47598,220626013,20220626,Accident par tamponnement,Collision avec véhicule à l'arrêt,Etat de la personne - Influence de l'alcool,Bernex,Aurore / crépuscule,Temps couvert,Avec dommages matériels,2495756.742,1115020.286,Route sèche,Route principale,50000.0,Dimanche,0,0,0,0,0,0,0,0,0,0,0,0,2,0,0,0,0.0,0.0,0,0,,,2022,2495756.74,1115020.29,6.088650494129454,46.17856213999837
33427,47599,220510161,20220510,Accident en traversant une route,Collision avec le trafic traversant depuis la droite,Priorité - Non-respect du signal de priorité «Stop»,Genève,Jour,Beau temps,Avec blessés graves,2500232.492,1117038.209,Route sèche,Route principale,80000.0,Mardi,0,0,1,1,0,0,0,0,0,0,0,2,0,0,0,0,0.0,0.0,0,0,,,2022,2500232.49,1117038.21,6.146171615369838,46.197390913662794
33428,47600,220616049,20220616,Accident en s'engageant sur une route,Collision en obliquant à gauche avec le trafic venant de gauche,Priorité - Non-respect du signal de priorité «Stop»,Genève,Jour,Beau temps,Avec blessés légers,2498771.711,1118403.229,Route sèche,Route principale,70000.0,Jeudi,0,0,1,0,0,0,0,0,0,0,0,1,1,0,0,0,0.0,0.0,0,0,,,2022,2498771.71,1118403.23,6.126954863628849,46.20945000359052
33429,47601,221223008,20221223,Dérapage ou perte de maîtrise,Collision avec un obstacle hors de la chaussée,Inattention et distraction - Manque d'attention momentané,Anières,Nuit,Pluie,Avec tués,2507439.121,1124983.105,Route mouillée,Route principale,20000.0,Vendredi,0,0,0,0,1,0,0,0,0,0,0,0,1,0,0,0,0.0,0.0,0,0,,,2022,2507439.12,1124983.11,6.237939982734498,46.269882624553375
33430,47602,220324236,20220324,Accident en s'engageant sur une route,Collision en obliquant à droite avec le trafic venant de gauche,Priorité - Non-respect du signal de priorité «Stop»,Genève,Jour,Beau temps,Avec dommages matériels,2501485.409,1117512.874,Route sèche,Route principale,140000.0,Jeudi,0,0,0,0,0,0,0,0,0,0,0,0,2,0,0,0,0.0,0.0,0,0,,,2022,2501485.41,1117512.87,6.162299969705269,46.20184496371232
33431,47603,220826088,20220825,Accident en parquant,Avec violation de l'obligation de déclarer,Cause inconnue - Véhicule stationné (omission de la déclaration obligatoire),Genève,Inconnu,Autre,Avec dommages matériels,2499079.889,1118040.524,Autre,Route principale,220000.0,Jeudi,0,0,0,0,0,0,0,0,0,0,0,0,0,0,0,0,0.0,0.0,0,0,,,2022,2499079.89,1118040.52,6.131025880899208,46.20623400553582
33432,47604,220102007,20220102,Dérapage ou perte de maîtrise,Collision avec un obstacle sur la chaussée,Etat de la personne - Influence de l'alcool,Genève,Nuit,Autre,Avec dommages matériels,2500425.194,1120080.0,Route sèche,Route principale,40000.0,Dimanche,0,0,0,0,0,0,0,0,0,0,0,0,1,0,0,0,0.0,0.0,0,0,,,2022,2500425.19,1120080.0,6.148018450769257,46.22477850757848
33433,47605,220905005,20220902,Accident en traversant une route,Autre cas d'accident en traversant une route,Comportement du cycliste ou du cyclomotoriste - Emprunter un passage pour piétons pour traverser la route,Genève,Jour,Beau temps,Avec dommages matériels,2501047.085,1117611.002,Route sèche,Route principale,170000.0,Vendredi,0,0,0,0,0,0,0,0,0,0,0,0,1,0,0,0,0.0,0.0,0,0,,,2022,2501047.09,1117611.0,6.156601340572793,46.202663205599606
33434,47606,220725013,20220724,Accident par tamponnement,Collision avec véhicule à l'arrêt,Inattention et distraction - Manque d'attention momentané,Genève,Jour,Beau temps,Avec blessés légers,2501535.132,1118169.726,Route sèche,Route principale,180000.0,Dimanche,0,0,1,0,0,0,0,0,0,0,0,1,2,0,0,0,0.0,0.0,0,0,,,2022,2501535.13,1118169.73,6.16280544343398,46.20776031484563
33435,47607,220123036,20220122,Accident en parquant,Collision avec un autre usager de la route,Conduite - Marche arrière imprudente,Genève,Jour,Beau temps,Avec dommages matériels,2500346.753,1118236.239,Route sèche,Route principale,150000.0,Samedi,0,0,0,0,0,0,0,0,0,0,0,0,2,0,0,0,0.0,0.0,0,0,,,2022,2500346.75,1118236.24,6.147395788142772,46.20818339491938
33436,47608,220609239,20220609,Dérapage ou perte de maîtrise,Collision avec un obstacle hors de la chaussée,Inattention et distraction - Manque d'attention momentané,Bernex,Jour,Beau temps,Avec dommages matériels,2494527.427,1114648.768,Route sèche,Route principale,140000.0,Jeudi,0,0,0,0,0,0,0,0,0,0,0,0,1,0,0,0,0.0,0.0,0,0,,,2022,2494527.43,1114648.77,6.072817454360732,46.1750289434802
33437,47609,220426371,20220426,Accident lors d'un dépassement ou lors d'un changement de voie de circulation,Collision lors du changement de voie vers la droite,Conduite - Manque d'égards en changeant de voie,Genève,Jour,Beau temps,Avec dommages matériels,2499825.367,1116718.154,Route sèche,Route principale,170000.0,Mardi,0,0,0,0,0,0,0,0,0,0,0,0,2,0,0,0,0.0,0.0,1,0,,,2022,2499825.37,1116718.15,6.140967064529903,46.194451638513314
33438,47610,220908002,20220907,Accident impliquant des piétons,Piéton traversant la chaussée touché par un véhicule circulant en ligne droite,Etat de la personne - Influence de l'alcool,Genève,Jour,Beau temps,Avec blessés graves,2499650.933,1117493.18,Route sèche,Route principale,180000.0,Mercredi,1,0,1,1,0,2,0,0,0,0,0,0,1,0,0,0,0.0,0.0,0,0,,,2022,2499650.93,1117493.18,6.138541156501416,46.201396523241584
33439,47611,220428011,20220420,Accident par tamponnement,Collision avec véhicule à l'arrêt,Etat de la personne - Influence de l'alcool,Genève,Jour,Beau temps,Avec dommages matériels,2499530.582,1118228.409,Route sèche,Route principale,150000.0,Mercredi,0,0,0,0,0,0,0,0,0,0,0,0,1,0,0,0,0.0,0.0,0,0,,,2022,2499530.58,1118228.41,6.136823939759952,46.20799146992073
33440,47612,220817280,20220817,Accident lors d'un dépassement ou lors d'un changement de voie de circulation,Frôlement latéral avec le véhicule dépassé,Dépassement - En dépassant de trop près (latéral),Genève,Jour,Beau temps,Avec dommages matériels,2499607.225,1117964.494,Route humide,Route secondaire,180000.0,Mercredi,0,0,0,0,0,0,0,0,0,0,0,0,2,0,0,0,0.0,0.0,0,0,,,2022,2499607.23,1117964.49,6.13787371589142,46.20562913056644
33441,47613,221028001,20221027,Accident impliquant des piétons,Piéton traversant la chaussée touché par un véhicule circulant en ligne droite,Priorité - Ne pas accorder la priorité à un passage pour piétons,Lancy,Aurore / crépuscule,Beau temps,Avec blessés légers,2498078.849,1114728.205,Route sèche,Route secondaire,190000.0,Jeudi,0,0,1,0,0,1,0,0,0,0,0,0,1,0,0,0,0.0,0.0,0,0,,,2022,2498078.85,1114728.2,6.118780824282867,46.17629090991008
33442,47614,220609004,20220609,Accident en traversant une route,Collision avec le trafic traversant depuis la gauche,Priorité - Non-respect du signal de priorité «Stop»,Le Grand-Saconnex,Nuit,Pluie,Avec blessés légers,2497608.761,1120182.119,Route mouillée,Route principale,0.0,Jeudi,0,0,1,0,0,0,0,0,0,0,0,1,1,0,0,0,0.0,0.0,0,0,,,2022,2497608.76,1120182.12,6.1114980705019555,46.225273753946254
33443,47866,221009038,20221008,Accident par tamponnement,Collision avec véhicule à l'arrêt,Conduite - Suivre de trop près le véhicule qui précède,Genève,Jour,Beau temps,Avec dommages matériels,2501014.73,1117573.475,Route sèche,Route principale,140000.0,Samedi,0,0,0,0,0,0,0,0,0,0,0,0,1,1,0,0,0.0,0.0,0,0,,,2022,2501014.73,1117573.48,6.156190112419855,46.202320971675114
33444,47867,220521068,20220521,Dérapage ou perte de maîtrise,Collision avec un obstacle hors de la chaussée,Inattention et distraction - Manque d'attention momentané,Plan-les-Ouates,Jour,Beau temps,Avec dommages matériels,2496743.809,1113237.427,Route sèche,Autoroute,90000.0,Samedi,0,0,0,0,0,0,0,0,0,0,0,0,1,0,0,0,0.0,0.0,0,0,,,2022,2496743.81,1113237.43,6.101824933100201,46.162678877161795
33445,47868,220604075,20220604,Accident en s'engageant sur une route,Collision en obliquant à gauche avec le trafic venant de gauche,Etat de la personne - Influence de l'alcool,Genève,Jour,Beau temps,Avec blessés légers,2498900.442,1117334.458,Route sèche,Route principale,170000.0,Samedi,0,0,1,0,0,0,0,1,0,0,0,0,0,0,0,1,0.0,0.0,0,1,,,2022,2498900.44,1117334.46,6.1288541151403555,46.199856493809776
33446,47869,221107013,20221106,Dérapage ou perte de maîtrise,Collision avec un obstacle sur la chaussée,Inattention et distraction - Manque d'attention momentané,Lancy,Nuit,Beau temps,Avec dommages matériels,2498869.455,1115072.094,Route sèche,Route principale,60000.0,Dimanche,0,0,0,0,0,0,0,0,0,0,0,0,1,0,0,0,0.0,0.0,0,0,,,2022,2498869.45,1115072.09,6.128942642154777,46.17950331536404
33447,47870,220207010,20220207,Dérapage ou perte de maîtrise,Collision avec un obstacle sur la chaussée,"Vitesse - Inadaptée aux conditions de la route (mouillée, verglacée, gravillon, feuilles, etc.)",Plan-les-Ouates,Nuit,Pluie,Avec blessés graves,2497023.342,1114045.072,Route mouillée,Route principale,40000.0,Lundi,0,0,0,1,0,0,0,0,0,0,0,1,0,0,0,0,0.0,0.0,0,0,,,2022,2497023.34,1114045.07,6.105265270756256,46.16998586378466
33448,47871,221216223,20221215,Accident en traversant une route,Collision avec le trafic traversant depuis la droite,Priorité - Non-respect du signal de priorité «Stop»,Genève,Jour,Pluie,Avec dommages matériels,2499001.952,1116562.137,Route mouillée,Route secondaire,160000.0,Jeudi,0,0,0,0,0,0,0,0,0,0,0,0,2,0,0,0,0.0,0.0,0,0,,,2022,2499001.95,1116562.14,6.130336057503704,46.192925241011594
33449,47872,220525232,20220521,Accident lors d'un dépassement ou lors d'un changement de voie de circulation,Collision lors du changement de voie vers la gauche,Conduite - Manque d'égards en changeant de voie,Genève,Nuit,Beau temps,Avec dommages matériels,2499729.827,1118375.278,Route sèche,Route principale,10000.0,Samedi,1,0,0,0,0,0,0,0,0,0,0,0,2,0,0,0,0.0,0.0,0,0,,,2022,2499729.83,1118375.28,6.139373670574165,46.20934222503768
33450,47873,221018364,20221018,Accident impliquant des piétons,Autre cas d'accident impliquant des piétons,Comportement du cycliste ou du cyclomotoriste - Circuler le long du trottoir ou de la voie piétonne malgré l'interdiction,Genève,Jour,Beau temps,Avec blessés légers,2500633.129,1117560.742,Route sèche,Route secondaire,170000.0,Mardi,1,0,1,0,0,1,0,1,0,0,0,0,0,0,0,0,0.0,0.0,0,0,,,2022,2500633.13,1117560.74,6.151249689852674,46.20215008448346
33451,47874,221018361,20221017,Accident impliquant des piétons,Piéton touché par un véhicule venant face à lui sur sa droite,Inattention et distraction - Distraction par le maniement du téléphone,Chêne-Bourg,Jour,Beau temps,Avec blessés légers,2504029.279,1116900.155,Route sèche,Route secondaire,120000.0,Lundi,0,0,1,0,0,1,0,1,0,0,0,0,0,0,0,0,0.0,0.0,1,0,,,2022,2504029.28,1116900.16,6.1953784964611245,46.19670195872286
33452,47875,220425360,20220425,Dérapage ou perte de maîtrise,Collision avec un obstacle hors de la chaussée,Etat de la personne - Influence de l'alcool,Russin,Jour,Temps couvert,Avec dommages matériels,2489987.484,1116232.0,Route humide,Route principale,160000.0,Lundi,0,0,0,0,0,0,0,0,0,0,0,0,1,0,0,0,0.0,0.0,1,0,,,2022,2489987.48,1116232.0,6.013666652626838,46.18854144493833
33453,47876,221207300,20221207,Accident en traversant une route,Collision avec le trafic traversant depuis la droite,Conduite - Autre attitude fautive lors des mouvements dans la circulation,Genève,Nuit,Temps couvert,Avec blessés légers,2499896.502,1116753.021,Route sèche,Route principale,180000.0,Mercredi,0,0,1,0,0,0,0,0,0,0,0,1,1,0,0,0,0.0,0.0,0,0,,,2022,2499896.5,1116753.02,6.141880850560788,46.19477586633295
33454,47877,220405119,20220321,Accident lors d'un dépassement ou lors d'un changement de voie de circulation,Collision lors du changement de voie vers la droite,Conduite - Manque d'égards en changeant de voie,Genève,Nuit,Beau temps,Avec dommages matériels,2500879.127,1117427.947,Route sèche,Route principale,230000.0,Lundi,0,0,0,0,0,0,0,0,0,0,0,0,2,0,0,0,0.0,0.0,1,0,,,2022,2500879.13,1117427.95,6.154464492439468,46.20099203727919
33455,47878,220709014,20220709,Dérapage ou perte de maîtrise,Sans collision,Etat de la personne - Influence de l'alcool,Genève,Nuit,Beau temps,Avec blessés légers,2499798.937,1117794.557,Route sèche,Route principale,10000.0,Samedi,0,0,1,0,0,0,0,1,0,0,0,0,0,0,0,0,0.0,0.0,0,0,,,2022,2499798.94,1117794.56,6.14039369903576,46.20412932276009
33456,47879,220505207,20220504,Accident lors d'un dépassement ou lors d'un changement de voie de circulation,Collision lors du changement de voie vers la gauche,Conduite - Manque d'égards en changeant de voie,Bellevue,Jour,Beau temps,Avec dommages matériels,2499513.359,1122790.095,Route sèche,Autoroute,60000.0,Mercredi,0,0,0,0,0,0,0,0,0,0,0,0,2,0,0,0,0.0,0.0,1,0,,,2022,2499513.36,1122790.09,6.135617861723481,46.24901832050037
33457,47880,220725171,20220714,Accident en parquant,Collision avec un obstacle fixe (y compris véhicule correctement stationné),Conduite - Marche arrière imprudente,Cologny,Jour,Beau temps,Avec dommages matériels,2502433.29,1118757.871,Route sèche,Route secondaire,180000.0,Jeudi,0,0,0,0,0,0,0,0,0,0,0,0,1,0,0,0,0.0,0.0,0,0,,,2022,2502433.29,1118757.87,6.174318186268092,46.21318127235937
33458,47881,221001007,20220929,Accident lors d'un dépassement ou lors d'un changement de voie de circulation,Frôlement latéral avec le véhicule sur la voie voisine,Dépassement - En dépassant de trop près (latéral),Genève,Jour,Beau temps,Avec dommages matériels,2499026.038,1118979.642,Route sèche,Route principale,180000.0,Jeudi,0,0,0,0,0,0,0,0,0,0,0,1,1,0,0,0,0.0,0.0,0,0,,,2022,2499026.04,1118979.64,6.13012505996439,46.214672691529614
33459,47882,220916010,20220916,Dérapage ou perte de maîtrise,Collision avec un obstacle hors de la chaussée,Vitesse - Supérieure à la vitesse maximale générale ou signalée (route),Lancy,Nuit,Beau temps,Avec dommages matériels,2498471.498,1114191.979,Route sèche,Route secondaire,0.0,Vendredi,0,0,0,0,0,0,0,0,0,0,0,0,1,0,0,0,0.0,0.0,0,0,,,2022,2498471.5,1114191.98,6.123981151889291,46.17152736426912