,OBJECTID,ID_ACCIDENT,DATE_,GROUPE_ACCIDENT,TYPE,CAUSE,COMMUNE,CONDITIONS_LUMINEUSES,CONDITIONS_METEO,CONSEQUENCES,COOR_X,COOR_Y,ETAT_ROUTE,GENRE_ROUTE,HEURE,JOUR,NB_ENFANTS_IMPLIQUES,NB_ENFANTS_ECOLE,NB_BLESSES_LEGERS,NB_BLESSES_GRAVES,NB_TUES,NB_PIETONS,NB_BICYCLETTES,NB_VAE_25,NB_VAE_45,NB_CYCLOMOTEURS,NB_MOTOS_50,NB_MOTOS,NB_VOITURES_TOURISME,NB_VOITURES_LIVRAISON,NB_CAMIONS,NB_BUS,NB_TRAM,NB_TRAINS,NB_SENIORS,NB_TC,REF_GROUPE_CAUSE,TOTAL_PERSONNES,ANNEE,E,N,LATITUDE,LONGITUDE
33460,47883,220929175,20220929,Accident en quittant une route,Collision en obliquant à gauche avec le trafic venant en sens inverse,Inattention et distraction - Manque d'attention momentané,Cologny,Jour,Temps couvert,Avec blessés graves,2502514.339,1117994.5,Route humide,Route principale,100000.0,Jeudi,0,0,0,1,0,0,0,0,0,0,0,1,0,0,0,0,0.0,0.0,0,0,,,2022,2502514.34,1117994.5,6.175527778848377,46.206326953314004
33461,48135,220607351,20220604,Dérapage ou perte de maîtrise,Collision avec un obstacle hors de la chaussée,Inattention et distraction - Manque d'attention momentané,Satigny,Aurore / crépuscule,Beau temps,Avec dommages matériels,2492607.331,1119901.025,Route sèche,Route principale,50000.0,Samedi,0,0,0,0,0,0,0,0,0,0,0,0,1,0,0,0,0.0,0.0,0,0,,,2022,2492607.33,1119901.02,6.046749863727761,46.22196479572074
33462,48136,220406232,20220406,Accident en s'engageant sur une route,Collision en s'engageant depuis le bord de la route,Priorité - Autres attitude fautive en lien avec la priorité,Le Grand-Saconnex,Jour,Beau temps,Avec blessés graves,2498011.518,1120734.938,Route sèche,Route principale,130000.0,Mercredi,0,0,0,1,0,0,0,0,0,0,0,1,1,0,0,0,0.0,0.0,1,0,,,2022,2498011.52,1120734.94,6.116596565749758,46.23030724994991
33463,48137,221028059,20221028,Dérapage ou perte de maîtrise,Collision avec un obstacle hors de la chaussée,Inattention et distraction - Manque d'attention momentané,Meyrin,Jour,Temps couvert,Avec blessés légers,2494345.361,1120726.952,Route sèche,Route principale,80000.0,Vendredi,0,0,1,0,0,0,0,1,0,0,0,0,0,0,0,0,0.0,0.0,1,0,,,2022,2494345.36,1120726.95,6.069084421044784,46.22966890421843
33464,48138,220704225,20220704,Accident lors d'un dépassement ou lors d'un changement de voie de circulation,Collision lors du changement de voie vers la droite,Conduite - Manque d'égards en changeant de voie,Genève,Jour,Beau temps,Avec dommages matériels,2499765.905,1117435.378,Route sèche,Route principale,100000.0,Lundi,0,0,0,0,0,0,0,0,0,0,0,0,2,0,0,0,0.0,0.0,3,0,,,2022,2499765.91,1117435.38,6.14004295660208,46.20089380279295
33465,48139,220920328,20220920,Accident en quittant une route,"Collision en obliquant à droite avec les usagers d'une voie séparée, d'une piste séparée, d'une piste cyclable/voie piétonne séparée, des rails de tramway",Priorité - Autres attitude fautive en lien avec la priorité,Le Grand-Saconnex,Jour,Beau temps,Avec blessés légers,2498566.204,1121572.275,Route sèche,Route principale,100000.0,Mardi,0,0,1,0,0,0,0,0,0,0,0,1,1,0,0,0,0.0,0.0,0,0,,,2022,2498566.2,1121572.27,6.12360320991463,46.2379224523754
33466,48140,220501011,20220501,Dérapage ou perte de maîtrise,Collision avec un obstacle sur la chaussée,Etat de la personne - Influence de l'alcool,Carouge (GE),Nuit,Beau temps,Avec blessés légers,2499545.228,1115631.636,Route sèche,Route secondaire,50000.0,Dimanche,0,0,2,0,0,0,0,0,0,0,0,0,1,0,0,0,0.0,0.0,0,0,,,2022,2499545.23,1115631.64,6.137572471809247,46.18463738578999
33467,48141,220621375,20220617,Accident en parquant,Collision avec un obstacle fixe (y compris véhicule correctement stationné),Inattention et distraction - Manque d'attention momentané,Genève,Jour,Beau temps,Avec dommages matériels,2501095.991,1117405.19,Route sèche,Route principale,130000.0,Vendredi,0,0,0,0,0,0,0,0,0,0,0,0,0,1,0,0,0.0,0.0,0,0,,,2022,2501095.99,1117405.19,6.15727839085443,46.200819265429985
33468,48142,220130066,20220130,Dérapage ou perte de maîtrise,Collision avec un obstacle hors de la chaussée,Etat de la personne - Influence de l'alcool,Genève,Jour,Beau temps,Avec blessés légers,2499377.812,1118591.277,Route sèche,Route secondaire,80000.0,Dimanche,0,0,1,0,0,0,0,0,0,0,0,0,0,0,0,0,0.0,0.0,0,0,,,2022,2499377.81,1118591.28,6.134766556626626,46.211232400268365
33469,48143,220830324,20220830,Accident impliquant des piétons,Piéton traversant la chaussée touché par un véhicule circulant en ligne droite,Priorité - Ne pas accorder la priorité à un passage pour piétons,Genève,Jour,Temps couvert,Avec blessés légers,2498621.935,1119030.968,Route mouillée,Route principale,170000.0,Mardi,0,0,1,0,0,1,0,0,0,0,0,0,1,0,0,0,0.0,0.0,0,0,,,2022,2498621.93,1119030.97,6.1248780246988,46.2150735363525
33470,48144,221110002,20221008,Accident en parquant,Collision avec un obstacle fixe (y compris véhicule correctement stationné),Inattention et distraction - Manque d'attention momentané,Gy,Jour,Beau temps,Avec dommages matériels,2508748.691,1122848.902,Route sèche,Route secondaire,100000.0,Samedi,0,0,0,0,0,0,0,0,0,0,0,0,0,1,0,0,0.0,0.0,0,0,,,2022,2508748.69,1122848.9,6.255343351480943,46.25086555044282
33471,48145,220516379,20220508,Dérapage ou perte de maîtrise,Collision avec un obstacle hors de la chaussée,Inattention et distraction - Manque d'attention momentané,Genève,Jour,Beau temps,Avec dommages matériels,2498046.17,1118491.564,Route sèche,Route principale,70000.0,Dimanche,0,0,0,0,0,0,0,0,0,0,0,0,1,0,0,0,0.0,0.0,0,0,,,2022,2498046.17,1118491.56,6.117535967801899,46.21013481232323
33472,48146,220826230,20220826,Accident en parquant,Collision avec un obstacle fixe (y compris véhicule correctement stationné),Etat de la personne - Influence de l'alcool,Genève,Jour,Beau temps,Avec dommages matériels,2501839.094,1117660.329,Route sèche,Route secondaire,160000.0,Vendredi,0,0,0,0,0,0,0,0,0,0,0,0,1,0,0,0,0.0,0.0,0,0,,,2022,2501839.09,1117660.33,6.166850399907955,46.203223018476145
33473,48147,220702076,20220702,Accident par tamponnement,Collision avec un véhicule en marche,Etat de la personne - Influence de l'alcool,Genève,Jour,Beau temps,Avec blessés légers,2501666.862,1116410.806,Route sèche,Route principale,180000.0,Samedi,0,0,1,0,0,0,1,0,0,0,0,0,1,0,0,0,0.0,0.0,1,0,,,2022,2501666.86,1116410.81,6.164882534404774,46.19195915384745
33474,48148,220108027,20220103,Accident en quittant une route,Collision en obliquant à droite avec le trafic dans le même sens,Priorité - Non-respect de la priorité de droite,Genève,Jour,Beau temps,Avec dommages matériels,2499562.756,1118477.99,Route sèche,Route principale,130000.0,Lundi,0,0,0,0,0,0,0,0,1,0,0,0,0,1,0,0,0.0,0.0,0,0,,,2022,2499562.76,1118477.99,6.137187114971916,46.210241091905
33475,48149,221015049,20220917,Accident en parquant,Avec violation de l'obligation de déclarer,Cause inconnue - Véhicule stationné (omission de la déclaration obligatoire),Genève,Jour,Beau temps,Avec dommages matériels,2499481.63,1116213.057,Route sèche,Route secondaire,170000.0,Samedi,0,0,0,0,0,0,0,0,0,0,0,0,0,0,0,0,0.0,0.0,0,0,,,2022,2499481.63,1116213.06,6.136623745546163,46.18985737713105
33476,48150,220120163,20220120,Accident en parquant,Collision avec un obstacle fixe (y compris véhicule correctement stationné),Cause inconnue - Cause inconnue,Genève,Inconnu,Autre,Avec dommages matériels,2500289.091,1118716.778,Autre,Route principale,90000.0,Jeudi,0,0,0,0,0,0,0,0,0,0,0,0,0,0,0,0,0.0,0.0,0,0,,,2022,2500289.09,1118716.78,6.146546113438733,46.212497003096246
33477,48151,220427151,20220422,Accident en quittant une route,"Collision en obliquant à droite avec les usagers d'une voie séparée, d'une piste séparée, d'une piste cyclable/voie piétonne séparée, des rails de tramway",Priorité - Autres attitude fautive en lien avec la priorité,Genève,Jour,Beau temps,Avec blessés graves,2500269.534,1118928.646,Route sèche,Route principale,70000.0,Vendredi,0,0,0,1,0,0,0,0,1,0,0,0,1,0,0,0,0.0,0.0,0,0,,,2022,2500269.53,1118928.65,6.146247404343252,46.214399740352505
33478,48152,220318076,20220114,Accident en parquant,Collision avec un obstacle fixe (y compris véhicule correctement stationné),Conduite - Marche arrière imprudente,Lancy,Jour,Beau temps,Avec dommages matériels,2497401.661,1116142.871,Route sèche,Route secondaire,150000.0,Vendredi,0,0,0,0,0,0,0,0,0,0,0,0,1,0,0,0,0.0,0.0,0,0,,,2022,2497401.66,1116142.87,6.109702246344454,46.188911909033024
33479,47615,220329188,20220329,Accident en parquant,Avec violation de l'obligation de déclarer,Cause inconnue - Véhicule stationné (omission de la déclaration obligatoire),Vernier,Inconnu,Autre,Avec dommages matériels,2497770.0,1119571.0,Autre,Autre,90000.0,Mardi,0,0,0,0,0,0,0,0,0,0,0,0,0,0,0,0,0.0,0.0,0,0,,,2022,2497770.0,1119571.0,6.113721534187029,46.21980169348348
33480,47616,220312012,20220311,Accident impliquant des piétons,Autre cas d'accident impliquant des piétons,Conduite - Marche arrière imprudente,Genève,Jour,Beau temps,Avec blessés légers,2501192.909,1117412.483,Route sèche,Autre,100000.0,Vendredi,0,0,1,0,0,1,0,0,0,0,0,0,1,0,0,0,0.0,0.0,2,0,,,2022,2501192.91,1117412.48,6.158532288317409,46.20089908696742
33481,47617,220807019,20220807,Collision frontale,Collision frontale avec le trafic venant en sens inverse (sans dépassement),Inattention et distraction - Manque d'attention momentané,Genève,Nuit,Beau temps,Avec blessés légers,2500739.545,1117397.396,Route sèche,Route secondaire,30000.0,Dimanche,0,0,1,0,0,0,0,0,0,0,0,0,2,0,0,0,0.0,0.0,0,0,,,2022,2500739.55,1117397.4,6.152662953924595,46.20069666351922
33482,47618,221209003,20221209,Accident impliquant des piétons,Piéton traversant la chaussée touché par un véhicule circulant en ligne droite,Comportement du piéton / du conducteur d'EAV - Traversée imprudente de la route,Genève,Nuit,Pluie,Avec blessés légers,2500125.706,1118607.186,Route mouillée,Route principale,0.0,Vendredi,0,0,1,0,0,1,0,0,0,0,0,0,1,0,0,0,0.0,0.0,0,0,,,2022,2500125.71,1118607.19,6.144452801550626,46.21148705116417
33483,47619,221024006,20221024,Accident en parquant,Collision avec un obstacle fixe (y compris véhicule correctement stationné),Conduite - Marche arrière imprudente,Genève,Nuit,Temps couvert,Avec dommages matériels,2500323.587,1118548.645,Route humide,Route secondaire,20000.0,Lundi,0,0,0,0,0,0,0,0,0,0,0,0,1,0,0,0,0.0,0.0,0,0,,,2022,2500323.59,1118548.64,6.147029017931529,46.21098980525173
33484,47620,220727058,20220727,Dérapage ou perte de maîtrise,Collision avec un obstacle hors de la chaussée,Inattention et distraction - Manque d'attention momentané,Chêne-Bougeries,Jour,Beau temps,Avec blessés graves,2504012.516,1117906.194,Route sèche,Route principale,80000.0,Mercredi,0,0,0,1,0,0,1,0,0,0,0,0,0,0,0,0,0.0,0.0,0,0,,,2022,2504012.52,1117906.19,6.194954529344951,46.20574826720843
33485,47621,220524006,20220519,Accident en parquant,Avec violation de l'obligation de déclarer,Cause inconnue - Véhicule stationné (omission de la déclaration obligatoire),Genève,Inconnu,Autre,Avec dommages matériels,2501569.325,1118005.533,Autre,Route principale,180000.0,Jeudi,0,0,0,0,0,0,0,0,0,0,0,0,0,0,0,0,0.0,0.0,0,0,,,2022,2501569.32,1118005.53,6.163283008798323,46.20628844049522
33486,47622,220627089,20220326,Accident en parquant,Avec violation de l'obligation de déclarer,Cause inconnue - Véhicule stationné (omission de la déclaration obligatoire),Meyrin,Inconnu,Autre,Avec dommages matériels,2495369.0,1120617.0,Autre,Route principale,80000.0,Samedi,0,0,0,0,0,0,0,0,0,0,0,0,0,0,0,0,0.0,0.0,0,0,,,2022,2495369.0,1120617.0,6.08237549444394,46.228840164556516
33487,47623,221015011,20221015,Dérapage ou perte de maîtrise,Collision avec un obstacle sur la chaussée,Etat de la personne - Influence de l'alcool,Genève,Nuit,Temps couvert,Avec blessés légers,2498733.596,1119340.476,Route humide,Route principale,10000.0,Samedi,0,0,1,0,0,0,1,0,0,0,0,0,0,0,0,0,0.0,0.0,0,0,,,2022,2498733.6,1119340.48,6.126257712926959,46.21787421097407
33488,47624,221211023,20221210,Accident lors d'un dépassement ou lors d'un changement de voie de circulation,Collision lors du changement de voie vers la droite,Conduite - Manque d'égards en changeant de voie,Meyrin,Jour,Temps couvert,Avec dommages matériels,2494065.191,1120851.275,Route sèche,Route principale,120000.0,Samedi,0,0,0,0,0,0,0,0,0,0,0,0,2,0,0,0,0.0,0.0,0,0,,,2022,2494065.19,1120851.27,6.065425180865375,46.23074295435509
33489,47625,220815251,20220814,Accident par tamponnement,Collision avec véhicule à l'arrêt,Inattention et distraction - Manque d'attention momentané,Genève,Nuit,Beau temps,Avec dommages matériels,2498842.168,1117217.397,Route sèche,Route secondaire,10000.0,Dimanche,0,0,0,0,0,0,0,0,0,0,0,1,1,0,0,0,0.0,0.0,0,0,,,2022,2498842.17,1117217.4,6.128124706885511,46.19879485086195
33490,47626,220414251,20220406,Accident lors d'un dépassement ou lors d'un changement de voie de circulation,Collision lors du changement de voie vers la droite,Conduite - Manque d'égards en changeant de voie,Le Grand-Saconnex,Jour,Beau temps,Avec dommages matériels,2497353.307,1120735.049,Route sèche,Route principale,160000.0,Mercredi,0,0,0,0,0,0,0,0,0,0,0,0,2,0,0,0,0.0,0.0,1,0,,,2022,2497353.31,1120735.05,6.108065974141651,46.230208006837394
33491,47627,220603018,20220602,Collision frontale,Frôlement avec le trafic en sens inverse (sans dépassement),Dépassement - En dépassant de trop près (latéral),Genève,Jour,Beau temps,Avec dommages matériels,2498053.108,1119428.101,Route sèche,Route principale,170000.0,Jeudi,0,0,0,0,0,0,0,0,0,0,0,0,2,0,0,0,0.0,0.0,0,0,,,2022,2498053.11,1119428.1,6.117421240087744,46.21855941144507
33492,47628,220322056,20220321,Accident par tamponnement,Collision avec un véhicule en marche,Conduite - Suivre de trop près le véhicule qui précède,Vernier,Jour,Beau temps,Avec dommages matériels,2495118.548,1118869.839,Route sèche,Route principale,120000.0,Lundi,0,0,0,0,0,0,0,0,0,0,0,0,0,2,0,0,0.0,0.0,0,0,,,2022,2495118.55,1118869.84,6.079522545615661,46.213086716137575
33493,47629,220623344,20220623,Dérapage ou perte de maîtrise,Collision avec un obstacle hors de la chaussée,Inattention et distraction - Manque d'attention momentané,Collonge-Bellerive,Jour,Beau temps,Avec blessés graves,2504195.129,1121568.855,Route sèche,Route principale,120000.0,Jeudi,0,0,0,1,0,0,1,0,0,0,0,0,0,0,0,0,0.0,0.0,0,0,,,2022,2504195.13,1121568.86,6.196567827118555,46.23871812011228
33494,47630,220529040,20220512,Dérapage ou perte de maîtrise,Collision avec un obstacle sur la chaussée,Signalisation - Autre attitude fautive en lien avec de la signalisation,Meyrin,Jour,Beau temps,Avec dommages matériels,2495720.444,1120165.895,Route sèche,Route principale,130000.0,Jeudi,0,0,0,0,0,0,0,0,0,0,0,0,0,0,1,0,0.0,0.0,0,0,,,2022,2495720.44,1120165.89,6.0870309714143644,46.224837391663485
33495,47631,220314299,20220314,Accident par tamponnement,Collision avec véhicule à l'arrêt,"Inattention et distraction - Distraction par le maniement d'appareils techniques dans la voiture (radio, système de navigation, chauffage, etc.)",Genève,Jour,Beau temps,Avec blessés légers,2499856.582,1118022.322,Route sèche,Route principale,110000.0,Lundi,0,0,1,0,0,0,0,0,0,0,0,0,1,1,0,0,0.0,0.0,0,0,,,2022,2499856.58,1118022.32,6.141091503356694,46.206186469295254
33496,47632,221006220,20221006,Accident lors d'un dépassement ou lors d'un changement de voie de circulation,Collision avec le véhicule dépassé par la droite,Dépassement - Dépassement par la droite,Genève,Jour,Beau temps,Avec blessés graves,2498738.212,1118266.811,Route sèche,Route secondaire,100000.0,Jeudi,0,0,0,1,0,0,0,0,0,0,0,1,1,0,0,0,0.0,0.0,1,0,,,2022,2498738.21,1118266.81,6.126550462173089,46.20821794950574
33497,47884,220822320,20220712,Collision frontale,Frôlement avec le trafic en sens inverse (sans dépassement),Signalisation - Inobservation d'un signal,Meinier,Jour,Beau temps,Avec dommages matériels,2505596.298,1121493.452,Route sèche,Route secondaire,180000.0,Mardi,0,0,0,0,0,0,0,0,0,0,0,0,2,0,0,0,0.0,0.0,0,0,,,2022,2505596.3,1121493.45,6.214745822461749,46.238238214593224
33498,47885,220927245,20220921,Accident impliquant des piétons,Piéton traversant la chaussée touché par un véhicule circulant en ligne droite,Priorité - Ne pas accorder la priorité à un passage pour piétons,Genève,Jour,Autre,Avec blessés graves,2500665.032,1116905.258,Autre,Route principale,110000.0,Mercredi,0,0,0,1,0,1,0,0,0,0,0,0,0,0,0,0,0.0,0.0,1,0,,,2022,2500665.03,1116905.26,6.151802393748266,46.1962591599952
33499,47886,221215034,20221210,Dérapage ou perte de maîtrise,Collision avec un obstacle hors de la chaussée,"Etat de la personne - Excès de fatigue, endormissement (y compris endormissement passager)",Genève,Nuit,Beau temps,Avec dommages matériels,2499998.282,1118444.18,Route sèche,Autre,10000.0,Samedi,0,0,0,0,0,0,0,0,0,0,0,0,1,0,0,0,0.0,0.0,0,0,,,2022,2499998.28,1118444.18,6.142836770363041,46.21000193078709
33500,47887,221028156,20220914,Accident en parquant,Avec violation de l'obligation de déclarer,Cause inconnue - Véhicule stationné (omission de la déclaration obligatoire),Genève,Inconnu,Autre,Avec dommages matériels,2499816.882,1116681.531,Autre,Route principale,210000.0,Mercredi,0,0,0,0,0,0,0,0,0,0,0,0,0,0,0,0,0.0,0.0,0,0,,,2022,2499816.88,1116681.53,6.140864961253899,46.19412099995227
33501,47888,220726345,20220726,Dérapage ou perte de maîtrise,Collision avec un obstacle sur la chaussée,Inattention et distraction - Manque d'attention momentané,Lancy,Jour,Beau temps,Avec blessés légers,2497301.516,1116697.129,Route sèche,Route principale,170000.0,Mardi,0,0,1,0,0,0,0,0,0,0,0,0,1,0,0,0,0.0,0.0,1,0,,,2022,2497301.52,1116697.13,6.108283494698426,46.1938818018506
33502,47889,220624186,20220621,Accident en parquant,Collision avec un obstacle fixe (y compris véhicule correctement stationné),Inattention et distraction - Manque d'attention momentané,Genève,Jour,Autre,Avec dommages matériels,2500493.753,1117825.864,Route sèche,Autre,210000.0,Mardi,0,0,0,0,0,0,0,0,0,0,0,0,1,0,0,0,0.0,0.0,0,0,,,2022,2500493.75,1117825.86,6.149387686952033,46.20451405791328
33503,47890,221221156,20221220,Accident en parquant,Avec violation de l'obligation de déclarer,Cause inconnue - Véhicule stationné (omission de la déclaration obligatoire),Genève,Inconnu,Autre,Avec dommages matériels,2500056.025,1117214.038,Autre,Route principale,90000.0,Mardi,0,0,0,0,0,0,0,0,0,0,0,0,0,0,0,0,0.0,0.0,0,0,,,2022,2500056.02,1117214.04,6.143848241871709,46.198946182454115
33504,47891,221116191,20221103,Accident par tamponnement,"Collision avec véhicule à l'arrêt, en reculant","Utilisation du véhicule - Manouvres incorrectes dans le véhicule (confusion frein - accélérateur, glisser de la pédale de frein dans les véhicules à transmission automatique, etc.)",Genève,Jour,Pluie,Avec dommages matériels,2500134.579,1118470.474,Route mouillée,Route principale,140000.0,Jeudi,0,0,0,0,0,0,0,0,0,0,0,0,0,1,1,0,0.0,0.0,0,0,,,2022,2500134.58,1118470.47,6.144596980952702,46.21025865804041
33505,47892,220128101,20220111,Dérapage ou perte de maîtrise,Collision avec un obstacle en manoeuvrant,Conduite - Marche arrière imprudente,Vernier,Jour,Beau temps,Avec dommages matériels,2495565.702,1119388.307,Route sèche,Route principale,150000.0,Mardi,0,0,0,0,0,0,0,0,0,0,0,0,1,0,0,0,0.0,0.0,0,0,,,2022,2495565.7,1119388.31,6.085199805325767,46.217819599121704
33506,47893,220703009,20220703,Accident par tamponnement,Collision avec un véhicule en marche,Etat de la personne - Influence de l'alcool,Genève,Nuit,Beau temps,Avec blessés légers,2499746.374,1117956.746,Route sèche,Route principale,10000.0,Dimanche,0,0,2,0,0,0,0,0,0,0,0,0,2,1,0,0,0.0,0.0,0,0,,,2022,2499746.37,1117956.75,6.139677862566654,46.20558028048672
33507,47894,220628326,20220627,Dérapage ou perte de maîtrise,Collision avec un autre usager de la route,"Utilisation du véhicule - Manouvres incorrectes dans le véhicule (confusion frein - accélérateur, glisser de la pédale de frein dans les véhicules à transmission automatique, etc.)",Genève,Jour,Beau temps,Avec blessés graves,2500200.791,1118606.193,Route sèche,Route secondaire,150000.0,Lundi,0,0,1,1,0,2,0,0,0,0,0,0,1,0,0,0,0.0,0.0,1,0,,,2022,2500200.79,1118606.19,6.145425742388262,46.21148920918927
33508,47895,221213220,20221212,Dérapage ou perte de maîtrise,Collision avec un obstacle hors de la chaussée,Inattention et distraction - Manque d'attention momentané,Carouge (GE),Aurore / crépuscule,Temps couvert,Avec dommages matériels,2499872.129,1114935.073,Route verglacée,Route secondaire,170000.0,Lundi,0,0,0,0,0,0,0,0,0,0,0,0,1,0,0,0,0.0,0.0,0,0,,,2022,2499872.13,1114935.07,6.141954966955319,46.178420941111135
33509,47896,220922062,20220922,Accident en quittant une route,Collision en obliquant à gauche avec le trafic dans le même sens,Priorité - Autres attitude fautive en lien avec la priorité,Lancy,Jour,Beau temps,Avec blessés légers,2499197.933,1114269.0,Route sèche,Route secondaire,80000.0,Jeudi,0,0,1,0,0,0,0,0,0,0,0,1,1,0,0,0,0.0,0.0,0,0,,,2022,2499197.93,1114269.0,6.133369144358962,46.172329367532605
33510,47897,220923038,20220923,Dérapage ou perte de maîtrise,Collision avec un obstacle hors de la chaussée,"Etat de la personne - Excès de fatigue, endormissement (y compris endormissement passager)",Genève,Nuit,Temps couvert,Avec dommages matériels,2500739.162,1118558.862,Route humide,Route principale,60000.0,Vendredi,0,0,0,0,0,0,0,0,0,0,0,0,1,0,0,0,0.0,0.0,0,0,,,2022,2500739.16,1118558.86,6.152410874712407,46.21114322884629
33511,47898,221029018,20221023,Accident en parquant,Collision avec un obstacle fixe (y compris véhicule correctement stationné),Conduite - Marche arrière imprudente,Genève,Nuit,Beau temps,Avec dommages matériels,2501149.523,1117524.002,Route sèche,Route secondaire,10000.0,Dimanche,0,0,0,0,0,0,0,0,0,0,0,0,1,0,0,0,0.0,0.0,0,0,,,2022,2501149.52,1117524.0,6.157946623883803,46.201895763204014
33512,47899,220714212,20220629,Accident par tamponnement,Collision avec véhicule à l'arrêt,Inattention et distraction - Manque d'attention momentané,Lancy,Jour,Autre,Avec dommages matériels,2499220.935,1114623.218,Autre,Route principale,170000.0,Mercredi,0,0,0,0,0,0,0,0,0,0,0,2,0,0,0,0,0.0,0.0,0,0,,,2022,2499220.93,1114623.22,6.133590514407374,46.17551878853088
33513,47900,220118005,20220117,Dérapage ou perte de maîtrise,"Dérapage au cours d'un dépassement, sans collision",Influence externe - Autre influence externe momentanée,Le Grand-Saconnex,Jour,Pluie givrante,Avec blessés graves,2498020.523,1121486.813,Route verglacée,Autre,80000.0,Lundi,0,0,0,1,0,0,0,0,0,0,0,0,0,0,0,0,0.0,0.0,0,0,,,2022,2498020.52,1121486.81,6.116548752170689,46.23707118458602
33514,48153,220121212,20220119,Accident en s'engageant sur une route,Collision en obliquant à droite avec le trafic venant de gauche,Priorité - Autres attitude fautive en lien avec la priorité,Vernier,Jour,Beau temps,Avec dommages matériels,2495913.484,1119608.839,Route sèche,Route principale,120000.0,Mercredi,0,0,0,0,0,0,0,0,0,0,0,0,1,1,0,0,0.0,0.0,0,0,,,2022,2495913.48,1119608.84,6.089656864206043,46.21985705918569
33515,48154,220728159,20220728,Accident impliquant des piétons,Piéton traversant la chaussée touché par un véhicule circulant en ligne droite,Comportement du piéton / du conducteur d'EAV - Non-utilisation des aires de circulation destinées aux piétons et aux EAV,Genève,Jour,Beau temps,Avec blessés légers,2499861.101,1118455.391,Route sèche,Route principale,110000.0,Jeudi,0,0,1,0,0,1,0,0,0,0,0,0,0,0,0,1,0.0,0.0,0,1,,,2022,2499861.1,1118455.39,6.141057128144844,46.21008233383855
33516,48155,220610124,20220610,Accident lors d'un dépassement ou lors d'un changement de voie de circulation,Autre cas d'accident lors d'un dépassement ou lors d'un changement de voie de circulation,Dépassement - Autre attitude fautive en rapport avec un dépassement,Thônex,Jour,Beau temps,Avec blessés graves,2503784.911,1115541.347,Route sèche,Route secondaire,80000.0,Vendredi,0,0,0,1,0,0,1,0,0,0,0,0,1,0,0,0,0.0,0.0,1,0,,,2022,2503784.91,1115541.35,6.192493282550194,46.18444527438873
33517,48156,220318134,20220311,Dérapage ou perte de maîtrise,Collision avec un obstacle hors de la chaussée,Inattention et distraction - Manque d'attention momentané,Genève,Jour,Beau temps,Avec dommages matériels,2499961.279,1116661.285,Route sèche,Route secondaire,140000.0,Vendredi,0,0,0,0,0,0,0,0,0,0,0,0,1,0,0,0,0.0,0.0,1,0,,,2022,2499961.28,1116661.29,6.142739528215366,46.19396045527614
33518,48157,220130020,20220130,Dérapage ou perte de maîtrise,Collision avec un obstacle hors de la chaussée,Etat de la personne - Influence de l'alcool,Genève,Nuit,Beau temps,Avec dommages matériels,2501367.804,1117419.458,Route sèche,Route principale,50000.0,Dimanche,0,0,0,0,0,0,0,0,0,0,0,0,1,0,0,0,0.0,0.0,0,0,,,2022,2501367.8,1117419.46,6.1607962326179715,46.20098755070561
33519,48158,220115006,20220114,Accident en parquant,Collision avec un obstacle fixe (y compris véhicule correctement stationné),Inattention et distraction - Manque d'attention momentané,Thônex,Nuit,Beau temps,Avec blessés graves,2504370.0,1116578.0,Route sèche,Autre,200000.0,Vendredi,0,0,0,1,0,0,0,0,0,0,0,1,0,0,0,0,0.0,0.0,0,0,,,2022,2504370.0,1116578.0,6.199857661000931,46.19385285313395
33520,48159,220509079,20220507,Accident en parquant,Avec violation de l'obligation de déclarer,Cause inconnue - Véhicule stationné (omission de la déclaration obligatoire),Thônex,Jour,Beau temps,Avec dommages matériels,2505867.113,1118040.468,Route sèche,Route principale,80000.0,Samedi,0,0,0,0,0,0,0,0,0,0,0,0,0,0,0,0,0.0,0.0,0,0,,,2022,2505867.11,1118040.47,6.21895310136269,46.207218334793936
33521,48160,220516399,20220504,Accident lors d'un dépassement ou lors d'un changement de voie de circulation,Frôlement latéral avec le véhicule dépassé,Dépassement - Moto circulant entre les colonnes,Bernex,Jour,Beau temps,Avec dommages matériels,2495608.347,1115022.016,Route sèche,Route principale,80000.0,Mercredi,0,0,0,0,0,0,0,0,0,0,0,1,1,0,0,0,0.0,0.0,0,0,,,2022,2495608.35,1115022.02,6.08672877175282,46.17855468350861
33522,48161,220405091,20220405,Accident lors d'un dépassement ou lors d'un changement de voie de circulation,Collision lors du changement de voie vers la droite,Conduite - Manque d'égards en changeant de voie,Lancy,Jour,Temps couvert,Avec blessés graves,2497618.21,1116887.71,Route sèche,Route principale,80000.0,Mardi,1,0,1,1,0,0,0,0,0,0,0,0,1,0,0,0,0.0,0.0,0,0,,,2022,2497618.21,1116887.71,6.112343344655209,46.19564423557522