,OBJECTID,ID_ACCIDENT,DATE_,GROUPE_ACCIDENT,TYPE,CAUSE,COMMUNE,CONDITIONS_LUMINEUSES,CONDITIONS_METEO,CONSEQUENCES,COOR_X,COOR_Y,ETAT_ROUTE,GENRE_ROUTE,HEURE,JOUR,NB_ENFANTS_IMPLIQUES,NB_ENFANTS_ECOLE,NB_BLESSES_LEGERS,NB_BLESSES_GRAVES,NB_TUES,NB_PIETONS,NB_BICYCLETTES,NB_VAE_25,NB_VAE_45,NB_CYCLOMOTEURS,NB_MOTOS_50,NB_MOTOS,NB_VOITURES_TOURISME,NB_VOITURES_LIVRAISON,NB_CAMIONS,NB_BUS,NB_TRAM,NB_TRAINS,NB_SENIORS,NB_TC,REF_GROUPE_CAUSE,TOTAL_PERSONNES,ANNEE,E,N,LATITUDE,LONGITUDE
33523,48162,220524134,20220507,Accident en parquant,Collision avec un obstacle fixe (y compris véhicule correctement stationné),Conduite - Marche arrière imprudente,Genève,Aurore / crépuscule,Beau temps,Avec dommages matériels,2501059.223,1117696.333,Route sèche,Route secondaire,0.0,Samedi,0,0,0,0,0,0,0,0,0,0,0,0,1,0,0,0,0.0,0.0,0,0,,,2022,2501059.22,1117696.33,6.1567403820002555,46.20343248282269
33524,48163,221222009,20221221,Accident par tamponnement,Collision avec un véhicule en marche,"Conduite - Arrêt (freinage) sans raison sur la chaussée, arrêt intempestif",Vernier,Jour,Temps couvert,Avec blessés légers,2495755.427,1119613.224,Route humide,Route principale,130000.0,Mercredi,0,0,1,0,0,0,0,0,0,0,0,1,1,0,0,0,0.0,0.0,0,0,,,2022,2495755.43,1119613.22,6.087607919938665,46.21987195646815
33525,48164,220816276,20220806,Accident en parquant,Collision avec un obstacle fixe (y compris véhicule correctement stationné),Inattention et distraction - Manque d'attention momentané,Vernier,Nuit,Beau temps,Avec dommages matériels,2497031.355,1119025.065,Route sèche,Autre,10000.0,Samedi,0,0,0,0,0,0,0,0,0,0,0,0,1,0,0,0,0.0,0.0,1,0,,,2022,2497031.36,1119025.07,6.104270925445287,46.214778665886435
33526,48165,221217016,20221217,Dérapage ou perte de maîtrise,Collision avec un obstacle hors de la chaussée,Etat de la personne - Influence de l'alcool,Perly-Certoux,Nuit,Beau temps,Avec dommages matériels,2496486.243,1112804.475,Route sèche,Route principale,50000.0,Samedi,0,0,0,0,0,0,0,0,0,0,0,0,1,0,0,0,0.0,0.0,0,0,,,2022,2496486.24,1112804.48,6.098586778260452,46.158745227691306
33527,48166,220515011,20220513,Dérapage ou perte de maîtrise,Collision avec un obstacle en manoeuvrant,Conduite - Marche arrière imprudente,Genève,Jour,Beau temps,Avec dommages matériels,2500241.355,1118290.29,Route sèche,Route secondaire,70000.0,Vendredi,0,0,0,0,0,0,0,0,0,0,0,0,0,1,0,0,0.0,0.0,0,0,,,2022,2500241.36,1118290.29,6.146018896984997,46.208653907820896
33528,48167,220509292,20220509,Accident lors d'un dépassement ou lors d'un changement de voie de circulation,Collision lors du changement de voie vers la droite,Conduite - Manque d'égards en changeant de voie,Vernier,Jour,Beau temps,Avec blessés légers,2496663.137,1119182.016,Route sèche,Route principale,110000.0,Lundi,0,0,4,0,0,0,0,0,0,0,0,0,0,0,1,1,0.0,0.0,0,1,,,2022,2496663.14,1119182.02,6.099465308826085,46.21613380597255
33529,48168,220607354,20220530,Accident en parquant,Avec violation de l'obligation de déclarer,Cause inconnue - Véhicule stationné (omission de la déclaration obligatoire),Genève,Inconnu,Autre,Avec dommages matériels,2499422.607,1117132.15,Autre,Route principale,60000.0,Lundi,0,0,0,0,0,0,0,0,0,0,0,0,0,0,0,0,0.0,0.0,0,0,,,2022,2499422.61,1117132.15,6.135661412371607,46.19811517037704
33530,48169,221211005,20221211,Accident lors d'un dépassement ou lors d'un changement de voie de circulation,Collision avec le véhicule dépassé en déboîtant,Etat de la personne - Influence de l'alcool,Genève,Nuit,Beau temps,Avec dommages matériels,2500100.505,1117749.442,Route sèche,Route principale,20000.0,Dimanche,0,0,0,0,0,0,0,0,0,0,0,0,1,0,0,0,1.0,0.0,0,1,,,2022,2500100.5,1117749.44,6.144309800632858,46.203768380198014
33531,47633,221002025,20220930,Accident en parquant,Collision avec un obstacle fixe (y compris véhicule correctement stationné),Utilisation du véhicule - Stationnement sans précautions suffisantes,Genève,Jour,Beau temps,Avec dommages matériels,2500810.572,1117512.112,Route sèche,Route principale,160000.0,Vendredi,0,0,0,0,0,0,0,0,0,0,0,0,0,1,0,0,0.0,0.0,0,0,,,2022,2500810.57,1117512.11,6.153558523620307,46.201738892525086
33532,47634,220320002,20220319,Accident en parquant,Collision avec une portière ouverte,Inattention et distraction - Manque d'attention momentané,Genève,Nuit,Beau temps,Avec blessés légers,2499309.577,1117810.207,Route sèche,Route secondaire,220000.0,Samedi,0,0,1,0,0,0,0,0,0,0,0,0,2,0,0,0,0.0,0.0,1,0,,,2022,2499309.58,1117810.21,6.134051108744729,46.20419696153399
33533,47635,220222097,20220216,Accident lors d'un dépassement ou lors d'un changement de voie de circulation,Frôlement latéral avec le véhicule sur la voie voisine,Inattention et distraction - Manque d'attention momentané,Genève,Jour,Beau temps,Avec dommages matériels,2500947.936,1117645.839,Route sèche,Route principale,100000.0,Mercredi,0,0,0,0,0,0,0,0,0,0,0,0,1,0,1,0,0.0,0.0,0,0,,,2022,2500947.94,1117645.84,6.1553095777295805,46.20296196779435
33534,47636,220704254,20220704,Accident en traversant une route,Collision avec le trafic traversant depuis la droite,Priorité - Refus d'accorder la priorité au trafic du trottoir (traversée du trottoir),Genève,Jour,Beau temps,Avec blessés légers,2500004.702,1117729.105,Route sèche,Route secondaire,150000.0,Lundi,0,0,1,0,0,0,1,0,0,0,0,0,0,0,0,0,0.0,0.0,1,0,,,2022,2500004.7,1117729.11,6.143073160114512,46.203571280739936
33535,47637,220621415,20220621,Accident par tamponnement,Collision avec véhicule à l'arrêt,Etat de la personne - Influence de l'alcool,Vernier,Jour,Beau temps,Avec blessés légers,2496787.516,1119054.452,Route sèche,Route principale,190000.0,Mardi,0,0,2,0,0,0,0,0,0,0,0,0,3,0,0,0,0.0,0.0,0,0,,,2022,2496787.52,1119054.45,6.101105104504807,46.21500551647575
33536,47638,221019139,20221013,Dérapage ou perte de maîtrise,Sans collision,Inattention et distraction - Manque d'attention momentané,Genève,Jour,Beau temps,Avec blessés graves,2499539.399,1117127.867,Route sèche,Route secondaire,110000.0,Jeudi,0,0,0,1,0,0,1,0,0,0,0,0,0,0,0,0,0.0,0.0,0,0,,,2022,2499539.4,1117127.87,6.137175075594793,46.19809413675357
33537,47639,20221223020,20221222,Dérapage ou perte de maîtrise,Collision avec un obstacle sur la chaussée,"Vitesse - Inadaptée au tracé de la route (virage serré, proximité d'une intersection, etc.)",Pregny-Chambésy,Nuit,Pluie,Avec dommages matériels,2499644.0,1122348.0,Route mouillée,Route principale,0.0,Jeudi,0,0,0,0,0,0,0,0,0,0,0,0,1,0,0,0,0.0,0.0,0,0,,,2022,2499644.0,1122348.0,6.137406788317096,46.245061528905
33538,47640,220502446,20220502,Accident en traversant une route,Collision avec le trafic traversant depuis la gauche,Priorité - Non-respect du signal de priorité «Stop»,Genève,Jour,Beau temps,Avec blessés légers,2501798.121,1117307.122,Route sèche,Route principale,150000.0,Lundi,0,0,1,0,0,0,0,0,0,0,0,1,1,0,0,0,0.0,0.0,1,0,,,2022,2501798.12,1117307.12,6.1663939867826025,46.20004011804169
33539,47641,220507083,20220507,Dérapage ou perte de maîtrise,Sans collision,Inattention et distraction - Manque d'attention momentané,Genève,Jour,Beau temps,Avec blessés légers,2501057.866,1115549.699,Route sèche,Route principale,180000.0,Samedi,0,0,1,0,0,0,1,0,0,0,0,0,0,0,0,0,0.0,0.0,0,0,,,2022,2501057.87,1115549.7,6.157177787861525,46.184124653434345
33540,47642,220812059,20220712,Dérapage ou perte de maîtrise,Collision avec un obstacle hors de la chaussée,Inattention et distraction - Manque d'attention momentané,Plan-les-Ouates,Jour,Beau temps,Avec dommages matériels,2498543.888,1113881.896,Route sèche,Route secondaire,150000.0,Mardi,0,0,0,0,0,0,0,0,0,0,0,0,1,0,0,0,0.0,0.0,1,0,,,2022,2498543.89,1113881.9,6.1249856548883095,46.168749328703484
33541,47643,220709076,20220709,Dérapage ou perte de maîtrise,Sans collision,"Utilisation du véhicule - Chute du véhicule (de la moto, du tracteur, etc.)",Thônex,Jour,Beau temps,Avec blessés légers,2504670.232,1116958.373,Route sèche,Route principale,130000.0,Samedi,0,0,2,0,0,0,0,0,0,0,0,1,0,0,0,0,0.0,0.0,0,0,,,2022,2504670.23,1116958.37,6.203668520057094,46.197316720494676
33542,47644,220503339,20220503,Dérapage ou perte de maîtrise,Collision avec un obstacle sur la chaussée,Inattention et distraction - Manque d'attention momentané,Genève,Jour,Beau temps,Avec blessés graves,2498754.603,1118255.593,Route sèche,Route principale,80000.0,Mardi,0,0,0,1,0,0,0,0,0,0,0,1,1,0,0,0,0.0,0.0,0,0,,,2022,2498754.6,1118255.59,6.126765229571237,46.208119501945816
33543,47645,220627205,20220622,Accident en parquant,Avec violation de l'obligation de déclarer,Cause inconnue - Véhicule stationné (omission de la déclaration obligatoire),Meyrin,Inconnu,Autre,Avec dommages matériels,2495595.0,1120418.0,Autre,Autre,130000.0,Mercredi,0,0,0,0,0,0,0,0,0,0,0,0,0,0,0,0,0.0,0.0,0,0,,,2022,2495595.0,1120418.0,6.085348970338568,46.22708545894904
33544,47646,221112024,20221001,Autres,Autres,Etat de la personne - Influence de l'alcool,Genève,Aurore / crépuscule,Beau temps,Avec dommages matériels,2499082.583,1119077.071,Route sèche,Autre,190000.0,Samedi,0,0,0,0,0,0,0,0,0,0,0,0,1,0,0,0,0.0,0.0,0,0,,,2022,2499082.58,1119077.07,6.130836550940507,46.215557503426055
33545,47647,220909053,20220825,Accident en parquant,Avec violation de l'obligation de déclarer,Cause inconnue - Véhicule stationné (omission de la déclaration obligatoire),Carouge (GE),Jour,Beau temps,Avec dommages matériels,2500140.594,1115622.031,Route sèche,Route secondaire,150000.0,Jeudi,0,0,0,0,0,0,0,0,0,0,0,0,0,0,0,0,0.0,0.0,0,0,,,2022,2500140.59,1115622.03,6.145284131976441,46.18463962511849
33546,47648,221125188,20221125,Accident en parquant,Collision avec un obstacle fixe (y compris véhicule correctement stationné),Inattention et distraction - Manque d'attention momentané,Genève,Jour,Beau temps,Avec dommages matériels,2500138.48,1118063.28,Route sèche,Route principale,150000.0,Vendredi,0,0,0,0,0,0,0,0,0,0,0,0,1,0,0,0,0.0,0.0,0,0,,,2022,2500138.48,1118063.28,6.144734643369177,46.20659681779382
33547,47649,220620445,20220620,Dérapage ou perte de maîtrise,Sans collision,Inattention et distraction - Manque d'attention momentané,Le Grand-Saconnex,Jour,Beau temps,Avec blessés graves,2498547.242,1121826.868,Route sèche,Route principale,160000.0,Lundi,0,0,0,1,0,0,1,0,0,0,0,0,0,0,0,0,0.0,0.0,1,0,,,2022,2498547.24,1121826.87,6.123302036359412,46.24020955012111
33548,47650,220904002,20220903,Dérapage ou perte de maîtrise,Collision avec un obstacle hors de la chaussée,Etat de la personne - Influence de l'alcool,Genève,Nuit,Temps couvert,Avec dommages matériels,2500729.738,1118815.451,Route sèche,Route principale,220000.0,Samedi,0,0,0,0,0,0,0,0,0,0,0,0,1,0,0,0,0.0,0.0,0,0,,,2022,2500729.74,1118815.45,6.152234239746386,46.213449708425024
33549,47901,220816148,20220816,Accident en quittant une route,"Collision en obliquant à droite avec les usagers d'une voie séparée, d'une piste séparée, d'une piste cyclable/voie piétonne séparée, des rails de tramway",Priorité - Autres attitude fautive en lien avec la priorité,Genève,Nuit,Beau temps,Avec blessés légers,2500444.503,1120016.493,Route sèche,Route principale,60000.0,Mardi,0,0,1,0,0,0,1,0,0,0,0,0,1,0,0,0,0.0,0.0,0,0,,,2022,2500444.5,1120016.49,6.14828224694516,46.22421013516424
33550,47902,221018198,20221014,Accident en parquant,Avec violation de l'obligation de déclarer,Cause inconnue - Véhicule stationné (omission de la déclaration obligatoire),Thônex,Jour,Beau temps,Avec dommages matériels,2504611.965,1116406.675,Route sèche,Route secondaire,150000.0,Vendredi,0,0,0,0,0,0,0,0,0,0,0,0,0,0,0,0,0.0,0.0,0,0,,,2022,2504611.97,1116406.68,6.2030266156617495,46.19234629411085
33551,47903,221007235,20221002,Accident par tamponnement,Collision avec un véhicule en marche,Inattention et distraction - Manque d'attention momentané,Genève,Jour,Temps couvert,Avec blessés légers,2500944.919,1117644.205,Route sèche,Route secondaire,160000.0,Dimanche,0,0,1,0,0,0,0,0,0,0,0,1,1,0,0,0,0.0,0.0,0,0,,,2022,2500944.92,1117644.2,6.155270805086476,46.2029467719841
33552,47904,220406190,20220308,Accident en parquant,Avec violation de l'obligation de déclarer,Cause inconnue - Véhicule stationné (omission de la déclaration obligatoire),Versoix,Inconnu,Autre,Avec dommages matériels,2502090.0,1125714.0,Autre,Route secondaire,100000.0,Mardi,0,0,0,0,0,0,0,0,0,0,0,0,0,0,0,0,0.0,0.0,0,0,,,2022,2502090.0,1125714.0,6.168408988760304,46.27569780191997
33553,47905,220429085,20220426,Accident en parquant,Avec violation de l'obligation de déclarer,Cause inconnue - Véhicule stationné (omission de la déclaration obligatoire),Collonge-Bellerive,Inconnu,Autre,Avec dommages matériels,2505842.0,1122617.0,Autre,Autre,160000.0,Mardi,0,0,0,0,0,0,0,0,0,0,0,0,0,0,0,0,0.0,0.0,0,0,,,2022,2505842.0,1122617.0,6.217703692962706,46.24837849340528
33554,47906,220821066,20220821,Accident en parquant,Collision avec un obstacle fixe (y compris véhicule correctement stationné),Etat de la personne - Influence de l'alcool,Plan-les-Ouates,Jour,Beau temps,Avec dommages matériels,2498984.0,1113799.0,Route sèche,Autre,170000.0,Dimanche,0,0,0,0,0,0,0,0,0,0,0,0,1,0,0,0,0.0,0.0,0,0,,,2022,2498984.0,1113799.0,6.130701091905659,46.168069936885324
33555,47907,220803308,20220802,Dérapage ou perte de maîtrise,Collision avec un obstacle hors de la chaussée,Inattention et distraction - Manque d'attention momentané,Genève,Jour,Beau temps,Avec dommages matériels,2497990.29,1117934.42,Route sèche,Route principale,120000.0,Mardi,0,0,0,0,0,0,0,0,0,0,0,0,0,1,0,0,0.0,0.0,0,0,,,2022,2497990.29,1117934.42,6.116933798884023,46.20511523716253
33556,47908,220822369,20220822,Collision frontale,Collision frontale avec le trafic venant en sens inverse (sans dépassement),Inattention et distraction - Manque d'attention momentané,Anières,Jour,Beau temps,Avec dommages matériels,2506150.161,1125431.387,Route sèche,Route principale,110000.0,Lundi,0,0,0,0,0,0,0,0,0,0,0,0,2,0,0,0,0.0,0.0,1,0,,,2022,2506150.16,1125431.39,6.221131822533604,46.273735750283805
33557,47909,220117243,20220117,Accident impliquant des piétons,Autre cas d'accident impliquant des piétons,Inattention et distraction - Manque d'attention momentané,Pregny-Chambésy,Jour,Beau temps,Avec blessés graves,2500439.646,1121485.357,Route sèche,Autre,110000.0,Lundi,0,0,0,1,0,1,0,0,0,0,0,0,0,0,1,0,0.0,0.0,1,0,,,2022,2500439.65,1121485.36,6.147905759645455,46.23742100712954
33558,47910,220123028,20220121,Accident lors d'un dépassement ou lors d'un changement de voie de circulation,Collision lors du changement de voie vers la droite,Conduite - Manque d'égards en changeant de voie,Genève,Jour,Beau temps,Avec dommages matériels,2500823.504,1117314.987,Route sèche,Route principale,170000.0,Vendredi,0,0,0,0,0,0,0,0,0,0,0,1,1,0,0,0,0.0,0.0,0,0,,,2022,2500823.5,1117314.99,6.153767894865217,46.199967826306
33559,47911,220325058,20220323,Accident en parquant,Collision avec une portière ouverte,Dépassement - En dépassant de trop près (latéral),Genève,Jour,Beau temps,Avec dommages matériels,2499166.709,1119566.742,Route sèche,Route secondaire,90000.0,Mercredi,0,0,0,0,0,0,0,0,0,0,0,0,1,0,0,0,0.0,0.0,1,0,,,2022,2499166.71,1119566.74,6.131820766210546,46.21997439683129
33560,47912,220128005,20220127,Accident lors d'un dépassement ou lors d'un changement de voie de circulation,Collision lors du changement de voie vers la gauche,Conduite - Manque d'égards en changeant de voie,Carouge (GE),Aurore / crépuscule,Autre,Avec dommages matériels,2499114.224,1114681.228,Route humide,Route principale,70000.0,Jeudi,0,0,0,0,0,0,0,0,0,0,0,0,1,0,1,0,0.0,0.0,0,0,,,2022,2499114.22,1114681.23,6.132196383984477,46.17602455177326
33561,47913,230111148,20221128,Accident en parquant,Avec violation de l'obligation de déclarer,Cause inconnue - Véhicule stationné (omission de la déclaration obligatoire),Genève,Inconnu,Autre,Avec dommages matériels,2499386.402,1117255.471,Autre,Route principale,120000.0,Lundi,0,0,0,0,0,0,0,0,0,0,0,0,0,0,0,0,0.0,0.0,0,0,,,2022,2499386.4,1117255.47,6.135165817749804,46.19921893583629
33562,47914,220622204,20220622,Accident impliquant des piétons,Piéton traversant la chaussée touché par un véhicule circulant en ligne droite,Priorité - Autres attitude fautive en lien avec la priorité,Le Grand-Saconnex,Jour,Beau temps,Avec blessés légers,2498565.1,1121587.489,Route sèche,Route principale,100000.0,Mercredi,0,0,1,0,0,1,0,0,0,0,0,0,0,0,0,0,0.0,0.0,1,0,,,2022,2498565.1,1121587.49,6.123585639776606,46.238059180250744
33563,47915,220322276,20220321,Dérapage ou perte de maîtrise,Collision avec un obstacle hors de la chaussée,"Chargement ou passager du véhicule - Chargement insuffisamment arrimé, perte du chargement",Satigny,Jour,Beau temps,Avec dommages matériels,2491811.71,1119427.387,Route sèche,Route principale,160000.0,Lundi,0,0,0,0,0,0,0,0,0,0,0,0,0,0,1,0,0.0,0.0,0,0,,,2022,2491811.71,1119427.39,6.036550014149084,46.217577274067644
33564,47916,220329126,20220304,Accident par tamponnement,Collision avec véhicule à l'arrêt,Cause inconnue - Cause inconnue,Genève,Jour,Beau temps,Avec blessés légers,2501841.573,1117415.871,Route sèche,Route principale,160000.0,Vendredi,0,0,1,0,0,0,0,0,0,0,0,1,0,1,0,0,0.0,0.0,0,0,,,2022,2501841.57,1117415.87,6.166933935078375,46.201024606217395
33565,47917,220408168,20220408,Accident par tamponnement,Collision avec un véhicule en marche,Conduite - Suivre de trop près le véhicule qui précède,Vernier,Jour,Pluie,Avec dommages matériels,2495553.664,1118766.11,Route humide,Autoroute,80000.0,Vendredi,0,0,0,0,0,0,0,0,0,0,0,0,2,0,0,0,0.0,0.0,0,0,,,2022,2495553.66,1118766.11,6.085183088311949,46.212221497036715
33566,47918,220111233,20220107,Accident par tamponnement,Collision avec véhicule à l'arrêt,Conduite - Suivre de trop près le véhicule qui précède,Vernier,Nuit,Beau temps,Avec dommages matériels,2497520.818,1119035.321,Route sèche,Route principale,60000.0,Vendredi,0,0,0,0,0,0,0,0,0,0,0,0,2,0,0,0,0.0,0.0,0,0,,,2022,2497520.82,1119035.32,6.110610392684319,46.214945667494234
33567,48170,221222236,20221222,Accident en traversant une route,Collision avec le trafic traversant depuis la gauche,Priorité - Non-respect du signal de priorité «Cédez le passage»,Carouge (GE),Aurore / crépuscule,Temps couvert,Avec dommages matériels,2499394.738,1115891.664,Route humide,Route principale,160000.0,Jeudi,0,0,0,0,0,0,1,0,0,0,0,0,1,0,0,0,0.0,0.0,0,0,,,2022,2499394.74,1115891.66,6.135567697623807,46.18695359817761
33568,48171,220506036,20220430,Accident lors d'un dépassement ou lors d'un changement de voie de circulation,Collision avec le véhicule dépassé par la droite,Inattention et distraction - Manque d'attention momentané,Genève,Jour,Beau temps,Avec dommages matériels,2500454.819,1116977.986,Route sèche,Route principale,200000.0,Samedi,0,0,0,0,0,0,1,0,0,0,0,0,1,0,0,0,0.0,0.0,0,0,,,2022,2500454.82,1116977.99,6.149064191613584,46.196882229069296
33569,48172,220316122,20220316,Accident lors d'un dépassement ou lors d'un changement de voie de circulation,Collision lors du changement de voie vers la gauche,Conduite - Manque d'égards en changeant de voie,Vernier,Jour,Temps couvert,Avec blessés légers,2496524.712,1119210.818,Route sèche,Semi-autoroute,90000.0,Mercredi,0,0,2,0,0,0,0,0,0,0,0,0,2,1,0,0,0.0,0.0,0,0,,,2022,2496524.71,1119210.82,6.097665304692891,46.21637154271731
33570,48173,220708016,20220708,Dérapage ou perte de maîtrise,Collision avec un obstacle sur la chaussée,Inattention et distraction - Manque d'attention momentané,Genève,Nuit,Beau temps,Avec dommages matériels,2500121.26,1118343.643,Route sèche,Route secondaire,30000.0,Vendredi,0,0,0,0,0,0,0,0,0,0,0,1,0,0,0,0,0.0,0.0,0,0,,,2022,2500121.26,1118343.64,6.144451559262845,46.209115922195664
33571,48174,220920318,20220826,Accident par tamponnement,Collision avec un véhicule en marche,Conduite - Croisement longitudinal non conforme ou circulation trop à gauche,Vernier,Jour,Beau temps,Avec dommages matériels,2496524.565,1119365.065,Route sèche,Route principale,140000.0,Vendredi,0,0,0,0,0,0,0,0,0,0,0,0,2,0,0,0,0.0,0.0,0,0,,,2022,2496524.57,1119365.07,6.097629277976683,46.21775889027998
33572,48175,220604060,20220522,Accident par tamponnement,Collision avec un véhicule en marche,Conduite - Demi-tour imprudent,Cologny,Jour,Beau temps,Avec dommages matériels,2502324.929,1118600.202,Route sèche,Route principale,180000.0,Dimanche,0,0,0,0,0,0,0,0,0,0,0,0,2,0,0,0,0.0,0.0,1,0,,,2022,2502324.93,1118600.2,6.172947243138486,46.211747381336124
33573,48176,220716066,20220621,Dérapage ou perte de maîtrise,Collision avec un obstacle en manoeuvrant,Conduite - Marche arrière imprudente,Genève,Jour,Beau temps,Avec dommages matériels,2500385.787,1116369.296,Route sèche,Autre,120000.0,Mardi,0,0,0,0,0,0,0,0,0,0,0,0,1,0,0,0,0.0,0.0,0,0,,,2022,2500385.79,1116369.3,6.148299952128472,46.19139721800227
33574,48177,220128088,20220127,Accident en parquant,Avec violation de l'obligation de déclarer,Cause inconnue - Véhicule stationné (omission de la déclaration obligatoire),Genève,Inconnu,Autre,Avec dommages matériels,2501598.29,1117976.032,Autre,Route principale,180000.0,Jeudi,0,0,0,0,0,0,0,0,0,0,0,0,0,0,0,0,0.0,0.0,0,0,,,2022,2501598.29,1117976.03,6.163664526071118,46.20602734704021
33575,48178,220626033,20220616,Accident lors d'un dépassement ou lors d'un changement de voie de circulation,Frôlement latéral avec le véhicule sur la voie voisine,Inattention et distraction - Manque d'attention momentané,Genève,Jour,Beau temps,Avec dommages matériels,2501638.419,1116507.161,Route sèche,Route principale,140000.0,Jeudi,1,0,0,0,0,0,0,0,0,0,0,1,0,1,0,0,0.0,0.0,0,0,,,2022,2501638.42,1116507.16,6.164493903211523,46.19282160472393
33576,48179,220606010,20220606,Dérapage ou perte de maîtrise,Collision avec un obstacle sur la chaussée,Etat de la personne - Influence de l'alcool,Vernier,Nuit,Beau temps,Avec blessés légers,2496947.098,1117488.237,Route sèche,Route principale,40000.0,Lundi,0,0,1,0,0,0,0,0,0,0,0,0,1,0,0,0,0.0,0.0,0,0,,,2022,2496947.1,1117488.24,6.103518572174326,46.200943046961186
33577,48180,220118304,20220114,Accident en parquant,Collision avec un obstacle fixe (y compris véhicule correctement stationné),Cause inconnue - Cause inconnue,Genève,Inconnu,Autre,Avec dommages matériels,2499585.872,1116437.516,Autre,Route secondaire,160000.0,Vendredi,0,0,0,0,0,0,0,0,0,0,0,0,0,0,0,0,0.0,0.0,0,0,,,2022,2499585.87,1116437.52,6.137925459774715,46.19189182524261
33578,48181,220419262,20220410,Accident en parquant,Collision avec un obstacle fixe (y compris véhicule correctement stationné),Conduite - Marche arrière imprudente,Thônex,Jour,Beau temps,Avec dommages matériels,2504974.0,1116537.0,Route sèche,Route secondaire,140000.0,Dimanche,0,0,0,0,0,0,0,0,0,0,0,0,1,0,0,0,0.0,0.0,0,0,,,2022,2504974.0,1116537.0,6.2076889176966485,46.193569721590094
33579,48182,220817168,20220810,Accident par tamponnement,Collision avec véhicule à l'arrêt,Inattention et distraction - Manque d'attention momentané,Carouge (GE),Jour,Beau temps,Avec dommages matériels,2499539.968,1115784.032,Route sèche,Route secondaire,140000.0,Mercredi,0,0,0,0,0,0,0,0,0,0,0,0,1,0,0,0,0.0,0.0,0,0,,,2022,2499539.97,1115784.03,6.137471579667498,46.18600724916551
33580,48183,220917010,20220917,Accident par tamponnement,Collision avec véhicule à l'arrêt,Inattention et distraction - Manque d'attention momentané,Genève,Nuit,Temps couvert,Avec blessés légers,2499449.873,1116404.881,Route humide,Route principale,10000.0,Samedi,0,0,2,0,0,0,0,0,0,0,0,2,1,0,0,0,0.0,0.0,0,0,,,2022,2499449.87,1116404.88,6.136171127084684,46.19157792489644
33581,48184,220908012,20220908,Accident par tamponnement,Collision avec un véhicule en marche,Etat de la personne - Influence de l'alcool,Carouge (GE),Nuit,Temps couvert,Avec dommages matériels,2498836.455,1115881.599,Route humide,Route principale,30000.0,Jeudi,0,0,0,0,0,0,0,0,0,0,0,1,1,0,0,0,0.0,0.0,0,0,,,2022,2498836.45,1115881.6,6.128340026902183,46.18677935457662
33582,48185,221230005,20221230,Dérapage ou perte de maîtrise,Collision avec un obstacle hors de la chaussée,Etat de la personne - Influence de l'alcool,Genève,Nuit,Pluie,Avec dommages matériels,2500132.117,1118622.324,Route mouillée,Route principale,10000.0,Vendredi,0,0,0,0,0,0,0,0,0,0,0,0,1,0,0,0,0.0,0.0,0,0,,,2022,2500132.12,1118622.32,6.144532610397356,46.211624088549115
33583,48186,220810258,20220810,Accident en traversant une route,Collision avec le trafic traversant depuis la gauche,Priorité - Non-respect du signal de priorité «Cédez le passage»,Lancy,Jour,Beau temps,Avec blessés graves,2498373.681,1114677.748,Route sèche,Route principale,170000.0,Mercredi,0,0,0,1,0,0,1,0,0,0,0,0,1,0,0,0,0.0,0.0,2,0,,,2022,2498373.68,1114677.75,6.122609091371698,46.175881761102616
33584,48187,230201002,20221226,Accident en parquant,Avec violation de l'obligation de déclarer,Cause inconnue - Véhicule stationné (omission de la déclaration obligatoire),Onex,Inconnu,Autre,Avec dommages matériels,2496623.314,1116068.208,Autre,Route principale,220000.0,Lundi,0,0,0,0,0,0,0,0,0,0,0,0,0,0,0,0,0.0,0.0,0,0,,,2022,2496623.31,1116068.21,6.099638847557333,46.18812118303948
33585,47651,220826019,20220825,Accident impliquant des piétons,Piéton traversant la chaussée touché par un véhicule circulant en ligne droite,Comportement du piéton / du conducteur d'EAV - Traversée imprudente de la route,Vernier,Jour,Beau temps,Avec blessés légers,2497584.294,1119801.167,Route sèche,Route principale,150000.0,Jeudi,0,0,1,0,0,1,0,0,0,0,0,0,1,0,0,0,0.0,0.0,0,0,,,2022,2497584.29,1119801.17,6.1112646123870835,46.2218436393934
33586,47652,220905208,20220905,Dérapage ou perte de maîtrise,Collision avec un obstacle hors de la chaussée,Inattention et distraction - Manque d'attention momentané,Le Grand-Saconnex,Jour,Beau temps,Avec dommages matériels,2498884.577,1122332.645,Route sèche,Autoroute,80000.0,Lundi,0,0,0,0,0,0,0,0,0,0,0,0,0,1,0,0,0.0,0.0,0,0,,,2022,2498884.58,1122332.64,6.127565136158889,46.244809486733224
33587,47653,220604020,20220529,Accident par tamponnement,Collision avec véhicule à l'arrêt,Conduite - Suivre de trop près le véhicule qui précède,Genève,Nuit,Beau temps,Avec dommages matériels,2500503.514,1117163.72,Route sèche,Route principale,30000.0,Dimanche,0,0,0,0,0,0,0,0,0,0,0,0,2,0,0,0,0.0,0.0,0,0,,,2022,2500503.51,1117163.72,6.149655260213532,46.198559962885746