,OBJECTID,ID_ACCIDENT,DATE_,GROUPE_ACCIDENT,TYPE,CAUSE,COMMUNE,CONDITIONS_LUMINEUSES,CONDITIONS_METEO,CONSEQUENCES,COOR_X,COOR_Y,ETAT_ROUTE,GENRE_ROUTE,HEURE,JOUR,NB_ENFANTS_IMPLIQUES,NB_ENFANTS_ECOLE,NB_BLESSES_LEGERS,NB_BLESSES_GRAVES,NB_TUES,NB_PIETONS,NB_BICYCLETTES,NB_VAE_25,NB_VAE_45,NB_CYCLOMOTEURS,NB_MOTOS_50,NB_MOTOS,NB_VOITURES_TOURISME,NB_VOITURES_LIVRAISON,NB_CAMIONS,NB_BUS,NB_TRAM,NB_TRAINS,NB_SENIORS,NB_TC,REF_GROUPE_CAUSE,TOTAL_PERSONNES,ANNEE,E,N,LATITUDE,LONGITUDE
33588,47654,220524191,20220411,Accident en parquant,Avec violation de l'obligation de déclarer,Cause inconnue - Véhicule stationné (omission de la déclaration obligatoire),Thônex,Inconnu,Autre,Avec dommages matériels,2504828.0,1116675.0,Autre,Autre,100000.0,Lundi,0,0,0,0,0,0,0,0,0,0,0,0,0,0,0,0,0.0,0.0,0,0,,,2022,2504828.0,1116675.0,6.205769828827726,46.194790308115095
33589,47655,220829239,20220823,Accident en parquant,Collision avec un obstacle fixe (y compris véhicule correctement stationné),Conduite - Marche arrière imprudente,Cologny,Jour,Beau temps,Avec dommages matériels,2503004.548,1119102.462,Route sèche,Route principale,150000.0,Mardi,0,0,0,0,0,0,0,0,0,0,0,0,1,0,0,0,0.0,0.0,1,0,,,2022,2503004.55,1119102.46,6.181648002173204,46.216363355898125
33590,47656,220521088,20220519,Accident en quittant une route,Collision en obliquant à gauche avec le trafic venant en sens inverse,Priorité - Priorité en obliquant à gauche devant des véhicules venant en sens inverse,Genève,Jour,Beau temps,Avec dommages matériels,2499020.484,1118957.806,Route sèche,Route principale,130000.0,Jeudi,0,0,0,0,0,0,0,0,0,0,0,0,2,0,0,0,0.0,0.0,0,0,,,2022,2499020.48,1118957.81,6.1300577461031125,46.21447550950573
33591,47657,220923007,20220922,Accident en parquant,Collision avec un obstacle fixe (y compris véhicule correctement stationné),Conduite - Marche arrière imprudente,Genève,Aurore / crépuscule,Temps couvert,Avec dommages matériels,2500631.261,1117651.558,Route sèche,Route secondaire,180000.0,Jeudi,0,0,0,0,0,0,0,0,0,0,0,0,1,0,0,0,0.0,0.0,0,0,,,2022,2500631.26,1117651.56,6.151206131658356,46.20296667810498
33592,47658,220919302,20220919,Accident en s'engageant sur une route,Collision en s'engageant depuis le bord de la route,Priorité - Non-respect du signal de priorité «Stop»,Genève,Jour,Beau temps,Avec blessés graves,2501099.134,1115294.602,Route sèche,Route principale,130000.0,Lundi,0,0,0,1,0,0,0,0,1,0,0,0,1,0,0,0,0.0,0.0,0,0,,,2022,2501099.13,1115294.6,6.15776609454741,46.181836254719556
33593,47659,220503124,20220502,Accident par tamponnement,Collision avec un véhicule en marche,Conduite - Suivre de trop près le véhicule qui précède,Le Grand-Saconnex,Jour,Beau temps,Avec blessés graves,2497736.585,1120985.961,Route sèche,Autoroute,170000.0,Lundi,0,0,0,1,0,0,0,0,0,0,0,1,1,0,0,0,0.0,0.0,0,0,,,2022,2497736.59,1120985.96,6.112978346321255,46.23252321715338
33594,47660,220816221,20220615,Dérapage ou perte de maîtrise,Collision avec un obstacle sur la chaussée,Inattention et distraction - Manque d'attention momentané,Avully,Jour,Beau temps,Avec dommages matériels,2489095.564,1114043.04,Route sèche,Route principale,170000.0,Mercredi,0,0,0,0,0,0,0,0,0,0,0,0,1,0,0,0,0.0,0.0,0,0,,,2022,2489095.56,1114043.04,6.0026358945455955,46.16870725466451
33595,47661,221013216,20221013,Dérapage ou perte de maîtrise,Sans collision,Inattention et distraction - Manque d'attention momentané,Genève,Jour,Beau temps,Avec blessés légers,2500187.637,1117705.439,Route sèche,Route principale,140000.0,Jeudi,0,0,1,0,0,0,1,0,0,0,0,0,0,0,0,0,0.0,0.0,0,0,,,2022,2500187.64,1117705.44,6.145448024728405,46.20338557217911
33596,47662,221117167,20221113,Dérapage ou perte de maîtrise,Collision avec un obstacle hors de la chaussée,Etat de la personne - Influence de l'alcool,Genève,Nuit,Autre,Avec dommages matériels,2499487.933,1117684.267,Route sèche,Autre,20000.0,Dimanche,0,0,0,0,0,0,0,0,0,0,0,0,1,0,0,0,0.0,0.0,0,0,,,2022,2499487.93,1117684.27,6.1363885958521,46.20309090345292
33597,47663,220327062,20220327,Accident par tamponnement,Collision avec véhicule à l'arrêt,Etat de la personne - Influence de l'alcool,Lancy,Jour,Beau temps,Avec dommages matériels,2498539.498,1116710.53,Route sèche,Route principale,180000.0,Dimanche,0,0,0,0,0,0,0,0,0,0,0,0,2,0,0,0,0.0,0.0,0,0,,,2022,2498539.5,1116710.53,6.124314438103955,46.19419028344022
33598,47664,221012009,20221011,Accident en traversant une route,Collision avec le trafic traversant depuis la gauche,Priorité - Autres attitude fautive en lien avec la priorité,Genève,Nuit,Beau temps,Avec blessés graves,2500370.581,1117029.669,Route sèche,Route secondaire,230000.0,Mardi,0,0,0,1,0,0,0,0,0,0,0,0,1,0,0,0,0.0,0.0,0,0,,,2022,2500370.58,1117029.67,6.147962052154738,46.19733457997044
33599,47665,220707177,20220628,Accident en parquant,Collision avec un obstacle fixe (y compris véhicule correctement stationné),Inattention et distraction - Manque d'attention momentané,Vernier,Jour,Beau temps,Avec dommages matériels,2497170.245,1119566.242,Route humide,Route secondaire,140000.0,Mardi,0,0,0,0,0,0,0,0,0,0,0,0,1,0,0,0,0.0,0.0,1,0,,,2022,2497170.25,1119566.24,6.10595117634687,46.21966737856442
33600,47666,220929214,20220924,Accident lors d'un dépassement ou lors d'un changement de voie de circulation,Frôlement latéral avec le véhicule sur la voie voisine,Signalisation - Inobservation d'une marque,Genève,Jour,Temps couvert,Avec dommages matériels,2498986.595,1118935.148,Route sèche,Route secondaire,140000.0,Samedi,0,0,0,0,0,0,0,0,0,0,0,0,2,0,0,0,0.0,0.0,0,0,,,2022,2498986.59,1118935.15,6.129623554935642,46.214266604811506
33601,47667,220905105,20220902,Accident par tamponnement,Collision avec un véhicule en marche,Conduite - Suivre de trop près le véhicule qui précède,Plan-les-Ouates,Jour,Beau temps,Avec dommages matériels,2497268.406,1113174.726,Route sèche,Autoroute,170000.0,Vendredi,0,0,0,0,0,0,0,0,0,0,0,0,2,1,0,0,0.0,0.0,0,0,,,2022,2497268.41,1113174.73,6.108629221960364,46.16219525068611
33602,47668,221209069,20221209,Accident par tamponnement,Collision avec un véhicule en marche,Inattention et distraction - Manque d'attention momentané,Thônex,Aurore / crépuscule,Chute de neige,Avec dommages matériels,2503718.011,1116133.984,Route enneigée,Route principale,60000.0,Vendredi,0,0,0,0,0,0,0,0,0,0,0,0,1,0,0,0,0.0,0.0,0,0,,,2022,2503718.01,1116133.98,6.191504775800204,46.18976608053335
33603,47919,220423072,20220320,Accident en parquant,Collision avec un obstacle fixe (y compris véhicule correctement stationné),Inattention et distraction - Manque d'attention momentané,Genève,Aurore / crépuscule,Beau temps,Avec dommages matériels,2498237.917,1118184.8,Route sèche,Route secondaire,210000.0,Dimanche,0,0,0,0,0,0,0,0,0,0,0,0,1,0,0,0,0.0,0.0,0,0,,,2022,2498237.92,1118184.8,6.120087075097073,46.20740477004355
33604,47920,220507001,20220506,Dérapage ou perte de maîtrise,Collision avec un obstacle sur la chaussée,Etat de la personne - Influence de médicaments,Corsier (GE),Jour,Beau temps,Avec dommages matériels,2506865.677,1124087.129,Route sèche,Route principale,190000.0,Vendredi,0,0,0,0,0,0,0,0,0,0,0,0,1,0,0,0,0.0,0.0,0,0,,,2022,2506865.68,1124087.13,6.230681662871841,46.26174438162668
33605,47921,220502449,20220502,Accident par tamponnement,Collision avec véhicule à l'arrêt,Inattention et distraction - Manque d'attention momentané,Meyrin,Jour,Beau temps,Avec dommages matériels,2495301.99,1120225.494,Route sèche,Route principale,110000.0,Lundi,0,0,0,0,0,0,0,0,0,0,0,0,2,0,0,0,0.0,0.0,0,0,,,2022,2495301.99,1120225.49,6.0815949508557186,46.22530838321975
33606,47922,220315101,20220310,Dérapage ou perte de maîtrise,Collision avec un obstacle hors de la chaussée,Inattention et distraction - Manque d'attention momentané,Genève,Nuit,Beau temps,Avec dommages matériels,2498423.913,1119952.571,Route sèche,Route secondaire,210000.0,Jeudi,0,0,0,0,0,0,0,0,0,0,0,0,1,0,0,0,0.0,0.0,1,0,,,2022,2498423.91,1119952.57,6.122111668239803,46.223332818882696
33607,47923,220309268,20220309,Accident par tamponnement,Collision avec véhicule à l'arrêt,Conduite - Suivre de trop près le véhicule qui précède,Bernex,Jour,Beau temps,Avec dommages matériels,2494889.395,1117553.449,Route sèche,Autoroute,170000.0,Mercredi,0,0,0,0,0,0,0,0,0,0,0,0,2,1,0,0,0.0,0.0,0,0,,,2022,2494889.39,1117553.45,6.076850013115244,46.201210984977784
33608,47924,220619023,20220618,Accident en quittant une route,"Collision en obliquant à droite avec les usagers d'une voie séparée, d'une piste séparée, d'une piste cyclable/voie piétonne séparée, des rails de tramway",Inattention et distraction - Manque d'attention momentané,Genève,Jour,Beau temps,Avec dommages matériels,2500211.68,1118409.47,Route sèche,Route principale,180000.0,Samedi,0,0,0,0,0,0,0,0,0,0,0,0,2,0,0,0,0.0,0.0,0,0,,,2022,2500211.68,1118409.47,6.145608901000805,46.2097214520653
33609,47925,221020299,20221019,Accident en parquant,Collision avec un autre usager de la route,Dépassement - En dépassant de trop près (latéral),Genève,Jour,Beau temps,Avec dommages matériels,2499998.282,1118444.18,Route sèche,Route secondaire,180000.0,Mercredi,0,0,0,0,0,0,0,0,0,0,0,0,1,0,0,1,0.0,0.0,1,1,,,2022,2499998.28,1118444.18,6.142836770363041,46.21000193078709
33610,47926,220225173,20220225,Accident lors d'un dépassement ou lors d'un changement de voie de circulation,Collision avec le véhicule dépassé en se rabattant,Inattention et distraction - Manque d'attention momentané,Thônex,Jour,Beau temps,Avec blessés légers,2503790.54,1115598.37,Route sèche,Route principale,130000.0,Vendredi,0,0,3,0,0,0,0,0,0,0,0,0,2,0,0,0,0.0,0.0,1,0,,,2022,2503790.54,1115598.37,6.192554442803537,46.18495894360692
33611,47927,220830315,20220830,Dérapage ou perte de maîtrise,Sans collision,Inattention et distraction - Manque d'attention momentané,Meyrin,Jour,Temps couvert,Avec blessés graves,2494995.468,1120635.581,Route humide,Route secondaire,160000.0,Mardi,1,0,1,1,0,0,1,0,0,0,0,0,0,0,0,0,0.0,0.0,0,0,,,2022,2494995.47,1120635.58,6.077530430369709,46.2289490092075
33612,47928,221011102,20221003,Accident par tamponnement,Collision avec un véhicule en marche,Conduite - Suivre de trop près le véhicule qui précède,Onex,Jour,Beau temps,Avec dommages matériels,2496759.593,1114739.09,Route sèche,Route principale,170000.0,Lundi,0,0,0,0,0,0,0,0,0,0,0,1,1,0,0,0,0.0,0.0,0,0,,,2022,2496759.59,1114739.09,6.101697455904924,46.176187641900036
33613,47929,220604076,20220604,Accident en s'engageant sur une route,Collision en obliquant à gauche avec le trafic venant de droite,Etat de la personne - Influence de l'alcool,Meyrin,Jour,Beau temps,Avec blessés légers,2496940.476,1119800.242,Route sèche,Route secondaire,160000.0,Samedi,0,0,1,0,0,0,1,0,0,0,0,0,1,0,0,0,0.0,0.0,0,0,,,2022,2496940.48,1119800.24,6.102922184945648,46.22173684805936
33614,47930,220509063,20220430,Dérapage ou perte de maîtrise,"Lors de l'évitement, sans collision",Priorité - Non-respect du signal de priorité «Stop»,Genève,Jour,Beau temps,Avec dommages matériels,2501546.734,1118027.209,Route sèche,Route principale,110000.0,Samedi,0,0,0,0,0,0,0,0,0,0,0,0,2,0,0,0,0.0,0.0,0,0,,,2022,2501546.73,1118027.21,6.162985788866085,46.20648013090128
33615,47931,220307163,20220307,Accident lors d'un dépassement ou lors d'un changement de voie de circulation,Collision lors du changement de voie vers la gauche,Conduite - Manque d'égards en changeant de voie,Genève,Jour,Beau temps,Avec blessés légers,2499368.143,1118275.427,Route sèche,Route principale,90000.0,Lundi,0,0,1,0,0,0,0,0,0,0,0,1,0,0,1,0,0.0,0.0,0,0,,,2022,2499368.14,1118275.43,6.134709388191434,46.20839008483772
33616,47932,221222170,20221205,Accident par tamponnement,Collision avec un véhicule en marche,Inattention et distraction - Manque d'attention momentané,Plan-les-Ouates,Nuit,Beau temps,Avec dommages matériels,2498422.191,1114149.462,Route sèche,Route principale,200000.0,Lundi,0,0,0,0,0,0,0,0,0,0,0,1,0,1,0,0,0.0,0.0,0,0,,,2022,2498422.19,1114149.46,6.123352012097031,46.17113748097611
33617,47933,220914010,20220913,Accident par tamponnement,Collision avec un véhicule en marche,Inattention et distraction - Manque d'attention momentané,Meyrin,Jour,Beau temps,Avec blessés légers,2496507.743,1119837.076,Route sèche,Route principale,180000.0,Mardi,0,0,1,0,0,0,0,0,0,0,0,1,1,0,0,0,0.0,0.0,0,0,,,2022,2496507.74,1119837.08,6.097306487822061,46.22200169354256
33618,47934,220905223,20220821,Dérapage ou perte de maîtrise,Collision avec un obstacle hors de la chaussée,Inattention et distraction - Manque d'attention momentané,Lancy,Nuit,Temps couvert,Avec dommages matériels,2498491.88,1114338.918,Route sèche,Route secondaire,20000.0,Dimanche,0,0,0,0,0,0,0,0,0,0,0,1,0,0,0,0,0.0,0.0,0,0,,,2022,2498491.88,1114338.92,6.124213077830572,46.172852065508025
33619,47935,220831245,20220830,Accident par tamponnement,Collision avec véhicule à l'arrêt,Inattention et distraction - Manque d'attention momentané,Genève,Jour,Pluie,Avec blessés légers,2499104.657,1118318.74,Route mouillée,Route principale,190000.0,Mardi,3,0,8,0,0,0,0,0,0,0,0,0,4,0,0,0,0.0,0.0,1,0,,,2022,2499104.66,1118318.74,6.131286615127679,46.20874013195052
33620,47936,220918003,20220918,Accident par tamponnement,Collision avec véhicule à l'arrêt,Etat de la personne - Influence de l'alcool,Genève,Nuit,Beau temps,Avec blessés légers,2500278.474,1117815.128,Route sèche,Route secondaire,10000.0,Dimanche,0,0,1,0,0,0,0,0,0,0,0,0,2,0,0,0,0.0,0.0,0,0,,,2022,2500278.47,1117815.13,6.146601195765241,46.204385645885566
33621,48188,221204073,20221204,Accident en quittant une route,Collision en obliquant à droite avec le trafic dans le même sens,Inattention et distraction - Manque d'attention momentané,Genève,Nuit,Temps couvert,Avec blessés légers,2500211.277,1118409.764,Route sèche,Route secondaire,180000.0,Dimanche,0,0,1,0,0,0,0,0,0,0,0,1,1,0,0,0,0.0,0.0,0,0,,,2022,2500211.28,1118409.76,6.145603656803867,46.209724001049295
33622,48189,220604062,20220530,Accident par tamponnement,Collision avec véhicule à l'arrêt,Inattention et distraction - Manque d'attention momentané,Lancy,Jour,Beau temps,Avec dommages matériels,2497770.286,1116099.846,Route sèche,Route principale,180000.0,Lundi,0,0,0,0,0,0,0,0,0,0,0,1,1,0,0,0,0.0,0.0,0,0,,,2022,2497770.29,1116099.85,6.114485576159133,46.188581119604486
33623,48190,220326101,20220326,Dérapage ou perte de maîtrise,Collision avec un obstacle hors de la chaussée,Inattention et distraction - Manque d'attention momentané,Genève,Jour,Beau temps,Avec dommages matériels,2500547.097,1119569.299,Route sèche,Autre,180000.0,Samedi,0,0,0,0,0,0,0,0,0,0,0,0,1,0,0,0,0.0,0.0,0,0,,,2022,2500547.1,1119569.3,6.149707183583564,46.220203126782195
33624,48191,220819090,20220817,Dérapage ou perte de maîtrise,Collision avec un obstacle en manoeuvrant,Conduite - Marche arrière imprudente,Versoix,Jour,Beau temps,Avec dommages matériels,2501030.613,1127648.742,Route sèche,Route secondaire,90000.0,Mercredi,0,0,0,0,0,0,0,0,0,0,0,0,0,0,1,0,0.0,0.0,0,0,,,2022,2501030.61,1127648.74,6.154255966577003,46.29294431992641
33625,48192,220402016,20220208,Accident en parquant,Collision avec un obstacle fixe (y compris véhicule correctement stationné),Cause inconnue - Véhicule stationné (omission de la déclaration obligatoire),Vernier,Inconnu,Autre,Avec dommages matériels,2496462.0,1119562.0,Autre,Autre,150000.0,Mardi,0,0,0,0,0,0,0,0,0,0,0,0,0,0,0,0,0.0,0.0,0,0,,,2022,2496462.0,1119562.0,6.096774835836693,46.21952049882273
33626,48193,220914146,20220901,Accident en parquant,Collision avec un obstacle fixe (y compris véhicule correctement stationné),Inattention et distraction - Manque d'attention momentané,Genève,Jour,Autre,Avec dommages matériels,2500535.253,1117840.738,Route sèche,Autre,120000.0,Jeudi,0,0,0,0,0,0,0,0,0,0,0,0,1,0,0,0,0.0,0.0,0,0,,,2022,2500535.25,1117840.74,6.149922116195618,46.20465403630925
33627,48194,221023012,20221023,Dérapage ou perte de maîtrise,Collision avec un obstacle sur la chaussée,Etat de la personne - Influence de l'alcool,Vernier,Nuit,Beau temps,Avec dommages matériels,2495782.536,1118867.086,Route sèche,Autoroute,40000.0,Dimanche,0,0,0,0,0,0,0,0,0,0,0,0,1,0,0,0,0.0,0.0,0,0,,,2022,2495782.54,1118867.09,6.088125878113572,46.213165266223854
33628,48195,220325242,20220325,Dérapage ou perte de maîtrise,Collision avec un obstacle hors de la chaussée,Etat de la personne - Influence de l'alcool,Jussy,Nuit,Beau temps,Avec dommages matériels,2509207.675,1121208.248,Route sèche,Route secondaire,210000.0,Vendredi,0,0,0,0,0,0,0,0,0,0,0,0,1,0,0,0,0.0,0.0,0,0,,,2022,2509207.68,1121208.25,6.261614047127279,46.236170771789226
33629,48196,220625033,20220625,Dérapage ou perte de maîtrise,Collision avec un obstacle hors de la chaussée,Etat de la personne - Tentative de suicide (conséquence de l'accident 970),Genève,Nuit,Beau temps,Avec dommages matériels,2500892.54,1117468.456,Route sèche,Route principale,60000.0,Samedi,0,0,0,0,0,0,0,0,0,0,0,0,1,0,0,0,0.0,0.0,0,0,,,2022,2500892.54,1117468.46,6.154629596381493,46.201358377187546
33630,48197,220415044,20220331,Accident en s'engageant sur une route,Collision en s'engageant depuis le bord de la route,Priorité - Non-respect du signal de priorité «Stop»,Satigny,Jour,Beau temps,Avec dommages matériels,2493394.783,1120105.994,Route sèche,Route principale,180000.0,Jeudi,0,0,0,0,0,0,0,0,0,0,0,0,2,0,0,0,0.0,0.0,0,0,,,2022,2493394.78,1120105.99,6.056906889381345,46.223933715743556
33631,48198,221019264,20221019,Accident lors d'un dépassement ou lors d'un changement de voie de circulation,Autre cas d'accident lors d'un dépassement ou lors d'un changement de voie de circulation,Dépassement - Moto circulant entre les colonnes,Meyrin,Jour,Beau temps,Avec blessés légers,2494555.274,1120638.645,Route sèche,Route principale,150000.0,Mercredi,0,0,1,0,0,0,0,0,0,0,0,1,1,0,0,0,0.0,0.0,0,0,,,2022,2494555.27,1120638.64,6.071824822849715,46.22890759637307
33632,48199,220602083,20220521,Accident en parquant,Collision avec un obstacle fixe (y compris véhicule correctement stationné),Inattention et distraction - Manque d'attention momentané,Onex,Jour,Beau temps,Avec dommages matériels,2497019.161,1116553.645,Route sèche,Route principale,140000.0,Samedi,0,0,0,0,0,0,0,0,0,0,0,0,1,0,0,0,0.0,0.0,0,0,,,2022,2497019.16,1116553.64,6.104658135305048,46.19254802235345
33633,48200,220329288,20220329,Dérapage ou perte de maîtrise,Collision avec un obstacle hors de la chaussée,Etat de la personne - Influence de l'alcool,Bernex,Nuit,Beau temps,Avec dommages matériels,2495337.049,1115631.608,Route sèche,Autoroute,190000.0,Mardi,0,0,0,0,0,0,0,0,0,0,0,0,1,0,0,0,0.0,0.0,0,0,,,2022,2495337.05,1115631.61,6.083079436058625,46.183995319615505
33634,48201,220705458,20220528,Dérapage ou perte de maîtrise,Collision avec un obstacle en manoeuvrant,Conduite - Marche arrière imprudente,Veyrier,Jour,Beau temps,Avec dommages matériels,2503240.718,1113600.834,Route sèche,Route principale,200000.0,Samedi,0,0,0,0,0,0,0,0,0,0,0,0,1,0,0,0,0.0,0.0,1,0,,,2022,2503240.72,1113600.83,6.18584815486315,46.166913307379524
33635,48202,220223133,20220223,Accident par tamponnement,Collision avec un véhicule en marche,Conduite - Suivre de trop près le véhicule qui précède,Corsier (GE),Jour,Beau temps,Avec blessés légers,2505608.516,1124381.097,Route sèche,Route principale,90000.0,Mercredi,0,0,1,0,0,0,0,0,0,0,0,1,1,0,0,0,0.0,0.0,0,0,,,2022,2505608.52,1124381.1,6.214319194582095,46.26421295384773
33636,48203,221108002,20220925,Dérapage ou perte de maîtrise,Collision avec un obstacle hors de la chaussée,Cause inconnue - Cause inconnue,Thônex,Nuit,Autre,Avec dommages matériels,2505972.403,1117148.279,Autre,Route secondaire,210000.0,Dimanche,0,0,0,0,0,0,0,0,0,0,0,0,0,0,0,0,0.0,0.0,0,0,,,2022,2505972.4,1117148.28,6.220496881908777,46.19920825988694
33637,48204,221127080,20221127,Collision frontale,Collision frontale avec le trafic venant en sens inverse (sans dépassement),Inattention et distraction - Distraction par des passagers ou des animaux dans la voiture,Genève,Nuit,Beau temps,Avec blessés légers,2498896.557,1119541.806,Route sèche,Route secondaire,180000.0,Dimanche,0,0,1,0,0,0,0,0,0,0,0,0,2,0,0,0,0.0,0.0,1,0,,,2022,2498896.56,1119541.81,6.128325607195283,46.2197095788229
33638,48205,220910012,20220905,Dérapage ou perte de maîtrise,Collision avec un obstacle sur la chaussée,Inattention et distraction - Manque d'attention momentané,Genève,Nuit,Beau temps,Avec dommages matériels,2500378.115,1118086.52,Route sèche,Route principale,50000.0,Lundi,0,0,0,0,0,0,0,0,0,0,0,0,1,0,0,0,0.0,0.0,0,0,,,2022,2500378.11,1118086.52,6.147834020956583,46.206841404883306
33639,47669,220202261,20220202,Accident impliquant des piétons,Piéton traversant la chaussée touché par un véhicule circulant en ligne droite,Priorité - Ne pas accorder la priorité à un passage pour piétons,Genève,Nuit,Temps couvert,Avec dommages matériels,2502211.369,1117681.408,Route humide,Route secondaire,200000.0,Mercredi,0,0,0,0,0,1,0,0,0,0,0,1,0,0,0,0,0.0,0.0,0,0,,,2022,2502211.37,1117681.41,6.171668489699132,46.20346688082882
33640,47670,220813097,20220813,Accident en parquant,Collision avec un obstacle fixe (y compris véhicule correctement stationné),Conduite - Marche arrière imprudente,Carouge (GE),Nuit,Beau temps,Avec dommages matériels,2499580.656,1115663.732,Route sèche,Route secondaire,0.0,Samedi,0,0,0,0,0,0,0,0,0,0,0,0,0,1,0,0,0.0,0.0,0,0,,,2022,2499580.66,1115663.73,6.138024371978575,46.18493130635525
33641,47671,220806063,20220806,Dérapage ou perte de maîtrise,Collision avec un autre usager de la route,Inattention et distraction - Manque d'expérience pratique de la conduite,Genève,Jour,Beau temps,Avec blessés légers,2501060.8,1117611.028,Route sèche,Route secondaire,160000.0,Samedi,0,0,1,0,0,0,0,1,0,0,0,1,0,0,0,0,0.0,0.0,1,0,,,2022,2501060.8,1117611.03,6.156778930861838,46.20266549344005
33642,47672,221101352,20221101,Accident par tamponnement,Collision avec véhicule à l'arrêt,Inattention et distraction - Distraction par le maniement du téléphone,Genève,Jour,Beau temps,Avec dommages matériels,2501805.016,1118304.483,Route sèche,Route principale,160000.0,Mardi,0,0,0,0,0,0,0,0,0,0,1,0,1,0,0,0,0.0,0.0,0,0,,,2022,2501805.02,1118304.48,6.166273525081007,46.20901179460317
33643,47673,220714005,20220713,Accident en traversant une route,Collision avec le trafic traversant depuis la gauche,Etat de la personne - Influence de l'alcool,Genève,Nuit,Beau temps,Avec blessés légers,2500196.309,1118179.424,Route sèche,Route principale,230000.0,Mercredi,0,0,2,0,0,0,1,1,0,0,0,0,0,0,0,0,0.0,0.0,0,0,,,2022,2500196.31,1118179.42,6.14545897667083,46.207650013612785
33644,47674,220804015,20220804,Dérapage ou perte de maîtrise,Collision avec un obstacle hors de la chaussée,Conduite - Marche arrière imprudente,Genève,Nuit,Beau temps,Avec dommages matériels,2499394.653,1118092.371,Route sèche,Route secondaire,30000.0,Jeudi,0,0,0,0,0,0,0,0,0,0,0,0,1,0,0,0,0.0,0.0,0,0,,,2022,2499394.65,1118092.37,6.135092291914641,46.20674754625722
33645,47675,220114082,20220113,Accident par tamponnement,Collision avec véhicule à l'arrêt,Conduite - Suivre de trop près le véhicule qui précède,Genève,Nuit,Beau temps,Avec blessés légers,2501097.885,1116796.256,Route sèche,Route principale,180000.0,Jeudi,0,0,1,0,0,0,0,0,0,0,0,0,2,0,0,0,0.0,0.0,0,0,,,2022,2501097.89,1116796.26,6.157432009108928,46.19534258841547
33646,47676,220326055,20220324,Accident en parquant,Collision avec un obstacle fixe (y compris véhicule correctement stationné),Conduite - Marche arrière imprudente,Genève,Jour,Beau temps,Avec dommages matériels,2501415.0,1116378.0,Route sèche,Route secondaire,140000.0,Jeudi,0,0,0,0,0,0,0,0,0,0,0,0,1,0,0,0,0.0,0.0,0,0,,,2022,2501415.0,1116378.0,6.161627554737792,46.19162716522657
33647,47677,220923109,20220706,Accident en parquant,Avec violation de l'obligation de déclarer,Cause inconnue - Véhicule stationné (omission de la déclaration obligatoire),Carouge (GE),Jour,Beau temps,Avec dommages matériels,2499421.733,1116175.419,Route sèche,Route secondaire,180000.0,Mercredi,0,0,0,0,0,0,0,0,0,0,0,0,0,0,0,0,0.0,0.0,0,0,,,2022,2499421.73,1116175.42,6.13585610545727,46.18950987239234
33648,47678,22116150,20221111,Accident par tamponnement,Collision avec véhicule à l'arrêt,Inattention et distraction - Manque d'attention momentané,Genève,Nuit,Beau temps,Avec dommages matériels,2500412.938,1118032.808,Route sèche,Route principale,200000.0,Vendredi,0,0,0,0,0,0,0,0,0,0,0,0,3,0,0,0,0.0,0.0,0,0,,,2022,2500412.94,1118032.81,6.148296696992408,46.20636347785799
33649,47679,220211127,20220203,Accident en parquant,Avec violation de l'obligation de déclarer,Cause inconnue - Cause inconnue,Vernier,Inconnu,Autre,Avec dommages matériels,2496291.289,1119579.231,Autre,Autre,140000.0,Jeudi,0,0,0,0,0,0,0,0,0,0,0,0,0,0,0,0,0.0,0.0,0,0,,,2022,2496291.29,1119579.23,6.094559005569359,46.219649148208596
33650,47680,221204019,20221203,Accident en traversant une route,Collision avec le trafic traversant depuis la droite,Signalisation lumineuse - Non-respect d'un feu rouge,Onex,Nuit,Temps couvert,Avec dommages matériels,2497238.613,1115856.871,Route sèche,Route principale,180000.0,Samedi,0,0,0,0,0,0,0,0,0,0,0,0,1,0,0,0,1.0,0.0,0,1,,,2022,2497238.61,1115856.87,6.107653613699075,46.186314642144985
33651,47681,220508031,20220429,Dérapage ou perte de maîtrise,Collision avec un obstacle hors de la chaussée,Inattention et distraction - Manque d'attention momentané,Vernier,Nuit,Beau temps,Avec dommages matériels,2497367.129,1119621.129,Route sèche,Route principale,10000.0,Vendredi,0,0,0,0,0,0,0,0,0,0,0,0,1,0,0,0,0.0,0.0,0,0,,,2022,2497367.13,1119621.13,6.108490215316672,46.22019117262178
33652,47682,220719104,20220620,Accident en parquant,Collision avec un obstacle fixe (y compris véhicule correctement stationné),Conduite - Marche arrière imprudente,Genève,Nuit,Beau temps,Avec dommages matériels,2499380.702,1118717.83,Route sèche,Route principale,230000.0,Lundi,0,0,0,0,0,0,0,0,0,0,0,0,0,1,0,0,0.0,0.0,0,0,,,2022,2499380.7,1118717.83,6.134776709377213,46.21237106894261
33653,47683,220503256,20220503,Accident lors d'un dépassement ou lors d'un changement de voie de circulation,Autre cas d'accident lors d'un dépassement ou lors d'un changement de voie de circulation,Inattention et distraction - Manque d'attention momentané,Confignon,Jour,Beau temps,Avec blessés graves,2495765.774,1115098.645,Route sèche,Route secondaire,80000.0,Mardi,0,0,0,1,0,0,0,0,0,0,0,1,0,0,0,0,0.0,0.0,0,0,,,2022,2495765.77,1115098.64,6.0887499324834975,46.17926823940849