,OBJECTID,ID_ACCIDENT,DATE_,GROUPE_ACCIDENT,TYPE,CAUSE,COMMUNE,CONDITIONS_LUMINEUSES,CONDITIONS_METEO,CONSEQUENCES,COOR_X,COOR_Y,ETAT_ROUTE,GENRE_ROUTE,HEURE,JOUR,NB_ENFANTS_IMPLIQUES,NB_ENFANTS_ECOLE,NB_BLESSES_LEGERS,NB_BLESSES_GRAVES,NB_TUES,NB_PIETONS,NB_BICYCLETTES,NB_VAE_25,NB_VAE_45,NB_CYCLOMOTEURS,NB_MOTOS_50,NB_MOTOS,NB_VOITURES_TOURISME,NB_VOITURES_LIVRAISON,NB_CAMIONS,NB_BUS,NB_TRAM,NB_TRAINS,NB_SENIORS,NB_TC,REF_GROUPE_CAUSE,TOTAL_PERSONNES,ANNEE,E,N,LATITUDE,LONGITUDE
33654,47684,220119227,20220119,Accident en quittant une route,Collision en obliquant à gauche avec le trafic venant en sens inverse,Priorité - Priorité en obliquant à gauche devant des véhicules venant en sens inverse,Genève,Jour,Beau temps,Avec blessés légers,2501109.166,1115787.91,Route sèche,Route principale,70000.0,Mercredi,0,0,1,0,0,0,0,0,0,1,0,1,1,0,0,0,0.0,0.0,1,0,,,2022,2501109.17,1115787.91,6.157791654631445,46.18627475301609
33655,47685,220222073,20220222,Accident par tamponnement,Collision avec un véhicule en marche,Cause inconnue - Cause inconnue,Vernier,Jour,Pluie,Avec dommages matériels,2496584.622,1119424.992,Route mouillée,Autoroute,80000.0,Mardi,0,0,0,0,0,0,0,0,0,0,0,0,1,0,1,0,0.0,0.0,0,0,,,2022,2496584.62,1119424.99,6.098394076999918,46.218307071256795
33656,47686,221221007,20221027,Accident par tamponnement,Collision avec un véhicule en marche,Inattention et distraction - Manque d'attention momentané,Lancy,Jour,Beau temps,Avec dommages matériels,2498531.379,1115913.597,Route sèche,Autre,80000.0,Jeudi,0,0,0,0,0,0,0,0,0,0,0,0,1,0,0,0,0.0,0.0,0,0,,,2022,2498531.38,1115913.6,6.12438243702432,46.18702120763945
33657,47937,221015028,20220914,Accident en s'engageant sur une route,Collision en s'engageant depuis le bord de la route,Priorité - Non-respect du signal de priorité «Stop»,Genthod,Jour,Pluie,Avec blessés légers,2500967.061,1124431.01,Route mouillée,Route principale,80000.0,Mercredi,0,0,1,0,0,0,0,0,0,0,0,0,2,0,0,0,0.0,0.0,0,0,,,2022,2500967.06,1124431.01,6.154115998110637,46.26399334379761
33658,47938,220716041,20220716,Dérapage ou perte de maîtrise,Collision avec un obstacle hors de la chaussée,Etat de la personne - Influence de stupéfiants,Genève,Nuit,Beau temps,Avec dommages matériels,2500178.196,1118513.063,Route sèche,Route secondaire,60000.0,Samedi,0,0,0,0,0,0,0,0,0,0,0,0,1,0,0,0,0.0,0.0,0,0,,,2022,2500178.2,1118513.06,6.145152992354698,46.210648208186605
33659,47939,4406,20220416,Accident par tamponnement,Collision avec un véhicule en marche,Inattention et distraction - Manque d'attention momentané,Céligny,Jour,Beau temps,Avec blessés légers,2502934.781,1134603.798,Route sèche,Autoroute,140000.0,Samedi,0,0,4,0,0,0,0,0,0,0,0,0,3,0,0,0,0.0,0.0,0,0,,,2022,2502934.78,1134603.8,6.177510451474241,46.35577949829031
33660,47940,221001090,20220919,Accident en s'engageant sur une route,Collision en s'engageant depuis le bord de la route,Priorité - Autres attitude fautive en lien avec la priorité,Genève,Jour,Beau temps,Avec dommages matériels,2499611.94,1118188.407,Route sèche,Route principale,140000.0,Lundi,0,0,0,0,0,0,0,0,0,0,0,0,1,0,1,0,0.0,0.0,0,0,,,2022,2499611.94,1118188.41,6.137886564860803,46.2076438514948
33661,47941,220503345,20220503,Collision frontale,Collision frontale avec le trafic venant en sens inverse (sans dépassement),Conduite - Croisement longitudinal non conforme ou circulation trop à gauche,Genève,Jour,Beau temps,Avec blessés graves,2500768.733,1117703.88,Route mouillée,Autre,150000.0,Mardi,0,0,1,1,0,0,0,1,1,0,0,0,0,0,0,0,0.0,0.0,0,0,,,2022,2500768.73,1117703.88,6.152975776209487,46.2034575715007
33662,47942,220203125,20220203,Dérapage ou perte de maîtrise,Collision avec un obstacle sur la chaussée,Inattention et distraction - Manque d'attention momentané,Le Grand-Saconnex,Jour,Temps couvert,Avec blessés légers,2497535.507,1120694.354,Route sèche,Route secondaire,90000.0,Jeudi,0,0,1,0,0,0,0,0,1,0,0,0,0,0,0,0,0.0,0.0,0,0,,,2022,2497535.51,1120694.35,6.110436272351363,46.229869748015595
33663,47943,220831154,20220826,Accident en parquant,Autres cas d'accident en parquant,Utilisation du véhicule - Stationnement sans précautions suffisantes,Genève,Jour,Beau temps,Avec dommages matériels,2500229.229,1118745.719,Route sèche,Route secondaire,180000.0,Vendredi,0,0,0,0,0,0,0,0,0,0,0,0,0,1,0,0,0.0,0.0,0,0,,,2022,2500229.23,1118745.72,6.145764372158796,46.21274841718173
33664,47944,220305036,20220305,Dérapage ou perte de maîtrise,Collision avec un obstacle en manoeuvrant,Etat de la personne - Influence de l'alcool,Genève,Jour,Beau temps,Avec dommages matériels,2501243.839,1117521.387,Route sèche,Autre,70000.0,Samedi,0,0,0,0,0,0,0,0,0,0,0,0,1,0,0,0,0.0,0.0,0,0,,,2022,2501243.84,1117521.39,6.159168962236887,46.20188615081052
33665,47945,220330240,20220330,Accident en traversant une route,Collision avec le trafic traversant depuis la gauche,Priorité - Non-respect du signal de priorité «Cédez le passage»,Genève,Jour,Beau temps,Avec blessés légers,2500055.378,1117471.494,Route sèche,Route principale,130000.0,Mercredi,0,0,1,0,0,0,0,0,0,0,0,0,1,0,0,0,0.0,0.0,0,0,,,2022,2500055.38,1117471.49,6.143784830574523,46.20126168786644
33666,47946,220113039,20220113,Dérapage ou perte de maîtrise,Collision avec un obstacle hors de la chaussée,Etat de la personne - Influence de l'alcool,Genève,Nuit,Beau temps,Avec dommages matériels,2498945.499,1117408.487,Route sèche,Route principale,60000.0,Jeudi,0,0,0,0,0,0,0,0,0,0,0,0,1,0,0,0,0.0,0.0,0,0,,,2022,2498945.5,1117408.49,6.129421753958464,46.200529119892366
33667,47947,220825298,20220825,Accident lors d'un dépassement ou lors d'un changement de voie de circulation,Frôlement latéral avec le véhicule dépassé,Dépassement - En dépassant de trop près (latéral),Genève,Jour,Beau temps,Avec blessés légers,2499797.921,1118309.167,Route sèche,Route principale,190000.0,Jeudi,0,0,1,0,0,0,0,0,0,0,0,1,1,0,0,0,0.0,0.0,2,0,,,2022,2499797.92,1118309.17,6.140269995850659,46.2087577615523
33668,47948,221118105,20221102,Dérapage ou perte de maîtrise,Collision avec un obstacle hors de la chaussée,Etat de la personne - Influence de médicaments,Genève,Nuit,Temps couvert,Avec blessés légers,2499122.241,1118562.113,Route sèche,Route secondaire,230000.0,Mercredi,0,0,1,0,0,0,0,0,0,0,0,0,1,0,0,0,0.0,0.0,0,0,,,2022,2499122.24,1118562.11,6.1314617555617055,46.21093172581931
33669,47949,220908037,20220908,Dérapage ou perte de maîtrise,Collision avec un obstacle hors de la chaussée,Etat de la personne - Influence de l'alcool,Genève,Nuit,Temps couvert,Avec blessés graves,2501433.638,1116679.794,Route humide,Route principale,60000.0,Jeudi,0,0,0,2,0,0,0,0,0,0,0,0,1,0,0,0,0.0,0.0,0,0,,,2022,2501433.64,1116679.79,6.161805256972718,46.19434431813168
33670,47950,221120075,20221120,Dérapage ou perte de maîtrise,Collision avec un obstacle sur la chaussée,Etat de la personne - Influence de l'alcool,Onex,Jour,Beau temps,Avec dommages matériels,2496559.773,1116293.792,Route sèche,Route principale,160000.0,Dimanche,0,0,0,0,0,0,0,0,0,0,0,0,1,0,0,0,0.0,0.0,0,0,,,2022,2496559.77,1116293.79,6.098766026961906,46.19014034102789
33671,47951,221002002,20221001,Dérapage ou perte de maîtrise,Collision avec un autre usager de la route,Inattention et distraction - Manque d'expérience pratique de la conduite,Genève,Nuit,Pluie,Avec blessés légers,2500369.33,1118282.792,Route mouillée,Route principale,230000.0,Samedi,0,0,1,0,0,0,0,0,0,0,0,1,1,0,0,0,0.0,0.0,0,0,,,2022,2500369.33,1118282.79,6.147678375804926,46.208605430650344
33672,47952,221014003,20221013,Accident lors d'un dépassement ou lors d'un changement de voie de circulation,Frôlement latéral avec le véhicule sur la voie voisine,Etat de la personne - Influence de l'alcool,Lancy,Nuit,Temps couvert,Avec dommages matériels,2498822.731,1114434.023,Route sèche,Route principale,220000.0,Jeudi,0,0,0,0,0,0,0,0,0,0,0,0,2,0,0,0,0.0,0.0,0,0,,,2022,2498822.73,1114434.02,6.128475880748547,46.17375727631128
33673,47953,220525009,20220524,Accident lors d'un dépassement ou lors d'un changement de voie de circulation,Collision lors du changement de voie vers la gauche,Conduite - Manque d'égards en changeant de voie,Confignon,Jour,Beau temps,Avec dommages matériels,2496436.568,1113651.734,Route sèche,Autoroute,170000.0,Mardi,0,0,0,0,0,0,0,0,0,0,0,1,1,0,0,0,0.0,0.0,0,0,,,2022,2496436.57,1113651.73,6.097756183131998,46.166357973363446
33674,47954,220723051,20220720,Accident lors d'un dépassement ou lors d'un changement de voie de circulation,Collision lors du changement de voie vers la droite,Conduite - Manque d'égards en changeant de voie,Confignon,Jour,Beau temps,Avec dommages matériels,2496315.685,1113811.319,Route sèche,Autoroute,110000.0,Mercredi,0,0,0,0,0,0,0,0,0,0,0,0,2,0,0,0,0.0,0.0,0,0,,,2022,2496315.68,1113811.32,6.0961558575865515,46.167774745387526
33675,48206,220708280,20220708,Dérapage ou perte de maîtrise,Collision avec un obstacle hors de la chaussée,Etat de la personne - Influence de médicaments,Genève,Jour,Beau temps,Avec dommages matériels,2501024.227,1117226.058,Route sèche,Route secondaire,190000.0,Vendredi,0,0,0,0,0,0,0,0,0,0,0,0,1,0,0,0,0.0,0.0,0,0,,,2022,2501024.23,1117226.06,6.156386838551348,46.199197538227374
33676,48207,221212306,20221210,Accident en parquant,Avec violation de l'obligation de déclarer,Cause inconnue - Véhicule stationné (omission de la déclaration obligatoire),Genève,Inconnu,Autre,Avec dommages matériels,2500690.861,1117040.286,Autre,Route principale,180000.0,Samedi,0,0,0,0,0,0,0,0,0,0,0,0,0,0,0,0,0.0,0.0,0,0,,,2022,2500690.86,1117040.29,6.152108227229747,46.19747748764539
33677,48208,220914223,20220913,Autres,Autres,Utilisation du véhicule - Stationnement sans précautions suffisantes,Genève,Jour,Beau temps,Avec dommages matériels,2499506.757,1116280.87,Route sèche,Route secondaire,180000.0,Mardi,0,0,0,0,0,0,0,0,0,0,0,0,1,0,0,0,0.0,0.0,1,0,,,2022,2499506.76,1116280.87,6.136934603908556,46.19047104050381
33678,48209,220819137,20220728,Accident en parquant,Avec violation de l'obligation de déclarer,Cause inconnue - Véhicule stationné (omission de la déclaration obligatoire),Genève,Inconnu,Autre,Avec dommages matériels,2498979.323,1117003.032,Autre,Route principale,150000.0,Jeudi,0,0,0,0,0,0,0,0,0,0,0,0,0,0,0,0,0.0,0.0,0,0,,,2022,2498979.32,1117003.03,6.129947572619778,46.196887356504305
33679,48210,221111007,20221110,Accident impliquant des piétons,Piéton traversant la chaussée touché par un véhicule circulant en ligne droite,Comportement du piéton / du conducteur d'EAV - Autre attitude fautive du piéton ou du conducteur d'EAV,Vernier,Nuit,Temps couvert,Avec blessés légers,2498158.505,1119164.314,Route humide,Route principale,190000.0,Jeudi,0,0,2,0,0,1,0,0,0,0,0,1,0,0,0,0,0.0,0.0,0,0,,,2022,2498158.5,1119164.31,6.118844415645232,46.21620277616638
33680,48211,221111243,20221111,Accident par tamponnement,"Collision avec véhicule à l'arrêt, en reculant",Etat de la personne - Influence de l'alcool,Genève,Nuit,Temps couvert,Avec dommages matériels,2499545.193,1118524.968,Route sèche,Route secondaire,200000.0,Vendredi,0,0,0,0,0,0,0,0,0,0,0,0,2,0,0,0,0.0,0.0,0,0,,,2022,2499545.19,1118524.97,6.136949372092661,46.21066102130952
33681,48212,221129310,20221129,Dérapage ou perte de maîtrise,Collision avec un obstacle sur la chaussée,Etat de la personne - Influence de l'alcool,Vandoeuvres,Nuit,Beau temps,Avec dommages matériels,2504920.281,1119510.595,Route sèche,Route principale,180000.0,Mardi,0,0,0,0,0,0,0,0,0,0,0,0,1,0,0,0,0.0,0.0,1,0,,,2022,2504920.28,1119510.59,6.206387301186676,46.22030804595493
33682,48213,220402052,20220329,Accident en parquant,Collision avec un obstacle fixe (y compris véhicule correctement stationné),Inattention et distraction - Manque d'attention momentané,Carouge (GE),Jour,Beau temps,Avec dommages matériels,2498834.28,1115954.131,Route sèche,Autre,70000.0,Mardi,0,0,0,0,0,0,0,0,0,0,0,0,1,0,0,0,0.0,0.0,0,0,,,2022,2498834.28,1115954.13,6.128296214323862,46.187431387199034
33683,48214,221001082,20221001,Accident lors d'un dépassement ou lors d'un changement de voie de circulation,Autre cas d'accident lors d'un dépassement ou lors d'un changement de voie de circulation,Dépassement - Dépassement par la droite,Genève,Jour,Pluie,Avec blessés légers,2500062.742,1117047.581,Route humide,Route principale,130000.0,Samedi,0,0,1,0,0,0,0,0,0,0,0,1,1,0,0,0,0.0,0.0,1,0,,,2022,2500062.74,1117047.58,6.1439709201506565,46.19744997872366
33684,48215,220112263,20220112,Accident en quittant une route,"Collision en obliquant à droite avec les usagers d'une voie séparée, d'une piste séparée, d'une piste cyclable/voie piétonne séparée, des rails de tramway",Inattention et distraction - Manque d'attention momentané,Lancy,Jour,Beau temps,Avec blessés graves,2498310.664,1115033.723,Route sèche,Route principale,140000.0,Mercredi,0,0,0,1,0,0,0,0,0,0,0,1,0,0,1,0,0.0,0.0,0,0,,,2022,2498310.66,1115033.72,6.121715669532515,46.179073942806035
33685,48216,220123065,20220123,Dérapage ou perte de maîtrise,Collision avec un obstacle hors de la chaussée,Inattention et distraction - Manque d'attention momentané,Vernier,Jour,Temps couvert,Avec dommages matériels,2496705.153,1117786.435,Route sèche,Route principale,150000.0,Dimanche,0,0,0,0,0,0,0,0,0,0,0,0,1,0,0,0,0.0,0.0,1,0,,,2022,2496705.15,1117786.43,6.100318547998263,46.20358792123577
33686,48217,220516376,20220516,Accident par tamponnement,Collision avec un véhicule en marche,Conduite - Suivre de trop près le véhicule qui précède,Bernex,Jour,Beau temps,Avec dommages matériels,2493358.557,1114624.65,Route sèche,Route principale,70000.0,Lundi,0,0,0,0,0,0,0,0,0,0,0,0,2,0,0,0,0.0,0.0,0,0,,,2022,2493358.56,1114624.65,6.05768965004574,46.17462769313372
33687,48218,220819134,20220819,Dérapage ou perte de maîtrise,Collision avec un obstacle hors de la chaussée,"Etat de la personne - Excès de fatigue, endormissement (y compris endormissement passager)",Le Grand-Saconnex,Jour,Temps couvert,Avec dommages matériels,2497495.5,1120889.323,Route sèche,Route principale,100000.0,Vendredi,0,0,0,0,0,0,0,0,0,0,0,0,1,0,0,0,0.0,0.0,0,0,,,2022,2497495.5,1120889.32,6.109874876205577,46.231617267614915
33688,48219,221115230,20221009,Dérapage ou perte de maîtrise,Collision avec un obstacle hors de la chaussée,Etat de la personne - Influence de l'alcool,Genève,Nuit,Beau temps,Avec dommages matériels,2500353.907,1118509.503,Route sèche,Autre,60000.0,Dimanche,0,0,0,0,0,0,0,0,0,0,0,0,1,0,0,0,0.0,0.0,0,0,,,2022,2500353.91,1118509.5,6.147430194926058,46.210642260949605
33689,48220,221126016,20221126,Dérapage ou perte de maîtrise,Sans collision,Etat de la personne - Influence de l'alcool,Genève,Nuit,Temps couvert,Avec dommages matériels,2500177.372,1118451.446,Route sèche,Route principale,30000.0,Samedi,0,0,0,0,0,0,0,0,0,0,0,1,0,0,0,0,0.0,0.0,1,0,,,2022,2500177.37,1118451.45,6.145155419037491,46.21009394134895
33690,48221,220222043,20220222,Dérapage ou perte de maîtrise,Collision avec un obstacle hors de la chaussée,Conduite - Marche arrière imprudente,Puplinge,Inconnu,Beau temps,Avec dommages matériels,2506877.406,1118422.712,Route sèche,Route secondaire,80000.0,Mardi,0,0,0,0,0,0,0,0,0,0,0,0,1,0,0,0,0.0,0.0,0,0,,,2022,2506877.41,1118422.71,6.231965338983485,46.21079713902702
33691,48222,220922204,20220922,Accident en quittant une route,Collision en obliquant à droite avec le trafic dans le même sens,Priorité - Autres attitude fautive en lien avec la priorité,Genève,Jour,Temps couvert,Avec blessés légers,2501249.622,1117489.973,Route sèche,Route principale,120000.0,Jeudi,0,0,1,0,0,0,0,0,0,0,0,1,1,0,0,0,0.0,0.0,0,0,,,2022,2501249.62,1117489.97,6.159250481463868,46.20160439588224
33692,48223,220306008,20220305,Accident par tamponnement,Collision avec véhicule à l'arrêt,Etat de la personne - Influence de l'alcool,Genève,Nuit,Autre,Avec dommages matériels,2499774.613,1118171.866,Route sèche,Route principale,220000.0,Samedi,0,0,0,0,0,0,0,0,0,0,0,0,3,0,0,0,0.0,0.0,0,0,,,2022,2499774.61,1118171.87,6.139997497781448,46.20751935968336
33693,47687,220627371,20220617,Accident en s'engageant sur une route,Collision en obliquant à gauche avec le trafic venant de droite,Signalisation - Inobservation d'un signal,Carouge (GE),Nuit,Beau temps,Avec blessés légers,2499657.676,1114485.262,Route sèche,Route principale,220000.0,Vendredi,0,0,1,0,0,0,1,0,0,0,0,1,0,0,0,0,0.0,0.0,1,0,,,2022,2499657.68,1114485.26,6.139274876328661,46.1743432304036
33694,47688,220519225,20220519,Accident impliquant des piétons,Piéton traversant la chaussée touché par un véhicule circulant en ligne droite,Signalisation lumineuse - Non-respect d'un feu rouge,Vernier,Jour,Pluie,Avec blessés légers,2497794.274,1119582.202,Route mouillée,Route principale,120000.0,Jeudi,0,0,1,0,0,1,0,0,0,0,0,0,0,0,0,0,0.0,0.0,0,0,,,2022,2497794.27,1119582.2,6.114033565228086,46.21990612143339
33695,47689,221121002,20221120,Accident en parquant,Avec violation de l'obligation de déclarer,Cause inconnue - Véhicule stationné (omission de la déclaration obligatoire),Genève,Nuit,Beau temps,Avec dommages matériels,2499038.129,1118039.774,Route sèche,Route secondaire,210000.0,Dimanche,0,0,0,0,0,0,0,0,0,0,0,0,0,0,0,0,0.0,0.0,0,0,,,2022,2499038.13,1118039.77,6.130485059787436,46.206220988780416
33696,47690,221018136,20220922,Accident par tamponnement,Collision avec véhicule à l'arrêt,Inattention et distraction - Manque d'attention momentané,Genève,Jour,Beau temps,Avec dommages matériels,2500956.504,1117806.988,Route sèche,Route principale,80000.0,Jeudi,0,0,0,0,0,0,0,0,0,0,0,1,1,0,0,0,0.0,0.0,0,0,,,2022,2500956.5,1117806.99,6.155386266135421,46.20441267553408
33697,47691,220221335,20220221,Accident impliquant des piétons,Piéton traversant la chaussée touché par un véhicule circulant en ligne droite,Priorité - Ne pas accorder la priorité à un passage pour piétons,Meyrin,Nuit,Beau temps,Avec blessés graves,2495495.439,1121366.084,Route sèche,Route secondaire,190000.0,Lundi,0,0,0,1,0,1,0,0,0,0,0,0,1,0,0,0,0.0,0.0,1,0,,,2022,2495495.44,1121366.08,6.083846245429437,46.23559726802687
33698,47692,221111001,20221110,Accident en quittant une route,Collision en obliquant à gauche avec le trafic venant en sens inverse,Priorité - Priorité en obliquant à gauche devant des véhicules venant en sens inverse,Veyrier,Jour,Temps couvert,Avec blessés légers,2500744.873,1114765.056,Route humide,Route secondaire,90000.0,Jeudi,0,0,1,0,0,0,0,0,0,0,0,1,1,0,0,0,0.0,0.0,0,0,,,2022,2500744.87,1114765.06,6.153291349227467,46.17702117794012
33699,47693,22043057,20220430,Dérapage ou perte de maîtrise,Collision avec un obstacle hors de la chaussée,"Vitesse - Poursuite, course",Lancy,Jour,Beau temps,Avec dommages matériels,2498771.112,1114199.581,Route sèche,Route secondaire,150000.0,Samedi,0,0,0,0,0,0,0,0,0,0,0,0,0,0,0,0,0.0,0.0,0,0,,,2022,2498771.11,1114199.58,6.127858352821261,46.17164087926182
33700,47694,220529025,20220529,Dérapage ou perte de maîtrise,Collision avec un obstacle sur la chaussée,"Vitesse - Inadaptée aux conditions de la route (mouillée, verglacée, gravillon, feuilles, etc.)",Thônex,Aurore / crépuscule,Beau temps,Avec blessés légers,2505955.017,1117120.566,Route sèche,Route principale,70000.0,Dimanche,0,0,4,0,0,0,0,0,0,0,0,0,1,0,0,0,0.0,0.0,0,0,,,2022,2505955.02,1117120.57,6.220277338930911,46.19895659084091
33701,47695,220726291,20220726,Accident en traversant une route,Collision avec le trafic traversant depuis la droite,Priorité - Non-respect du signal de priorité «Stop»,Le Grand-Saconnex,Jour,Beau temps,Avec blessés légers,2498905.194,1121201.839,Route sèche,Route secondaire,120000.0,Mardi,0,0,1,0,0,0,0,0,0,0,0,0,1,0,0,0,0.0,0.0,0,0,,,2022,2498905.19,1121201.84,6.1280775686074005,46.2346417711873
33702,47696,221203054,20221203,Dérapage ou perte de maîtrise,Collision avec un obstacle hors de la chaussée,Inattention et distraction - Manque d'attention momentané,Vernier,Jour,Temps couvert,Avec blessés graves,2495120.0,1118872.581,Route sèche,Route principale,110000.0,Samedi,0,0,0,1,0,0,1,0,0,0,0,0,0,0,0,0,0.0,0.0,1,0,,,2022,2495120.0,1118872.58,6.07954071603217,46.213111586651635
33703,47697,221116186,20221116,Accident en s'engageant sur une route,Collision en s'engageant depuis le bord de la route,Priorité - Autres attitude fautive en lien avec la priorité,Vernier,Jour,Temps couvert,Avec blessés graves,2497843.701,1119154.645,Route humide,Route secondaire,90000.0,Mercredi,0,0,0,1,0,0,0,0,0,0,0,1,1,0,0,0,0.0,0.0,0,0,,,2022,2497843.7,1119154.64,6.11476769718704,46.216068024644336
33704,47698,220505005,20220504,Accident en quittant une route,"Collision en obliquant à gauche avec les usagers d'une voie séparée, d'une piste séparée, d'une piste cyclable/voie piétonne séparée, des rails de tramway",Priorité - Autres attitude fautive en lien avec la priorité,Genève,Jour,Beau temps,Avec blessés légers,2501064.629,1116819.185,Route sèche,Route principale,70000.0,Mercredi,0,0,1,0,0,0,1,0,0,0,0,0,0,1,0,0,0.0,0.0,0,0,,,2022,2501064.63,1116819.18,6.156996366552688,46.195543846271946
33705,47699,220816294,20220815,Accident par tamponnement,Collision avec un véhicule en marche,Inattention et distraction - Manque d'attention momentané,Genève,Nuit,Temps couvert,Avec dommages matériels,2500605.532,1117757.25,Route sèche,Route principale,10000.0,Lundi,0,0,0,0,0,0,0,0,0,0,0,0,1,0,0,0,0.0,0.0,0,0,,,2022,2500605.53,1117757.25,6.150850321755083,46.203913490681586
33706,47700,220804208,20220804,Dérapage ou perte de maîtrise,Collision avec un obstacle sur la chaussée,"Utilisation du véhicule - Manouvres incorrectes dans le véhicule (confusion frein - accélérateur, glisser de la pédale de frein dans les véhicules à transmission automatique, etc.)",Lancy,Jour,Beau temps,Avec dommages matériels,2498210.449,1115536.061,Route sèche,Route principale,100000.0,Jeudi,0,0,0,0,0,0,0,0,0,0,0,0,3,0,0,0,0.0,0.0,1,0,,,2022,2498210.45,1115536.06,6.120308678521495,46.18357698811117
33707,47701,220518243,20220326,Accident en parquant,Collision avec un obstacle fixe (y compris véhicule correctement stationné),Conduite - Marche arrière imprudente,Versoix,Inconnu,Autre,Avec dommages matériels,2501831.091,1127100.069,Autre,Route principale,110000.0,Samedi,0,0,0,0,0,0,0,0,0,0,0,0,0,1,0,0,0.0,0.0,0,0,,,2022,2501831.09,1127100.07,6.164758238698208,46.288126910660544
33708,47702,221119106,20221118,Accident par tamponnement,Collision avec un véhicule en marche,Inattention et distraction - Manque d'attention momentané,Genève,Jour,Temps couvert,Avec dommages matériels,2499721.627,1118127.426,Route sèche,Route principale,160000.0,Vendredi,0,0,0,0,0,0,0,0,0,0,0,1,1,0,0,0,0.0,0.0,0,0,,,2022,2499721.63,1118127.43,6.139320695638494,46.207111748324984
33709,47703,221118206,20221118,Accident par tamponnement,Collision avec véhicule à l'arrêt,Inattention et distraction - Manque d'attention momentané,Vernier,Aurore / crépuscule,Pluie,Avec blessés légers,2496128.808,1119019.953,Route mouillée,Autoroute,60000.0,Vendredi,0,0,1,0,0,0,0,0,0,0,0,0,1,1,0,0,0.0,0.0,0,0,,,2022,2496128.81,1119019.95,6.092578166236601,46.21459373424906
33710,47955,220214232,20220112,Accident en parquant,Collision avec une portière ouverte,Utilisation du véhicule - Ouverture imprudente de la portière,Genève,Jour,Beau temps,Avec dommages matériels,2500173.548,1117437.452,Route sèche,Route secondaire,130000.0,Mercredi,0,0,0,0,0,0,0,0,0,0,0,0,2,0,0,0,0.0,0.0,0,0,,,2022,2500173.55,1117437.45,6.145322818325358,46.20097307770557
33711,47956,230113014,20220412,Accident par tamponnement,Collision avec véhicule à l'arrêt,Conduite - Suivre de trop près le véhicule qui précède,Lancy,Jour,Beau temps,Avec dommages matériels,2497354.158,1116128.234,Route sèche,Route principale,130000.0,Mardi,0,0,0,0,0,0,0,0,0,0,0,0,2,0,0,0,0.0,0.0,0,0,,,2022,2497354.16,1116128.23,6.109090320046201,46.18877298312813
33712,47957,221011261,20221011,Accident par tamponnement,Collision avec un véhicule en marche,Conduite - Suivre de trop près le véhicule qui précède,Cologny,Jour,Beau temps,Avec blessés graves,2502558.171,1119009.046,Route sèche,Autre,180000.0,Mardi,0,0,0,1,0,0,0,1,1,0,0,0,0,0,0,0,0.0,0.0,0,0,,,2022,2502558.17,1119009.05,6.175883715615046,46.21545861193206
33713,47958,220529007,20220521,Accident en quittant une route,"Collision en obliquant à gauche avec les usagers d'une voie séparée, d'une piste séparée, d'une piste cyclable/voie piétonne séparée, des rails de tramway",Inattention et distraction - Manque d'attention momentané,Genève,Nuit,Beau temps,Avec dommages matériels,2500323.344,1118319.649,Route sèche,Route secondaire,50000.0,Samedi,0,0,0,0,0,0,0,0,0,0,0,0,2,0,0,0,0.0,0.0,0,0,,,2022,2500323.34,1118319.65,6.1470746932626055,46.20893014500524
33714,47959,220928267,20220922,Accident par tamponnement,Collision avec véhicule à l'arrêt,Dépassement - En dépassant de trop près (latéral),Le Grand-Saconnex,Jour,Temps couvert,Avec dommages matériels,2498487.37,1121026.687,Route sèche,Route principale,180000.0,Jeudi,0,0,0,0,0,0,0,0,0,0,0,0,2,0,0,0,0.0,0.0,1,0,,,2022,2498487.37,1121026.69,6.122700203269165,46.23300341104734
33715,47960,221129147,20221025,Accident lors d'un dépassement ou lors d'un changement de voie de circulation,Frôlement latéral avec le véhicule sur la voie voisine,Inattention et distraction - Manque d'attention momentané,Genève,Jour,Pluie,Avec dommages matériels,2498141.935,1119137.839,Route mouillée,Route principale,90000.0,Mardi,0,0,0,0,0,0,0,0,0,0,0,0,2,0,0,0,0.0,0.0,1,0,,,2022,2498141.93,1119137.84,6.118635498596484,46.21596218515456
33716,47961,221103223,20221101,Dérapage ou perte de maîtrise,Collision avec un obstacle sur la chaussée,Cause inconnue - Cause inconnue,Meyrin,Nuit,Beau temps,Avec dommages matériels,2496919.272,1120246.558,Route sèche,Autoroute,230000.0,Mardi,0,0,0,0,0,0,0,0,0,0,0,0,0,0,0,0,0.0,0.0,0,0,,,2022,2496919.27,1120246.56,6.102548700802279,46.2257479316062
33717,47962,220725293,20220708,Accident en parquant,Collision avec un obstacle fixe (y compris véhicule correctement stationné),Conduite - Marche arrière imprudente,Genève,Aurore / crépuscule,Beau temps,Avec dommages matériels,2500111.163,1118402.836,Route sèche,Route principale,210000.0,Vendredi,0,0,0,0,0,0,0,0,0,0,0,0,1,0,0,0,0.0,0.0,0,0,,,2022,2500111.16,1118402.84,6.1443080384067095,46.20964688830046
33718,47963,220414131,20220410,Accident impliquant des piétons,Autre cas d'accident impliquant des piétons,Cause inconnue - Cause inconnue,Cologny,Jour,Beau temps,Avec blessés graves,2502603.21,1119076.577,Route sèche,Route principale,100000.0,Dimanche,0,0,0,1,0,1,0,1,0,0,0,0,0,0,0,0,0.0,0.0,1,0,,,2022,2502603.21,1119076.58,6.176453196130843,46.216072535133485