,OBJECTID,ID_ACCIDENT,DATE_,GROUPE_ACCIDENT,TYPE,CAUSE,COMMUNE,CONDITIONS_LUMINEUSES,CONDITIONS_METEO,CONSEQUENCES,COOR_X,COOR_Y,ETAT_ROUTE,GENRE_ROUTE,HEURE,JOUR,NB_ENFANTS_IMPLIQUES,NB_ENFANTS_ECOLE,NB_BLESSES_LEGERS,NB_BLESSES_GRAVES,NB_TUES,NB_PIETONS,NB_BICYCLETTES,NB_VAE_25,NB_VAE_45,NB_CYCLOMOTEURS,NB_MOTOS_50,NB_MOTOS,NB_VOITURES_TOURISME,NB_VOITURES_LIVRAISON,NB_CAMIONS,NB_BUS,NB_TRAM,NB_TRAINS,NB_SENIORS,NB_TC,REF_GROUPE_CAUSE,TOTAL_PERSONNES,ANNEE,E,N,LATITUDE,LONGITUDE
33719,47964,220604008,20220604,Accident par tamponnement,Collision avec véhicule à l'arrêt,Etat de la personne - Influence de l'alcool,Genève,Nuit,Beau temps,Avec dommages matériels,2499606.381,1116514.303,Route sèche,Route principale,0.0,Samedi,0,0,0,0,0,0,0,0,0,0,0,0,2,0,0,0,0.0,0.0,0,0,,,2022,2499606.38,1116514.3,6.138174580635665,46.19258547463981
33720,47965,220621248,20220617,Accident par tamponnement,Collision avec véhicule à l'arrêt,Inattention et distraction - Manque d'attention momentané,Vernier,Aurore / crépuscule,Beau temps,Avec dommages matériels,2496530.993,1118101.989,Route sèche,Route principale,200000.0,Vendredi,0,0,0,0,0,0,0,0,0,0,0,0,1,0,0,0,0.0,0.0,0,0,,,2022,2496530.99,1118101.99,6.097992547002169,46.20639937396428
33721,47966,220627383,20220627,Dérapage ou perte de maîtrise,Autre cas de dérapage ou de perte de maîtrise,Comportement du piéton / du conducteur d'EAV - Autre attitude fautive du piéton ou du conducteur d'EAV,Thônex,Jour,Beau temps,Avec blessés légers,2504738.172,1116425.34,Route sèche,Route principale,180000.0,Lundi,0,0,1,0,0,1,0,0,0,0,0,0,0,0,0,0,0.0,0.0,0,0,,,2022,2504738.17,1116425.34,6.204657284680476,46.19253202412313
33722,47967,221021262,20221021,Accident par tamponnement,Collision avec véhicule à l'arrêt,Conduite - Suivre de trop près le véhicule qui précède,Lancy,Nuit,Pluie,Avec blessés légers,2498304.748,1115056.231,Route mouillée,Route principale,190000.0,Vendredi,0,0,4,0,0,0,0,0,0,0,0,0,2,0,0,0,0.0,0.0,1,0,,,2022,2498304.75,1115056.23,6.121634246153473,46.179275511255824
33723,47968,220609213,20220608,Accident lors d'un dépassement ou lors d'un changement de voie de circulation,Frôlement latéral avec le véhicule sur la voie voisine,Dépassement - En dépassant de trop près (latéral),Satigny,Jour,Temps couvert,Avec dommages matériels,2491769.089,1118956.097,Route sèche,Route secondaire,170000.0,Mercredi,0,0,0,0,0,0,0,0,0,0,0,0,2,0,0,0,0.0,0.0,1,0,,,2022,2491769.09,1118956.1,6.036107112441355,46.21333155138058
33724,47969,220605019,20220605,Dérapage ou perte de maîtrise,Collision avec un obstacle hors de la chaussée,Etat de la personne - Influence de l'alcool,Vernier,Jour,Beau temps,Avec dommages matériels,2497318.298,1118652.677,Route sèche,Route principale,60000.0,Dimanche,0,0,0,0,0,0,0,0,0,0,0,0,1,0,0,0,0.0,0.0,0,0,,,2022,2497318.3,1118652.68,6.108070630663168,46.21147317521751
33725,47970,220502015,20220501,Dérapage ou perte de maîtrise,Collision avec un obstacle hors de la chaussée,Inattention et distraction - Manque d'attention momentané,Genève,Jour,Beau temps,Avec dommages matériels,2500836.815,1117621.978,Route sèche,Route principale,100000.0,Dimanche,0,0,0,0,0,0,0,0,0,0,0,0,1,0,0,0,0.0,0.0,0,0,,,2022,2500836.82,1117621.98,6.153875213186049,46.202730978850695
33726,47971,220625019,20220625,Accident par tamponnement,Collision avec véhicule à l'arrêt,Etat de la personne - Influence de l'alcool,Genève,Nuit,Beau temps,Avec dommages matériels,2500268.747,1117642.463,Route sèche,Route secondaire,30000.0,Samedi,0,0,0,0,0,0,0,0,0,0,0,0,2,0,0,0,0.0,0.0,0,0,,,2022,2500268.75,1117642.46,6.146512176526343,46.202831144847345
33727,47972,220622010,20220622,Dérapage ou perte de maîtrise,Collision avec un obstacle hors de la chaussée,"Etat de la personne - Excès de fatigue, endormissement (y compris endormissement passager)",Bellevue,Nuit,Beau temps,Avec dommages matériels,2499353.772,1123901.121,Route sèche,Autoroute,30000.0,Mercredi,0,0,0,0,0,0,0,0,0,0,0,0,1,0,0,0,0.0,0.0,0,0,,,2022,2499353.77,1123901.12,6.133308794079921,46.25898744150138
33728,48224,220509144,20220509,Accident par tamponnement,Collision avec un véhicule en marche,Vitesse - Inadaptée aux conditions du trafic,Bernex,Jour,Beau temps,Avec blessés légers,2495446.484,1115147.071,Route sèche,Autoroute,80000.0,Lundi,0,0,1,0,0,0,0,0,0,0,0,0,1,1,1,0,0.0,0.0,0,0,,,2022,2495446.48,1115147.07,6.08460491368228,46.17965426931782
33729,48225,220518117,20220409,Dérapage ou perte de maîtrise,Collision avec un obstacle hors de la chaussée,Inattention et distraction - Manque d'attention momentané,Genève,Jour,Beau temps,Avec dommages matériels,2501654.95,1117581.384,Route sèche,Route principale,190000.0,Samedi,0,0,0,0,0,0,0,0,0,0,0,0,0,0,0,0,0.0,0.0,0,0,,,2022,2501654.95,1117581.38,6.164481693177431,46.20248599524873
33730,48226,220930004,20220930,Dérapage ou perte de maîtrise,Collision avec un obstacle sur la chaussée,Etat de la personne - Influence de l'alcool,Puplinge,Nuit,Beau temps,Avec dommages matériels,2506442.657,1117896.507,Route sèche,Route secondaire,10000.0,Vendredi,0,0,0,0,0,0,0,0,0,0,0,0,1,0,0,0,0.0,0.0,0,0,,,2022,2506442.66,1117896.51,6.2264382524521835,46.20600384272167
33731,48227,220516509,20220511,Dérapage ou perte de maîtrise,Collision avec un obstacle en manoeuvrant,"Utilisation du véhicule - Manouvres incorrectes dans le véhicule (confusion frein - accélérateur, glisser de la pédale de frein dans les véhicules à transmission automatique, etc.)",Genève,Jour,Beau temps,Avec dommages matériels,2498528.673,1118804.541,Route sèche,Autre,120000.0,Mercredi,2,0,0,0,0,0,0,0,0,0,0,0,1,0,0,0,0.0,0.0,0,0,,,2022,2498528.67,1118804.54,6.123718930804917,46.21302287443945
33732,48228,220404023,20220320,Accident en parquant,Collision avec un obstacle fixe (y compris véhicule correctement stationné),Inattention et distraction - Manque d'attention momentané,Vernier,Jour,Autre,Avec dommages matériels,2497790.135,1118530.785,Route sèche,Route secondaire,160000.0,Dimanche,0,0,0,0,0,0,0,0,0,0,0,0,1,0,0,0,0.0,0.0,0,0,,,2022,2497790.14,1118530.79,6.114210387059716,46.21044877510303
33733,48229,221122290,20221111,Accident en parquant,Collision avec un obstacle fixe (y compris véhicule correctement stationné),Inattention et distraction - Manque d'attention momentané,Genève,Jour,Beau temps,Avec dommages matériels,2498660.619,1118298.66,Route sèche,Route principale,140000.0,Vendredi,0,0,0,0,0,0,0,0,0,0,0,0,1,0,0,0,0.0,0.0,0,0,,,2022,2498660.62,1118298.66,6.125538364109417,46.208492725816015
33734,48230,220804008,20220803,Accident par tamponnement,Collision avec véhicule à l'arrêt,Influence externe - Eblouissement du soleil,Genève,Jour,Beau temps,Avec blessés graves,2499480.272,1118244.434,Route sèche,Route secondaire,190000.0,Mercredi,0,0,0,1,0,0,0,0,0,0,0,2,0,0,0,0,0.0,0.0,0,0,,,2022,2499480.27,1118244.43,6.1361687222071195,46.20812803777296
33735,48231,220411238,20220211,Accident en parquant,Collision avec un obstacle fixe (y compris véhicule correctement stationné),Conduite - Marche arrière imprudente,Genève,Jour,Temps couvert,Avec dommages matériels,2501406.097,1116587.735,Route sèche,Route secondaire,170000.0,Vendredi,0,0,0,0,0,0,0,0,0,0,0,0,1,0,0,0,0.0,0.0,1,0,,,2022,2501406.1,1116587.73,6.161468003374703,46.193512255579904
33736,48232,221125222,20221125,Accident en traversant une route,Collision avec le trafic traversant depuis la gauche,Priorité - Non-respect du signal de priorité «Stop»,Carouge (GE),Nuit,Temps couvert,Avec dommages matériels,2499738.581,1115750.581,Route humide,Route principale,190000.0,Vendredi,0,0,0,0,0,0,0,0,0,0,0,1,1,0,0,0,0.0,0.0,0,0,,,2022,2499738.58,1115750.58,6.1400507195773715,46.18573603049791
33737,48233,221008089,20221008,Accident par tamponnement,Collision avec véhicule à l'arrêt,Etat de la personne - Influence de l'alcool,Genève,Nuit,Temps couvert,Avec dommages matériels,2500209.808,1118408.928,Route sèche,Route secondaire,180000.0,Samedi,0,0,0,0,0,0,0,0,0,0,0,0,1,1,0,0,0.0,0.0,0,0,,,2022,2500209.81,1118408.93,6.145584789782112,46.209716317472115
33738,48234,221219338,20221215,Accident par tamponnement,Collision avec véhicule à l'arrêt,Conduite - Suivre de trop près le véhicule qui précède,Genève,Nuit,Pluie,Avec dommages matériels,2498941.414,1118737.391,Route mouillée,Route secondaire,190000.0,Jeudi,0,0,0,0,0,0,1,0,0,0,0,0,1,0,0,0,0.0,0.0,0,0,,,2022,2498941.41,1118737.39,6.129081014510387,46.21248109061133
33739,48235,220502419,20220502,Accident par tamponnement,Collision avec un véhicule en marche,Conduite - Suivre de trop près le véhicule qui précède,Le Grand-Saconnex,Jour,Beau temps,Avec blessés légers,2498544.498,1122314.999,Route sèche,Route principale,120000.0,Lundi,0,0,2,0,0,0,0,0,0,0,0,0,3,0,0,0,0.0,0.0,1,0,,,2022,2498544.5,1122315.0,6.123160264629503,46.24459954733554
33740,48236,221022005,20221020,Accident lors d'un dépassement ou lors d'un changement de voie de circulation,Collision lors du changement de voie vers la gauche,Conduite - Manque d'égards en changeant de voie,Vernier,Nuit,Beau temps,Avec dommages matériels,2498149.097,1119168.411,Route sèche,Route principale,180000.0,Jeudi,0,0,0,0,0,0,0,0,0,0,0,0,2,0,0,0,0.0,0.0,0,0,,,2022,2498149.1,1119168.41,6.1187217254810005,46.216238228435685
33741,48237,220422285,20220420,Accident en parquant,Avec violation de l'obligation de déclarer,Cause inconnue - Véhicule stationné (omission de la déclaration obligatoire),Genève,Inconnu,Autre,Avec dommages matériels,2500507.295,1117812.917,Autre,Autre,120000.0,Mercredi,0,0,0,0,0,0,0,0,0,0,0,0,0,0,0,0,0.0,0.0,0,0,,,2022,2500507.3,1117812.92,6.149565975143045,46.20439967627257
33742,48238,220208061,20220207,Accident en quittant une route,Collision en obliquant à droite avec le trafic dans le même sens,Inattention et distraction - Manque d'attention momentané,Genève,Jour,Beau temps,Avec blessés légers,2500263.954,1118183.44,Route sèche,Route principale,170000.0,Lundi,0,0,1,0,0,0,0,0,0,0,0,0,1,0,0,1,0.0,0.0,0,1,,,2022,2500263.95,1118183.44,6.146334391177208,46.20769621084967
33743,48239,220723012,20220723,Dérapage ou perte de maîtrise,Collision avec un obstacle hors de la chaussée,Etat de la personne - Influence de l'alcool,Genève,Nuit,Pluie,Avec dommages matériels,2499933.668,1117100.534,Route mouillée,Route secondaire,30000.0,Samedi,0,0,0,0,0,0,0,0,0,0,0,0,1,0,0,0,0.0,0.0,0,0,,,2022,2499933.67,1117100.53,6.142287788157603,46.19790703155613
33744,48240,220322275,20220316,Accident en parquant,Avec violation de l'obligation de déclarer,Cause inconnue - Véhicule stationné (omission de la déclaration obligatoire),Vernier,Inconnu,Autre,Avec dommages matériels,2495560.0,1119471.0,Autre,Route principale,200000.0,Mercredi,0,0,0,0,0,0,0,0,0,0,0,0,0,0,0,0,0.0,0.0,0,0,,,2022,2495560.0,1119471.0,6.085107436914296,46.21856244915272
33745,48241,220802311,20220802,Accident en traversant une route,Collision avec le trafic traversant depuis la gauche,Signalisation lumineuse - Non-respect d'un feu rouge,Meyrin,Jour,Beau temps,Avec blessés graves,2493976.222,1120892.653,Route sèche,Route principale,170000.0,Mardi,0,0,0,1,0,0,0,0,0,0,0,0,1,0,0,1,0.0,0.0,1,1,,,2022,2493976.22,1120892.65,6.064262700277736,46.23110110255709
33746,47704,220125001,20220124,Accident impliquant des piétons,Piéton traversant la chaussée touché par un véhicule circulant en ligne droite,Priorité - Autres attitude fautive en lien avec la priorité,Meyrin,Nuit,Beau temps,Avec blessés graves,2495070.684,1120565.722,Route sèche,Route secondaire,180000.0,Lundi,0,0,0,1,0,1,0,0,0,0,0,0,1,0,0,0,0.0,0.0,0,0,,,2022,2495070.68,1120565.72,6.0785208595418,46.22833241951174
33747,47705,220314300,20220314,Accident en quittant une route,"Collision en obliquant à droite avec les usagers d'une voie séparée, d'une piste séparée, d'une piste cyclable/voie piétonne séparée, des rails de tramway",Priorité - Autres attitude fautive en lien avec la priorité,Genève,Jour,Beau temps,Avec blessés légers,2499806.285,1118059.924,Route sèche,Route principale,140000.0,Lundi,0,0,1,0,0,0,1,0,0,0,0,1,0,0,0,0,0.0,0.0,1,0,,,2022,2499806.29,1118059.92,6.140431944363859,46.206517163300894
33748,47706,220621396,20220621,Accident en quittant une route,Collision en obliquant à droite avec le trafic dans le même sens,Priorité - Non-respect de la priorité de droite,Versoix,Jour,Beau temps,Avec blessés légers,2501906.645,1127141.669,Route sèche,Route secondaire,160000.0,Mardi,0,0,1,0,0,0,1,0,0,0,0,0,1,0,0,0,0.0,0.0,0,0,,,2022,2501906.64,1127141.67,6.165729668950519,46.28851212543651
33749,47707,221019299,20221019,Dérapage ou perte de maîtrise,"Lors de l'évitement, sans collision",Conduite - Autre attitude fautive lors des mouvements dans la circulation,Versoix,Jour,Beau temps,Avec dommages matériels,2500410.763,1127724.784,Route sèche,Autoroute,160000.0,Mercredi,0,0,0,0,0,0,0,0,0,0,0,0,1,0,0,0,0.0,0.0,1,0,,,2022,2500410.76,1127724.78,6.146196953458065,46.293536559577454
33750,47708,220907271,20220907,Accident en s'engageant sur une route,Collision en obliquant à gauche avec le trafic venant de gauche,Vitesse - Inadaptée aux conditions du trafic,Veyrier,Jour,Beau temps,Avec blessés graves,2501862.397,1114494.088,Route sèche,Route secondaire,180000.0,Mercredi,0,0,0,1,0,0,0,0,0,0,0,1,1,0,0,0,0.0,0.0,0,0,,,2022,2501862.4,1114494.09,6.167817748957142,46.17474796554571
33751,47709,220712062,20220609,Accident en parquant,Collision avec un autre usager de la route,Conduite - Marche arrière imprudente,Plan-les-Ouates,Jour,Beau temps,Avec dommages matériels,2498126.548,1113654.484,Route sèche,Route secondaire,130000.0,Jeudi,0,0,0,0,0,0,0,0,0,0,0,0,2,0,0,0,0.0,0.0,1,0,,,2022,2498126.55,1113654.48,6.119632494317188,46.16664076630854
33752,47710,220512299,20220512,Accident en s'engageant sur une route,Collision en obliquant à droite avec le trafic venant de gauche,Priorité - Non-respect du signal de priorité «Stop»,Genthod,Jour,Beau temps,Avec blessés légers,2501552.824,1124410.766,Route sèche,Route principale,170000.0,Jeudi,0,0,1,0,0,0,0,0,0,0,0,1,1,0,0,0,0.0,0.0,0,0,,,2022,2501552.82,1124410.77,6.161716662229718,46.26389743292208
33753,47711,220221337,20220221,Accident en parquant,Collision avec un obstacle fixe (y compris véhicule correctement stationné),Etat de la personne - Influence de l'alcool,Genève,Nuit,Beau temps,Avec dommages matériels,2500387.151,1118422.765,Route sèche,Route secondaire,180000.0,Lundi,0,0,0,0,0,0,0,0,0,0,0,0,1,0,0,0,0.0,0.0,0,0,,,2022,2500387.15,1118422.77,6.147879356321439,46.20986710535167
33754,47712,221006136,20221006,Accident par tamponnement,Collision avec véhicule à l'arrêt,Etat de la personne - Influence de l'alcool,Genève,Jour,Beau temps,Avec dommages matériels,2498779.46,1119424.258,Route sèche,Route principale,90000.0,Jeudi,0,0,0,0,0,0,0,0,0,0,0,0,2,0,0,0,0.0,0.0,0,0,,,2022,2498779.46,1119424.26,6.126833758060257,46.21863466603121
33755,47713,220716013,20220716,Dérapage ou perte de maîtrise,Collision avec un obstacle sur la chaussée,Etat de la personne - Influence de l'alcool,Genève,Nuit,Beau temps,Avec blessés légers,2500314.669,1118084.075,Route sèche,Route secondaire,10000.0,Samedi,0,0,1,0,0,0,1,0,0,0,0,0,0,0,0,0,0.0,0.0,0,0,,,2022,2500314.67,1118084.07,6.147012693566355,46.20680996333003
33756,47714,220212013,20220211,Dérapage ou perte de maîtrise,Sans collision,Inattention et distraction - Manque d'attention momentané,Genève,Nuit,Beau temps,Avec blessés légers,2500024.712,1117760.806,Route sèche,Route principale,220000.0,Vendredi,0,0,1,0,0,0,0,0,0,1,0,0,0,0,0,0,0.0,0.0,0,0,,,2022,2500024.71,1117760.81,6.143325579206717,46.203859378572474
33757,47715,220723037,20220709,Accident en parquant,Collision avec un obstacle fixe (y compris véhicule correctement stationné),Utilisation du véhicule - Stationnement sans précautions suffisantes,Genève,Jour,Autre,Avec dommages matériels,2500054.002,1118446.989,Route sèche,Autre,170000.0,Samedi,0,0,0,0,0,0,0,0,0,0,0,0,1,0,0,0,0.0,0.0,0,0,,,2022,2500054.0,1118446.99,6.14355804977432,46.21003549277478
33758,47716,221205342,20221205,Dérapage ou perte de maîtrise,Collision avec un obstacle hors de la chaussée,Etat de la personne - Influence de l'alcool,Lancy,Nuit,Temps couvert,Avec dommages matériels,2498860.499,1114462.229,Route humide,Route principale,180000.0,Lundi,0,0,0,0,0,0,0,0,0,0,0,0,1,0,0,0,0.0,0.0,0,0,,,2022,2498860.5,1114462.23,6.128958777211407,46.17401668701187
33759,47717,221006150,20221006,Accident lors d'un dépassement ou lors d'un changement de voie de circulation,Frôlement latéral avec le véhicule dépassé,Dépassement - Moto circulant entre les colonnes,Genève,Aurore / crépuscule,Beau temps,Avec blessés légers,2499952.904,1118261.849,Route sèche,Route principale,70000.0,Jeudi,0,0,1,0,0,0,0,0,0,0,0,1,0,1,0,1,0.0,0.0,0,1,,,2022,2499952.9,1118261.85,6.142287940066152,46.20835523386619
33760,47718,220625097,20220625,Dérapage ou perte de maîtrise,Collision avec un obstacle sur la chaussée,Conduite - Demi-tour imprudent,Lancy,Nuit,Temps couvert,Avec dommages matériels,2497836.295,1114531.209,Route humide,Route principale,220000.0,Samedi,1,0,0,0,0,0,0,0,0,0,0,0,1,0,0,0,0.0,0.0,0,0,,,2022,2497836.3,1114531.21,6.115683501015415,46.17448232165951
33761,47719,220922209,20220922,Accident en traversant une route,Collision avec le trafic traversant depuis la gauche,Priorité - Non-respect du signal de priorité «Cédez le passage»,Meyrin,Jour,Beau temps,Avec blessés légers,2494864.016,1119813.274,Route sèche,Route principale,180000.0,Jeudi,0,0,1,0,0,0,1,0,0,0,0,0,1,0,0,0,0.0,0.0,1,0,,,2022,2494864.02,1119813.27,6.076012228523974,46.22153239265216
33762,47720,221104202,20221104,Dérapage ou perte de maîtrise,Sans collision,Inattention et distraction - Manque d'attention momentané,Lancy,Jour,Pluie,Avec blessés graves,2497421.147,1116454.947,Route mouillée,Route secondaire,120000.0,Vendredi,0,0,0,1,0,0,0,0,0,0,0,1,0,0,0,0,0.0,0.0,0,0,,,2022,2497421.15,1116454.95,6.109886096493622,46.19172182408282
33763,47721,220804231,20220729,Accident lors d'un dépassement ou lors d'un changement de voie de circulation,Frôlement latéral avec le véhicule dépassé,Dépassement - Moto circulant entre les colonnes,Thônex,Jour,Beau temps,Avec dommages matériels,2504358.011,1116530.958,Route sèche,Route principale,150000.0,Vendredi,0,0,0,0,0,0,0,0,0,0,0,1,1,0,0,0,0.0,0.0,0,0,,,2022,2504358.01,1116530.96,6.1997120046824765,46.19342804771808
33764,47973,220526059,20220526,Accident par tamponnement,"Collision avec véhicule à l'arrêt, en reculant",Conduite - Marche arrière imprudente,Genève,Jour,Beau temps,Avec dommages matériels,2500231.841,1118276.747,Route sèche,Route principale,130000.0,Jeudi,0,0,0,0,0,0,0,0,0,0,0,0,1,0,0,0,0.0,0.0,0,0,,,2022,2500231.84,1118276.75,6.145898458251228,46.20853071095507
33765,47974,220717047,20220717,Accident par tamponnement,Collision avec véhicule à l'arrêt,Vitesse - Inadaptée aux conditions du trafic,Chêne-Bougeries,Jour,Beau temps,Avec blessés légers,2503691.365,1116831.27,Route sèche,Route principale,170000.0,Dimanche,0,0,1,0,0,0,0,0,0,0,0,0,2,0,0,0,0.0,0.0,0,0,,,2022,2503691.36,1116831.27,6.1910158075416435,46.19603400631801
33766,47975,220924038,20220923,Dérapage ou perte de maîtrise,Collision avec un obstacle hors de la chaussée,Etat de la personne - Influence de l'alcool,Vernier,Nuit,Beau temps,Avec dommages matériels,2497025.495,1119260.007,Route sèche,Route secondaire,230000.0,Vendredi,0,0,0,0,0,0,0,0,0,0,0,0,1,0,0,0,0.0,0.0,0,0,,,2022,2497025.5,1119260.01,6.104143144658759,46.21689088924362
33767,47976,220703052,20220703,Accident en parquant,Collision avec un autre usager de la route,Conduite - Marche arrière imprudente,Genève,Jour,Beau temps,Avec dommages matériels,2500390.802,1118340.8,Route sèche,Route principale,110000.0,Dimanche,0,0,0,0,0,0,0,0,0,0,0,0,2,0,0,0,0.0,0.0,0,0,,,2022,2500390.8,1118340.8,6.147944141250497,46.20913037680068
33768,47977,220611027,20220608,Accident en parquant,Avec violation de l'obligation de déclarer,Cause inconnue - Véhicule stationné (omission de la déclaration obligatoire),Vernier,Inconnu,Autre,Avec dommages matériels,2496527.0,1119740.0,Autre,Route secondaire,80000.0,Mercredi,0,0,0,0,0,0,0,0,0,0,0,0,0,0,0,0,0.0,0.0,0,0,,,2022,2496527.0,1119740.0,6.09757759906097,46.221131493626146
33769,47978,220803246,20220803,Dérapage ou perte de maîtrise,Collision avec un obstacle hors de la chaussée,Inattention et distraction - Manque d'attention momentané,Genève,Jour,Beau temps,Avec dommages matériels,2501563.166,1117811.206,Route sèche,Route principale,90000.0,Mercredi,0,0,0,0,0,0,0,0,0,0,0,0,1,0,0,0,0.0,0.0,1,0,,,2022,2501563.17,1117811.21,6.163244323249496,46.20453974642814
33770,47979,220912020,20220911,Collision frontale,Autre cas de collision frontale (par ex. conducteur roulant à contre-sens),Signalisation - Inobservation d'un signal,Genève,Jour,Beau temps,Avec dommages matériels,2500431.118,1119011.817,Route sèche,Route secondaire,170000.0,Dimanche,0,0,0,0,0,0,0,0,0,0,0,1,1,0,0,0,0.0,0.0,0,0,,,2022,2500431.12,1119011.82,6.148323307404521,46.21517176229462
33771,47980,221026284,20221008,Accident en parquant,Avec violation de l'obligation de déclarer,Cause inconnue - Véhicule stationné (omission de la déclaration obligatoire),Meyrin,Jour,Beau temps,Avec dommages matériels,2495241.968,1120546.548,Route sèche,Route secondaire,100000.0,Samedi,0,0,0,0,0,0,0,0,0,0,0,0,0,0,0,0,0.0,0.0,0,0,,,2022,2495241.97,1120546.55,6.080745033765422,46.228186726194444
33772,47981,220308259,20220308,Accident en quittant une route,Collision en obliquant à gauche avec le trafic venant en sens inverse,Priorité - Priorité en obliquant à gauche devant des véhicules venant en sens inverse,Genève,Jour,Beau temps,Avec blessés légers,2501135.505,1117929.238,Route sèche,Route principale,140000.0,Mardi,0,0,1,0,0,0,0,1,0,0,0,0,1,0,0,0,0.0,0.0,0,0,,,2022,2501135.5,1117929.24,6.157679175591715,46.20553859110621
33773,47982,220121004,20220120,Collision frontale,Collision frontale avec le trafic venant en sens inverse (sans dépassement),Etat de la personne - Influence de l'alcool,Genève,Nuit,Beau temps,Avec blessés légers,2500554.401,1118327.899,Route sèche,Route principale,200000.0,Jeudi,0,0,1,0,0,0,0,0,0,0,0,0,3,0,0,0,0.0,0.0,0,0,,,2022,2500554.4,1118327.9,6.150066381457963,46.209038574137686
33774,47983,221214090,20221209,Accident impliquant des piétons,"Personne sortant d'un véhicule, en train de charger ou de réparer un véhicule, etc.",Utilisation du véhicule - Ouverture imprudente de la portière,Plan-les-Ouates,Jour,Pluie givrante,Avec blessés légers,2496929.766,1113787.53,Route enneigée,Autre,100000.0,Vendredi,0,0,1,0,0,1,0,0,0,0,0,0,0,0,1,0,0.0,0.0,0,0,,,2022,2496929.77,1113787.53,6.104110722769996,46.1676551458282
33775,47984,220419259,20220419,Dérapage ou perte de maîtrise,Sans collision,Inattention et distraction - Manque d'attention momentané,Meyrin,Jour,Beau temps,Avec blessés légers,2495140.226,1120123.419,Route sèche,Route principale,140000.0,Mardi,0,0,1,0,0,0,0,0,0,0,0,1,0,0,0,0,0.0,0.0,0,0,,,2022,2495140.23,1120123.42,6.079521654378965,46.224365116727405
33776,47985,220316015,20220316,Dérapage ou perte de maîtrise,Collision avec un obstacle sur la chaussée,"Vitesse - Inadaptée au tracé de la route (virage serré, proximité d'une intersection, etc.)",Plan-les-Ouates,Aurore / crépuscule,Temps couvert,Avec blessés graves,2496662.846,1113400.829,Route sèche,Autoroute,60000.0,Mercredi,0,0,0,1,0,0,0,0,0,0,0,1,1,0,0,0,0.0,0.0,0,0,,,2022,2496662.85,1113400.83,6.100740852228623,46.16413610959958
33777,47986,220729007,20220728,Accident en parquant,Collision avec une portière ouverte,Utilisation du véhicule - Ouverture imprudente de la portière,Genève,Jour,Beau temps,Avec blessés graves,2499791.098,1116680.277,Route sèche,Autre,190000.0,Jeudi,0,0,0,1,0,0,1,0,0,0,0,0,1,0,0,0,0.0,0.0,1,0,,,2022,2499791.1,1116680.28,6.140531333993457,46.19410591507915
33778,47987,220117319,20220113,Accident lors d'un dépassement ou lors d'un changement de voie de circulation,Autre cas d'accident lors d'un dépassement ou lors d'un changement de voie de circulation,Inattention et distraction - Manque d'attention momentané,Confignon,Jour,Beau temps,Avec dommages matériels,2496191.87,1113968.64,Route sèche,Autoroute,150000.0,Jeudi,0,0,0,0,0,0,0,0,0,0,0,0,1,0,0,0,0.0,0.0,0,0,,,2022,2496191.87,1113968.64,6.094518151657844,46.16917062725343
33779,47988,220528011,20220528,Dérapage ou perte de maîtrise,Collision avec un obstacle hors de la chaussée,"Etat de la personne - Excès de fatigue, endormissement (y compris endormissement passager)",Bellevue,Nuit,Beau temps,Avec dommages matériels,2500224.436,1122803.277,Route sèche,Autoroute,50000.0,Samedi,0,0,0,0,0,0,0,0,0,0,0,0,1,0,0,0,0.0,0.0,0,0,,,2022,2500224.44,1122803.28,6.144834055211004,46.24924296421812
33780,47989,220516254,20220515,Accident en parquant,Avec violation de l'obligation de déclarer,Cause inconnue - Véhicule stationné (omission de la déclaration obligatoire),Vernier,Jour,Beau temps,Avec dommages matériels,2496477.731,1117750.241,Route sèche,Autre,110000.0,Dimanche,0,0,0,0,0,0,0,0,0,0,0,0,0,0,0,0,0.0,0.0,0,0,,,2022,2496477.73,1117750.24,6.09738060745858,46.203227434553476
33781,47990,220329143,20220325,Accident en parquant,Avec violation de l'obligation de déclarer,Cause inconnue - Véhicule stationné (omission de la déclaration obligatoire),Carouge (GE),Inconnu,Autre,Avec dommages matériels,2499635.543,1116087.315,Autre,Route principale,120000.0,Vendredi,0,0,0,0,0,0,0,0,0,0,0,0,0,0,0,0,0.0,0.0,0,0,,,2022,2499635.54,1116087.32,6.138644013060616,46.18874941804072
33782,48242,220215032,20220215,Accident en traversant une route,Collision avec le trafic traversant depuis la gauche,Priorité - Non-respect du signal de priorité «Stop»,Plan-les-Ouates,Nuit,Temps couvert,Avec blessés légers,2497693.726,1114461.636,Route mouillée,Route secondaire,60000.0,Mardi,0,0,1,0,0,0,0,0,0,0,0,0,1,0,0,0,0.0,0.0,0,0,,,2022,2497693.73,1114461.64,6.113852881925637,46.1738349170843
33783,48243,221101020,20221031,Accident en parquant,Avec violation de l'obligation de déclarer,Cause inconnue - Véhicule stationné (omission de la déclaration obligatoire),Plan-les-Ouates,Inconnu,Autre,Avec dommages matériels,2497714.822,1113772.836,Autre,Route principale,170000.0,Lundi,0,0,0,0,0,0,0,0,0,0,0,0,0,0,0,0,0.0,0.0,0,0,,,2022,2497714.82,1113772.84,6.11427669568604,46.16764285127608