,OBJECTID,ID_ACCIDENT,DATE_,GROUPE_ACCIDENT,TYPE,CAUSE,COMMUNE,CONDITIONS_LUMINEUSES,CONDITIONS_METEO,CONSEQUENCES,COOR_X,COOR_Y,ETAT_ROUTE,GENRE_ROUTE,HEURE,JOUR,NB_ENFANTS_IMPLIQUES,NB_ENFANTS_ECOLE,NB_BLESSES_LEGERS,NB_BLESSES_GRAVES,NB_TUES,NB_PIETONS,NB_BICYCLETTES,NB_VAE_25,NB_VAE_45,NB_CYCLOMOTEURS,NB_MOTOS_50,NB_MOTOS,NB_VOITURES_TOURISME,NB_VOITURES_LIVRAISON,NB_CAMIONS,NB_BUS,NB_TRAM,NB_TRAINS,NB_SENIORS,NB_TC,REF_GROUPE_CAUSE,TOTAL_PERSONNES,ANNEE,E,N,LATITUDE,LONGITUDE
33784,48244,220913402,20220906,Accident lors d'un dépassement ou lors d'un changement de voie de circulation,Frôlement latéral avec le véhicule dépassé,Dépassement - En dépassant de trop près (latéral),Genève,Jour,Autre,Avec blessés graves,2499785.624,1116948.056,Autre,Route principale,160000.0,Mardi,0,0,0,1,0,0,0,0,0,0,0,2,0,0,0,0,0.0,0.0,0,0,,,2022,2499785.62,1116948.06,6.140402880825073,46.196513608393325
33785,48245,220307275,20220121,Accident en parquant,Avec violation de l'obligation de déclarer,Cause inconnue - Véhicule stationné (omission de la déclaration obligatoire),Carouge (GE),Jour,Beau temps,Avec dommages matériels,2499543.129,1115683.484,Route sèche,Route secondaire,80000.0,Vendredi,0,0,0,0,0,0,0,0,0,0,0,0,0,0,0,0,0.0,0.0,0,0,,,2022,2499543.13,1115683.48,6.1375341280686015,46.18510333923136
33786,48246,220514022,20220513,Accident en quittant une route,Collision en obliquant à gauche avec le trafic venant en sens inverse,Priorité - Priorité en obliquant à gauche devant des véhicules venant en sens inverse,Meyrin,Jour,Beau temps,Avec blessés légers,2497194.82,1120246.857,Route sèche,Route principale,130000.0,Vendredi,0,0,1,0,0,0,0,0,0,0,0,1,1,0,0,0,0.0,0.0,0,0,,,2022,2497194.82,1120246.86,6.106119531429967,46.22579284358121
33787,48247,220326045,20220225,Accident lors d'un dépassement ou lors d'un changement de voie de circulation,Collision lors du changement de voie vers la gauche,Conduite - Manque d'égards en changeant de voie,Genève,Jour,Beau temps,Avec dommages matériels,2500473.775,1117935.337,Route sèche,Route principale,160000.0,Vendredi,0,0,0,0,0,0,0,0,0,0,0,0,1,0,1,0,0.0,0.0,0,0,,,2022,2500473.77,1117935.34,6.149105515170162,46.205495804929676
33788,48248,221220137,20221217,Accident en parquant,Avec violation de l'obligation de déclarer,Cause inconnue - Véhicule stationné (omission de la déclaration obligatoire),Genève,Inconnu,Autre,Avec dommages matériels,2499923.353,1116479.845,Autre,Route principale,180000.0,Samedi,0,0,0,0,0,0,0,0,0,0,0,0,0,0,0,0,0.0,0.0,0,0,,,2022,2499923.35,1116479.84,6.142287161279392,46.192322783161394
33789,48249,221013011,20220413,Dérapage ou perte de maîtrise,Collision avec un obstacle hors de la chaussée,Cause inconnue - Cause inconnue,Carouge (GE),Nuit,Autre,Avec dommages matériels,2500244.302,1115717.137,Autre,Route principale,230000.0,Mercredi,0,0,0,0,0,0,0,0,0,0,0,0,0,0,0,0,0.0,0.0,0,0,,,2022,2500244.3,1115717.14,6.14660680954247,46.1855104725572
33790,48250,220729045,20220706,Dérapage ou perte de maîtrise,Collision avec un obstacle hors de la chaussée,Conduite - Marche arrière imprudente,Vernier,Jour,Beau temps,Avec dommages matériels,2496577.839,1118081.903,Route sèche,Route principale,80000.0,Mercredi,0,0,0,0,0,0,0,0,0,0,0,0,0,0,1,0,0.0,0.0,0,0,,,2022,2496577.84,1118081.9,6.098603918842513,46.20622588854298
33791,48251,220526017,20220525,Accident en parquant,Collision avec une portière ouverte,Utilisation du véhicule - Ouverture imprudente de la portière,Genève,Jour,Beau temps,Avec dommages matériels,2498982.866,1117459.649,Route sèche,Route secondaire,170000.0,Mercredi,0,0,0,0,0,0,0,0,0,0,0,0,0,1,0,0,0.0,0.0,0,0,,,2022,2498982.87,1117459.65,6.129894744561808,46.200994886980816
33792,48252,220421195,20220413,Accident en parquant,Collision avec un autre usager de la route,Conduite - Marche arrière imprudente,Vernier,Jour,Beau temps,Avec dommages matériels,2495430.773,1119240.538,Route sèche,Route principale,100000.0,Mercredi,0,0,0,0,0,0,0,0,0,0,0,0,1,0,0,1,0.0,0.0,0,1,,,2022,2495430.77,1119240.54,6.083484610814442,46.216469536365025
33793,48253,220601093,20220601,Accident en quittant une route,Collision en obliquant à gauche avec le trafic venant en sens inverse,Priorité - Priorité en obliquant à gauche devant des véhicules venant en sens inverse,Genève,Jour,Temps couvert,Avec blessés légers,2501609.786,1117556.853,Route sèche,Route principale,80000.0,Mercredi,0,0,1,0,0,0,0,1,0,0,0,0,1,0,0,0,0.0,0.0,1,0,,,2022,2501609.79,1117556.85,6.163901871268692,46.20225875404937
33794,48254,220810023,20220809,Accident en traversant une route,Collision avec le trafic traversant depuis la gauche,Priorité - Non-respect du signal de priorité «Cédez le passage»,Céligny,Jour,Beau temps,Avec blessés légers,2504639.775,1133808.673,Route sèche,Route secondaire,170000.0,Mardi,0,0,1,0,0,0,0,0,0,0,0,1,1,0,0,0,0.0,0.0,0,0,,,2022,2504639.77,1133808.67,6.19982239051238,46.34887241039258
33795,48255,221109004,20221108,Dérapage ou perte de maîtrise,Sans collision,Etat de la personne - Influence de l'alcool,Genève,Nuit,Beau temps,Avec blessés légers,2499878.334,1119678.263,Route sèche,Route principale,210000.0,Mardi,0,0,1,0,0,0,0,1,0,0,0,0,0,0,0,0,0.0,0.0,0,0,,,2022,2499878.33,1119678.26,6.141017916937839,46.22108384796957
33796,48256,220909002,20220907,Accident par tamponnement,Collision avec véhicule à l'arrêt,Inattention et distraction - Manque d'attention momentané,Cologny,Jour,Beau temps,Avec blessés graves,2502908.952,1119658.242,Route sèche,Route principale,150000.0,Mercredi,0,0,0,1,0,0,0,0,0,0,0,1,1,0,0,0,0.0,0.0,0,0,,,2022,2502908.95,1119658.24,6.180293620939604,46.22134848420809
33797,48257,220626011,20220626,Dérapage ou perte de maîtrise,Collision avec un obstacle hors de la chaussée,Etat de la personne - Influence de l'alcool,Carouge (GE),Nuit,Beau temps,Avec blessés graves,2499674.216,1115810.48,Route sèche,Route secondaire,40000.0,Dimanche,0,0,0,1,0,0,1,0,0,0,0,0,0,0,0,0,0.0,0.0,0,0,,,2022,2499674.22,1115810.48,6.139204407799657,46.186265193082555
33798,48258,221119062,20221119,Dérapage ou perte de maîtrise,Collision avec un obstacle hors de la chaussée,Inattention et distraction - Manque d'attention momentané,Le Grand-Saconnex,Jour,Beau temps,Avec dommages matériels,2498766.512,1122199.024,Route humide,Autoroute,100000.0,Samedi,0,0,0,0,0,0,0,0,0,0,0,0,1,0,0,0,0.0,0.0,1,0,,,2022,2498766.51,1122199.02,6.126063529547882,46.243589877432946
33799,48259,220204005,20220203,Dérapage ou perte de maîtrise,Sans collision,Inattention et distraction - Manque d'attention momentané,Chêne-Bougeries,Nuit,Temps couvert,Avec blessés graves,2503345.831,1116788.694,Route mouillée,Route principale,210000.0,Jeudi,0,0,0,1,0,0,0,0,0,0,0,1,0,0,0,0,0.0,0.0,0,0,,,2022,2503345.83,1116788.69,6.186549212917399,46.195601435221725
33800,47722,220404272,20220404,Accident par tamponnement,Collision avec véhicule à l'arrêt,Conduite - Suivre de trop près le véhicule qui précède,Genève,Jour,Temps couvert,Avec dommages matériels,2499719.562,1116369.341,Route sèche,Route principale,110000.0,Lundi,0,0,0,0,0,0,0,0,0,0,0,2,0,0,0,0,0.0,0.0,0,0,,,2022,2499719.56,1116369.34,6.139671547231764,46.19129854259697
33801,47723,220409004,20220408,Collision frontale,Frôlement avec le trafic en sens inverse (sans dépassement),Dépassement - En dépassant de trop près (latéral),Meyrin,Nuit,Temps couvert,Avec dommages matériels,2495135.645,1120675.452,Route sèche,Route secondaire,230000.0,Vendredi,0,0,0,0,0,0,0,0,0,0,0,0,2,0,0,0,0.0,0.0,0,0,,,2022,2495135.64,1120675.45,6.079338046498706,46.229329500401334
33802,47724,220408240,20220408,Accident lors d'un dépassement ou lors d'un changement de voie de circulation,Frôlement latéral avec le véhicule sur la voie voisine,Dépassement - En dépassant de trop près (latéral),Vernier,Jour,Pluie,Avec dommages matériels,2496440.034,1119838.008,Route mouillée,Route principale,180000.0,Vendredi,0,0,0,0,0,0,0,0,0,0,0,0,2,0,0,0,0.0,0.0,0,0,,,2022,2496440.03,1119838.01,6.096428878801523,46.221999627201455
33803,47725,221029040,20221018,Accident en traversant une route,Autre cas d'accident en traversant une route,Comportement du piéton / du conducteur d'EAV - Traversée imprudente de la route,Genève,Jour,Beau temps,Avec blessés légers,2499010.0,1118867.49,Route sèche,Route principale,180000.0,Mardi,0,0,2,0,0,0,0,0,0,0,0,1,0,0,0,0,0.0,0.0,0,0,,,2022,2499010.0,1118867.49,6.129941511619643,46.21366156514611
33804,47726,220511127,20220505,Accident en parquant,Avec violation de l'obligation de déclarer,Cause inconnue - Véhicule stationné (omission de la déclaration obligatoire),Genève,Jour,Autre,Avec dommages matériels,2501202.71,1117354.0,Route sèche,Autre,70000.0,Jeudi,0,0,0,0,0,0,0,0,0,0,0,0,0,0,0,0,0.0,0.0,0,0,,,2022,2501202.71,1117354.0,6.158671609035936,46.200374534921
33805,47727,221225023,20221114,Accident en parquant,Avec violation de l'obligation de déclarer,Cause inconnue - Véhicule stationné (omission de la déclaration obligatoire),Genève,Inconnu,Autre,Avec dommages matériels,2499436.919,1117490.371,Autre,Route principale,120000.0,Lundi,0,0,0,0,0,0,0,0,0,0,0,0,0,0,0,0,0.0,0.0,0,0,,,2022,2499436.92,1117490.37,6.135769594985351,46.2013392688448
33806,47728,220911002,20220910,Accident en s'engageant sur une route,Autre cas d'accident en s'engageant sur une route,Inattention et distraction - Manque d'attention momentané,Genève,Nuit,Beau temps,Avec blessés légers,2500922.004,1117784.971,Route sèche,Route principale,210000.0,Samedi,0,0,2,0,0,0,2,0,0,0,0,0,0,0,0,0,0.0,0.0,0,0,,,2022,2500922.0,1117784.97,6.1549440201890935,46.20420953482468
33807,47729,220325205,20220325,Accident par tamponnement,Collision avec un véhicule en marche,Conduite - Suivre de trop près le véhicule qui précède,Vernier,Jour,Beau temps,Avec dommages matériels,2496155.613,1119050.322,Route sèche,Autoroute,150000.0,Vendredi,0,0,0,0,0,0,0,0,0,0,0,0,2,0,0,0,0.0,0.0,0,0,,,2022,2496155.61,1119050.32,6.0929186400735995,46.214871031825155
33808,47730,220621318,20220613,Dérapage ou perte de maîtrise,Collision avec un obstacle hors de la chaussée,Dépassement - En dépassant de trop près (latéral),Bernex,Aurore / crépuscule,Temps couvert,Avec dommages matériels,2494046.484,1114675.474,Route sèche,Route principale,40000.0,Lundi,0,0,0,0,0,0,0,0,0,0,0,0,0,0,0,0,0.0,0.0,0,0,,,2022,2494046.48,1114675.47,6.066584548748856,46.175193497100146
33809,47731,220525195,20220525,Accident impliquant des piétons,Piéton traversant la chaussée touché par un véhicule circulant en ligne droite,Priorité - Autres attitude fautive en lien avec la priorité,Lancy,Jour,Beau temps,Avec blessés légers,2498899.934,1114496.616,Route sèche,Route principale,100000.0,Mercredi,0,0,1,0,0,1,0,0,0,0,0,1,0,0,0,0,0.0,0.0,0,0,,,2022,2498899.93,1114496.62,6.129461833062007,46.17433193013856
33810,47732,220803250,20220712,Accident par tamponnement,Collision avec véhicule à l'arrêt,Inattention et distraction - Manque d'attention momentané,Genève,Jour,Beau temps,Avec dommages matériels,2497764.649,1117962.568,Route sèche,Route principale,190000.0,Mardi,0,0,0,0,0,0,0,0,0,0,0,0,1,1,0,0,0.0,0.0,0,0,,,2022,2497764.65,1117962.57,6.114004630947802,46.20533414775987
33811,47733,221211079,20221211,Collision frontale,Collision frontale avec le trafic venant en sens inverse (sans dépassement),Etat de la personne - Influence de l'alcool,Genève,Nuit,Beau temps,Avec dommages matériels,2501191.255,1117846.488,Route sèche,Route principale,220000.0,Dimanche,0,0,0,0,0,0,0,0,0,0,0,0,2,0,0,0,0.0,0.0,1,0,,,2022,2501191.25,1117846.49,6.158418907807743,46.20480250189003
33812,47734,221111225,20221111,Collision frontale,Collision frontale avec le trafic venant en sens inverse (sans dépassement),"Etat de la personne - Excès de fatigue, endormissement (y compris endormissement passager)",Genève,Jour,Beau temps,Avec blessés légers,2500562.196,1119607.716,Route sèche,Route principale,140000.0,Vendredi,0,0,1,0,0,0,0,0,0,0,0,0,2,0,0,0,0.0,0.0,0,0,,,2022,2500562.2,1119607.72,6.149894658466534,46.2205509257738
33813,47735,220826073,20220825,Accident en quittant une route,Collision en obliquant à gauche avec le trafic dans le même sens,Priorité - Priorité en obliquant à gauche devant des véhicules venant en sens inverse,Veyrier,Jour,Beau temps,Avec blessés légers,2503435.538,1113545.389,Route sèche,Route principale,170000.0,Jeudi,0,0,2,0,0,0,0,0,0,0,0,0,2,0,0,0,0.0,0.0,0,0,,,2022,2503435.54,1113545.39,6.188381629859064,46.16644265224409
33814,47736,220217236,20220217,Accident en quittant une route,Collision en obliquant à gauche avec le trafic venant en sens inverse,Priorité - Priorité en obliquant à gauche devant des véhicules venant en sens inverse,Versoix,Jour,Beau temps,Avec blessés légers,2501740.506,1127465.262,Route humide,Route principale,160000.0,Jeudi,0,0,1,0,0,0,1,0,0,0,0,0,1,0,0,0,0.0,0.0,0,0,,,2022,2501740.51,1127465.26,6.163505912342561,46.291398334162515
33815,47737,220405333,20220405,Dérapage ou perte de maîtrise,Sans collision,Inattention et distraction - Manque d'expérience pratique de la conduite,Satigny,Jour,Beau temps,Avec blessés légers,2492584.0,1119926.088,Route sèche,Route secondaire,170000.0,Mardi,0,0,1,0,0,0,0,0,0,0,0,1,0,0,0,0,0.0,0.0,0,0,,,2022,2492584.0,1119926.09,6.046441778289357,46.222186551440046
33816,47738,220407198,20220325,Accident en parquant,Collision avec un obstacle fixe (y compris véhicule correctement stationné),Inattention et distraction - Manque d'attention momentané,Genève,Aurore / crépuscule,Beau temps,Avec dommages matériels,2500468.181,1117575.581,Route sèche,Route secondaire,160000.0,Vendredi,0,0,0,0,0,0,0,0,0,0,0,0,1,0,0,0,0.0,0.0,0,0,,,2022,2500468.18,1117575.58,6.149109819018422,46.202259158535085
33817,47739,221223066,20221215,Accident lors d'un dépassement ou lors d'un changement de voie de circulation,Collision lors du changement de voie vers la droite,Conduite - Manque d'égards en changeant de voie,Chêne-Bougeries,Nuit,Pluie,Avec blessés légers,2503011.474,1116482.126,Route mouillée,Route principale,170000.0,Jeudi,0,0,1,0,0,0,0,1,0,0,0,0,0,0,0,0,0.0,0.0,0,0,,,2022,2503011.47,1116482.13,6.1822822009821286,46.19279594715992
33818,47991,220831006,20220831,Dérapage ou perte de maîtrise,Collision avec un obstacle hors de la chaussée,Inattention et distraction - Manque d'attention momentané,Vernier,Nuit,Pluie,Avec dommages matériels,2496562.832,1119421.448,Route mouillée,Autoroute,10000.0,Mercredi,0,0,0,0,0,0,0,0,0,0,0,0,1,0,0,0,0.0,0.0,0,0,,,2022,2496562.83,1119421.45,6.098112520899156,46.21827187808065
33819,47992,220211220,20220211,Dérapage ou perte de maîtrise,Collision avec un obstacle hors de la chaussée,Etat de la personne - Influence de l'alcool,Soral,Aurore / crépuscule,Temps couvert,Avec dommages matériels,2491881.484,1110775.742,Route mouillée,Route principale,170000.0,Vendredi,0,0,0,0,0,0,0,0,0,0,0,0,1,0,0,0,0.0,0.0,0,0,,,2022,2491881.48,1110775.74,6.039456198282226,46.13977423265172
33820,47993,220626041,20220626,Accident en s'engageant sur une route,Collision en s'engageant depuis le bord de la route,Priorité - Autres attitude fautive en lien avec la priorité,Genève,Jour,Beau temps,Avec blessés légers,2499183.822,1118880.96,Route sèche,Route secondaire,130000.0,Dimanche,0,0,1,0,0,0,0,0,0,0,0,1,1,0,0,0,0.0,0.0,0,0,,,2022,2499183.82,1118880.96,6.132190674645745,46.21380881495316
33821,47994,220507016,20220506,Accident lors d'un dépassement ou lors d'un changement de voie de circulation,Collision lors du changement de voie vers la droite,Conduite - Manque d'égards en changeant de voie,Genève,Jour,Beau temps,Avec dommages matériels,2497945.516,1118025.936,Route sèche,Route principale,140000.0,Vendredi,0,0,0,0,0,0,0,0,0,0,0,0,1,1,0,0,0.0,0.0,0,0,,,2022,2497945.52,1118025.94,6.1163338236691045,46.205931601892246
33822,47995,220824129,20220823,Dérapage ou perte de maîtrise,Collision avec un obstacle en manoeuvrant,Conduite - Marche arrière imprudente,Lancy,Jour,Beau temps,Avec dommages matériels,2498289.164,1115029.247,Route sèche,Autre,150000.0,Mardi,0,0,0,0,0,0,0,0,0,0,0,0,0,0,0,0,0.0,0.0,0,0,,,2022,2498289.16,1115029.25,6.1214382586395555,46.17903048695201
33823,47996,220420001,20220415,Accident par tamponnement,"Collision avec véhicule à l'arrêt, en reculant",Conduite - Marche arrière imprudente,Genève,Jour,Beau temps,Avec blessés légers,2499052.762,1119027.504,Route sèche,Route principale,170000.0,Vendredi,0,0,1,0,0,0,0,0,0,0,0,1,0,0,0,0,0.0,0.0,0,0,,,2022,2499052.76,1119027.5,6.130460904678028,46.215107175053646
33824,47997,221221094,20221216,Accident en parquant,Avec violation de l'obligation de déclarer,Cause inconnue - Véhicule stationné (omission de la déclaration obligatoire),Meyrin,Inconnu,Autre,Avec dommages matériels,2495392.723,1120939.503,Autre,Autre,150000.0,Vendredi,0,0,0,0,0,0,0,0,0,0,0,0,0,0,0,0,0.0,0.0,0,0,,,2022,2495392.72,1120939.5,6.082610554153076,46.23174450823852
33825,47998,220516413,20220515,Accident en parquant,Collision avec un obstacle fixe (y compris véhicule correctement stationné),Conduite - Marche arrière imprudente,Perly-Certoux,Jour,Beau temps,Avec dommages matériels,2496079.839,1112328.548,Route sèche,Autre,170000.0,Dimanche,0,0,0,0,0,0,0,0,0,0,0,0,1,0,0,0,0.0,0.0,0,0,,,2022,2496079.84,1112328.55,6.093432447443488,46.154401942766576
33826,47999,221005008,20221005,Dérapage ou perte de maîtrise,Collision avec un obstacle sur la chaussée,Etat de la personne - Influence de l'alcool,Carouge (GE),Nuit,Beau temps,Avec dommages matériels,2498843.89,1115271.433,Route sèche,Route principale,30000.0,Mercredi,0,0,0,0,0,0,0,0,0,0,0,0,1,0,0,0,0.0,0.0,0,0,,,2022,2498843.89,1115271.43,6.128568520023396,46.18129240137429
33827,48000,220401149,20220325,Accident en parquant,Avec violation de l'obligation de déclarer,Cause inconnue - Véhicule stationné (omission de la déclaration obligatoire),Genève,Aurore / crépuscule,Autre,Avec dommages matériels,2499998.155,1115952.813,Autre,Route secondaire,180000.0,Vendredi,0,0,0,0,0,0,0,0,0,0,0,0,0,0,0,0,0.0,0.0,0,0,,,2022,2499998.16,1115952.81,6.143368911341497,46.18759361426796
33828,48001,220619065,20220613,Collision frontale,Collision frontale avec le trafic venant en sens inverse (sans dépassement),Signalisation lumineuse - Non-respect d'un feu rouge,Genève,Jour,Beau temps,Avec dommages matériels,2501600.316,1116455.744,Route sèche,Route principale,130000.0,Lundi,0,0,0,0,0,0,0,0,0,0,0,0,1,1,0,0,0.0,0.0,0,0,,,2022,2501600.32,1116455.74,6.1640112880451,46.19235353745534
33829,48002,221106013,20221106,Accident en traversant une route,Collision avec le trafic traversant depuis la droite,Etat de la personne - Influence de l'alcool,Genève,Nuit,Beau temps,Avec dommages matériels,2500474.032,1117749.032,Route sèche,Route principale,50000.0,Dimanche,0,0,0,0,0,0,0,0,0,0,0,0,2,0,0,0,0.0,0.0,0,0,,,2022,2500474.03,1117749.03,6.149148612965463,46.20382010011694
33830,48003,220213003,20220213,Accident en parquant,Collision avec un obstacle fixe (y compris véhicule correctement stationné),Conduite - Marche arrière imprudente,Genève,Nuit,Beau temps,Avec dommages matériels,2498978.432,1117002.123,Route sèche,Route secondaire,20000.0,Dimanche,0,0,0,0,0,0,0,0,0,0,0,0,1,0,0,0,0.0,0.0,0,0,,,2022,2498978.43,1117002.12,6.1299362419326275,46.196879037920375
33831,48004,220921156,20220625,Accident lors d'un dépassement ou lors d'un changement de voie de circulation,Frôlement latéral avec le véhicule dépassé,Dépassement - En dépassant de trop près (latéral),Genève,Nuit,Beau temps,Avec dommages matériels,2499739.154,1118020.455,Route sèche,Route principale,60000.0,Samedi,0,0,0,0,0,0,0,0,0,0,0,0,1,0,1,0,0.0,0.0,0,0,,,2022,2499739.15,1118020.45,6.1395706469105145,46.20615214465566
33832,48005,221207023,20221206,Accident impliquant des piétons,Piéton traversant la chaussée touché par un véhicule circulant en ligne droite,Comportement du piéton / du conducteur d'EAV - Traversée imprudente de la route,Genève,Jour,Temps couvert,Avec blessés légers,2500297.436,1116553.0,Route sèche,Route principale,150000.0,Mardi,0,0,1,0,0,1,0,0,0,0,0,0,1,0,0,0,0.0,0.0,1,0,,,2022,2500297.44,1116553.0,6.147116497962569,46.19303638892802
33833,48006,220513232,20220513,Accident impliquant des piétons,Piéton traversant la chaussée touché par un véhicule circulant en ligne droite,Priorité - Ne pas accorder la priorité à un passage pour piétons,Genève,Jour,Beau temps,Avec dommages matériels,2499429.675,1118899.176,Route sèche,Route principale,180000.0,Vendredi,1,0,0,0,0,0,0,0,0,0,0,0,1,0,0,0,0.0,0.0,0,0,,,2022,2499429.68,1118899.18,6.1353722074223604,46.214009526927676
33834,48007,220802157,20220730,Accident en parquant,Avec violation de l'obligation de déclarer,Cause inconnue - Véhicule stationné (omission de la déclaration obligatoire),Chêne-Bourg,Jour,Autre,Avec dommages matériels,2503911.396,1116883.538,Autre,Autre,160000.0,Samedi,0,0,0,0,0,0,0,0,0,0,0,0,0,0,0,0,0.0,0.0,0,0,,,2022,2503911.4,1116883.54,6.1938550785863224,46.19653563258309
33835,48008,220429223,20220429,Accident par tamponnement,Collision avec un véhicule en marche,Inattention et distraction - Manque d'attention momentané,Pregny-Chambésy,Jour,Beau temps,Avec blessés graves,2500529.065,1121292.097,Route sèche,Route principale,150000.0,Vendredi,2,0,0,1,0,0,0,1,0,0,0,0,1,0,0,0,0.0,0.0,1,0,,,2022,2500529.07,1121292.1,6.149106063895741,46.23569599646068
33836,48260,220319082,20220319,Accident lors d'un dépassement ou lors d'un changement de voie de circulation,Collision lors du changement de voie vers la gauche,Conduite - Manque d'égards en changeant de voie,Genève,Jour,Beau temps,Avec blessés graves,2499310.25,1117968.988,Route sèche,Route principale,170000.0,Samedi,0,0,0,1,0,0,0,0,0,0,0,1,2,0,0,0,0.0,0.0,0,0,,,2022,2499310.25,1117968.99,6.134025533067095,46.20562518538658
33837,48261,220325228,20220325,Dérapage ou perte de maîtrise,Sans collision,Etat de la personne - Influence de l'alcool,Meyrin,Jour,Beau temps,Avec blessés graves,2495431.5,1120449.307,Route sèche,Route principale,150000.0,Vendredi,0,0,0,1,0,0,0,0,0,0,0,1,0,0,0,0,0.0,0.0,1,0,,,2022,2495431.5,1120449.31,6.083223085495468,46.22734164558848
33838,48262,220604028,20220507,Accident en parquant,Avec violation de l'obligation de déclarer,Cause inconnue - Véhicule stationné (omission de la déclaration obligatoire),Vernier,Inconnu,Autre,Avec dommages matériels,2497770.0,1119571.0,Autre,Autre,110000.0,Samedi,0,0,0,0,0,0,0,0,0,0,0,0,0,0,0,0,0.0,0.0,0,0,,,2022,2497770.0,1119571.0,6.113721534187029,46.21980169348348
33839,48263,221119047,20221116,Accident par tamponnement,"Collision avec véhicule à l'arrêt, en reculant",Conduite - Marche arrière imprudente,Genève,Nuit,Pluie,Avec dommages matériels,2499134.699,1117927.987,Route mouillée,Route secondaire,0.0,Mercredi,0,0,0,0,0,0,0,0,0,0,0,0,1,0,0,1,0.0,0.0,0,1,,,2022,2499134.7,1117927.99,6.131760241805835,46.205230098099044
33840,48264,221112017,20221112,Dérapage ou perte de maîtrise,Collision avec un obstacle sur la chaussée,"Vitesse - Inadaptée au tracé de la route (virage serré, proximité d'une intersection, etc.)",Genève,Nuit,Beau temps,Avec dommages matériels,2501075.352,1115288.707,Route sèche,Route principale,50000.0,Samedi,0,0,0,0,0,0,0,0,0,0,0,0,1,0,0,0,0.0,0.0,0,0,,,2022,2501075.35,1115288.71,6.157459418242504,46.181779780048565
33841,48265,220302008,20220203,Accident lors d'un dépassement ou lors d'un changement de voie de circulation,Frôlement latéral avec le véhicule dépassé,Dépassement - En dépassant de trop près (latéral),Lancy,Jour,Beau temps,Avec dommages matériels,2497701.777,1116516.39,Route sèche,Route secondaire,140000.0,Jeudi,0,0,0,0,0,0,0,0,0,0,0,0,2,0,0,0,0.0,0.0,0,0,,,2022,2497701.78,1116516.39,6.113507098795807,46.19231718935718
33842,48266,221004234,20221004,Accident par tamponnement,"Collision avec véhicule à l'arrêt, en reculant",Conduite - Marche arrière imprudente,Vernier,Jour,Beau temps,Avec dommages matériels,2497517.45,1118075.403,Route sèche,Route secondaire,90000.0,Mardi,0,0,0,0,0,0,0,0,0,0,0,0,1,0,1,0,0.0,0.0,0,0,,,2022,2497517.45,1118075.4,6.110777548867094,46.206311333918364
33843,48267,220203014,20220203,Dérapage ou perte de maîtrise,Collision avec un obstacle hors de la chaussée,Etat de la personne - Influence de l'alcool,Genève,Nuit,Autre,Avec blessés graves,2499187.041,1118727.406,Route humide,Route principale,10000.0,Jeudi,0,0,0,1,0,0,1,0,0,0,0,0,0,0,0,0,0.0,0.0,0,0,,,2022,2499187.04,1118727.41,6.13226557128864,46.21242821490901
33844,48268,220222008,20220220,Accident en parquant,Avec violation de l'obligation de déclarer,Cause inconnue - Véhicule stationné (omission de la déclaration obligatoire),Carouge (GE),Inconnu,Autre,Avec dommages matériels,2500679.412,1115534.274,Autre,Route principale,130000.0,Dimanche,0,0,0,0,0,0,0,0,0,0,0,0,0,0,0,0,0.0,0.0,0,0,,,2022,2500679.41,1115534.27,6.1522802459020625,46.18393007833613
33845,48269,220228007,20220227,Dérapage ou perte de maîtrise,Collision avec un obstacle hors de la chaussée,"Etat de la personne - Excès de fatigue, endormissement (y compris endormissement passager)",Jussy,Nuit,Beau temps,Avec dommages matériels,2509271.097,1121362.114,Route sèche,Route principale,0.0,Dimanche,0,0,0,0,0,0,0,0,0,0,0,0,1,0,0,0,0.0,0.0,0,0,,,2022,2509271.1,1121362.11,6.262406153196999,46.23756324903435
33846,48270,220425167,20220323,Accident en parquant,Avec violation de l'obligation de déclarer,Cause inconnue - Véhicule stationné (omission de la déclaration obligatoire),Meyrin,Inconnu,Autre,Avec dommages matériels,2495246.0,1120491.0,Autre,Route principale,150000.0,Mercredi,0,0,0,0,0,0,0,0,0,0,0,0,0,0,0,0,0.0,0.0,0,0,,,2022,2495246.0,1120491.0,6.080809739343244,46.227687723297834
33847,48271,220218131,20220218,Accident impliquant des piétons,Piéton traversant la chaussée touché par un véhicule circulant en ligne droite,Conduite - Marche arrière imprudente,Genève,Jour,Beau temps,Avec blessés légers,2499776.001,1117633.681,Route sèche,Route principale,110000.0,Vendredi,0,0,1,0,0,1,0,0,0,0,0,0,1,0,0,0,0.0,0.0,0,0,,,2022,2499776.0,1117633.68,6.140131077464134,46.20267888952025
33848,48272,220502433,20220428,Dérapage ou perte de maîtrise,Sans collision,Influence externe - Autre influence externe momentanée,Vernier,Jour,Beau temps,Avec blessés graves,2496475.194,1119768.806,Route sèche,Route principale,180000.0,Jeudi,0,0,0,1,0,0,1,0,0,0,0,0,0,0,0,0,0.0,0.0,0,0,,,2022,2496475.19,1119768.81,6.096899849126026,46.22138263976554