,OBJECTID,ID_ACCIDENT,DATE_,GROUPE_ACCIDENT,TYPE,CAUSE,COMMUNE,CONDITIONS_LUMINEUSES,CONDITIONS_METEO,CONSEQUENCES,COOR_X,COOR_Y,ETAT_ROUTE,GENRE_ROUTE,HEURE,JOUR,NB_ENFANTS_IMPLIQUES,NB_ENFANTS_ECOLE,NB_BLESSES_LEGERS,NB_BLESSES_GRAVES,NB_TUES,NB_PIETONS,NB_BICYCLETTES,NB_VAE_25,NB_VAE_45,NB_CYCLOMOTEURS,NB_MOTOS_50,NB_MOTOS,NB_VOITURES_TOURISME,NB_VOITURES_LIVRAISON,NB_CAMIONS,NB_BUS,NB_TRAM,NB_TRAINS,NB_SENIORS,NB_TC,REF_GROUPE_CAUSE,TOTAL_PERSONNES,ANNEE,E,N,LATITUDE,LONGITUDE
33849,48273,221121296,20221121,Accident par tamponnement,Collision avec véhicule à l'arrêt,Inattention et distraction - Manque d'attention momentané,Genève,Jour,Beau temps,Avec blessés légers,2500495.913,1119454.388,Route humide,Route principale,100000.0,Lundi,0,0,2,0,0,0,0,0,0,0,0,0,1,0,1,0,0.0,0.0,1,0,,,2022,2500495.91,1119454.39,6.149068377747135,46.21916200392163
33850,48274,221115314,20221115,Accident impliquant des piétons,Piéton traversant la chaussée touché par un véhicule circulant en ligne droite,Comportement du piéton / du conducteur d'EAV - Traversée imprudente de la route,Genève,Nuit,Pluie,Avec blessés légers,2500000.145,1117963.638,Route mouillée,Route principale,180000.0,Mardi,0,0,1,0,0,1,0,0,0,0,0,0,0,0,0,0,1.0,0.0,0,1,,,2022,2500000.14,1117963.64,6.1429638397705,46.20568005211535
33851,48275,220625088,20220625,Accident lors d'un dépassement ou lors d'un changement de voie de circulation,Collision lors du changement de voie vers la gauche,Etat de la personne - Influence de l'alcool,Genève,Jour,Beau temps,Avec dommages matériels,2500474.733,1119428.066,Route sèche,Route principale,180000.0,Samedi,0,0,0,0,0,0,0,0,0,0,0,0,2,0,0,0,0.0,0.0,0,0,,,2022,2500474.73,1119428.07,6.148799548978555,46.21892213526436
33852,48276,220610103,20220610,Accident en traversant une route,Collision avec le trafic traversant depuis la gauche,Priorité - Non-respect du signal de priorité «Cédez le passage»,Vandoeuvres,Jour,Beau temps,Avec blessés légers,2505251.696,1119213.472,Route sèche,Route principale,60000.0,Vendredi,0,0,2,0,0,0,0,0,0,0,0,0,1,0,0,1,0.0,0.0,0,1,,,2022,2505251.7,1119213.47,6.210742241326831,46.217682411306356
33853,48277,220803315,20220803,Accident par tamponnement,Collision avec véhicule à l'arrêt,Inattention et distraction - Manque d'attention momentané,Genève,Jour,Beau temps,Avec blessés légers,2500041.371,1119620.366,Route sèche,Route principale,170000.0,Mercredi,0,0,2,0,0,0,0,0,0,0,0,2,0,0,0,0,0.0,0.0,0,0,,,2022,2500041.37,1119620.37,6.143143019670872,46.220587435000446
33854,47740,220228095,20220228,Accident lors d'un dépassement ou lors d'un changement de voie de circulation,Collision lors du changement de voie vers la droite,Conduite - Manque d'égards en changeant de voie,Lancy,Jour,Beau temps,Avec blessés légers,2498534.161,1114230.452,Route sèche,Route principale,80000.0,Lundi,0,0,1,0,0,0,0,0,0,0,0,1,1,0,0,0,0.0,0.0,1,0,,,2022,2498534.16,1114230.45,6.124784014609313,46.171882831091786
33855,47741,220117006,20220117,Dérapage ou perte de maîtrise,Collision avec un obstacle hors de la chaussée,"Etat de la personne - Excès de fatigue, endormissement (y compris endormissement passager)",Bellevue,Nuit,Beau temps,Avec dommages matériels,2499799.165,1123194.396,Route sèche,Autoroute,40000.0,Lundi,0,0,0,0,0,0,0,0,0,0,0,0,1,0,0,0,0.0,0.0,0,0,,,2022,2499799.16,1123194.4,6.139236252512376,46.25269753610879
33856,47742,220823246,20220823,Accident lors d'un dépassement ou lors d'un changement de voie de circulation,Frôlement latéral avec le véhicule dépassé,Cause inconnue - Cause inconnue,Genève,Jour,Beau temps,Avec dommages matériels,2499991.055,1117126.274,Route sèche,Route secondaire,140000.0,Mardi,0,0,0,0,0,0,0,0,0,0,0,0,0,0,1,0,0.0,0.0,0,0,,,2022,2499991.05,1117126.27,6.143025496160313,46.19814708484397
33857,47743,220405215,20220329,Accident en parquant,Avec violation de l'obligation de déclarer,Cause inconnue - Véhicule stationné (omission de la déclaration obligatoire),Lancy,Inconnu,Autre,Avec dommages matériels,2497286.496,1116446.96,Autre,Route principale,150000.0,Mardi,0,0,0,0,0,0,0,0,0,0,0,0,0,0,0,0,0.0,0.0,0,0,,,2022,2497286.5,1116446.96,6.108143992658035,46.191629403713485
33858,47744,220615180,20220615,Accident par tamponnement,Collision avec véhicule à l'arrêt,"Utilisation du véhicule - Manouvres incorrectes dans le véhicule (confusion frein - accélérateur, glisser de la pédale de frein dans les véhicules à transmission automatique, etc.)",Collonge-Bellerive,Jour,Beau temps,Avec blessés légers,2505800.917,1122523.388,Route sèche,Route principale,120000.0,Mercredi,0,0,1,0,0,0,0,0,0,0,0,0,2,0,0,0,0.0,0.0,1,0,,,2022,2505800.92,1122523.39,6.21719002119195,46.24753075582618
33859,47745,220622291,20220622,Dérapage ou perte de maîtrise,Collision avec un obstacle hors de la chaussée,Inattention et distraction - Manque d'attention momentané,Genève,Jour,Beau temps,Avec dommages matériels,2500446.516,1120275.516,Route sèche,Route principale,110000.0,Mercredi,0,0,0,0,0,0,0,0,0,0,0,0,1,0,0,0,0.0,0.0,1,0,,,2022,2500446.52,1120275.52,6.148253130054836,46.226540251015706
33860,47746,221206344,20221206,Dérapage ou perte de maîtrise,Sans collision,Etat de la personne - Influence de l'alcool,Carouge (GE),Jour,Beau temps,Avec blessés légers,2499685.943,1115138.673,Route sèche,Route principale,150000.0,Mardi,0,0,1,0,0,0,0,0,1,0,0,0,0,0,0,0,0.0,0.0,0,0,,,2022,2499685.94,1115138.67,6.139500460739431,46.18022444481172
33861,47747,220309201,20220309,Accident en parquant,Collision avec une portière ouverte,Utilisation du véhicule - Ouverture imprudente de la portière,Chêne-Bourg,Jour,Beau temps,Avec blessés graves,2504108.603,1116596.869,Route sèche,Route principale,110000.0,Mercredi,0,0,0,1,0,0,0,0,0,0,0,1,2,0,0,0,0.0,0.0,0,0,,,2022,2504108.6,1116596.87,6.1964681817833815,46.193985346212166
33862,47748,221125030,20221124,Accident en quittant une route,Collision en obliquant à droite avec le trafic dans le même sens,Priorité - Non-respect de la priorité de droite,Onex,Jour,Temps couvert,Avec blessés légers,2496900.282,1115703.374,Route mouillée,Route principale,120000.0,Jeudi,0,0,1,0,0,0,0,0,1,0,0,0,1,0,0,0,0.0,0.0,0,0,,,2022,2496900.28,1115703.37,6.10330620229238,46.18488223126506
33863,47749,220624268,20220623,Accident impliquant des piétons,Piéton traversant la chaussée touché par un véhicule circulant en ligne droite,Comportement du piéton / du conducteur d'EAV - Traversée imprudente de la route,Collonge-Bellerive,Jour,Beau temps,Avec blessés légers,2504457.371,1122625.129,Route sèche,Route principale,160000.0,Jeudi,1,1,1,0,0,1,0,0,0,0,0,0,0,0,0,0,0.0,0.0,0,0,,,2022,2504457.37,1122625.13,6.1997505702262155,46.248256078774475
33864,47750,220202230,20220201,Accident en parquant,Collision avec un obstacle fixe (y compris véhicule correctement stationné),Cause inconnue - Cause inconnue,Genève,Inconnu,Autre,Avec dommages matériels,2500615.03,1117363.026,Autre,Route secondaire,180000.0,Mardi,0,0,0,0,0,0,0,0,0,0,0,0,0,0,0,0,0.0,0.0,0,0,,,2022,2500615.03,1117363.03,6.151057324213534,46.20036912909339
33865,47751,220902013,20220901,Dérapage ou perte de maîtrise,"Lors de l'évitement, avec collision","Vitesse - Inadaptée au tracé de la route (virage serré, proximité d'une intersection, etc.)",Versoix,Aurore / crépuscule,Beau temps,Avec blessés légers,2501909.193,1126660.871,Route sèche,Route principale,200000.0,Jeudi,0,0,1,0,0,0,0,0,0,0,0,1,1,0,0,0,0.0,0.0,0,0,,,2022,2501909.19,1126660.87,6.16586410648601,46.28418797137752
33866,47752,220515012,20220515,Dérapage ou perte de maîtrise,Collision avec un obstacle hors de la chaussée,Etat de la personne - Influence de l'alcool,Genève,Nuit,Beau temps,Avec dommages matériels,2500786.311,1117531.375,Route sèche,Route principale,30000.0,Dimanche,0,0,0,0,0,0,0,0,0,0,0,0,1,0,0,0,0.0,0.0,0,0,,,2022,2500786.31,1117531.38,6.153240173988935,46.201908634347184
33867,47753,220317184,20220317,Accident par tamponnement,Collision avec un véhicule en marche,Conduite - Suivre de trop près le véhicule qui précède,Confignon,Jour,Beau temps,Avec dommages matériels,2496013.668,1114209.491,Route sèche,Autoroute,70000.0,Jeudi,1,0,0,0,0,0,0,0,0,0,0,0,2,1,0,0,0.0,0.0,0,0,,,2022,2496013.67,1114209.49,6.092157642102569,46.17130936959126
33868,47754,220627128,20220522,Accident par tamponnement,"Collision avec véhicule à l'arrêt, en reculant",Conduite - Marche arrière imprudente,Genève,Jour,Beau temps,Avec dommages matériels,2500169.984,1116683.758,Route sèche,Route secondaire,190000.0,Dimanche,0,0,0,0,0,0,0,0,0,0,0,0,2,0,0,0,0.0,0.0,1,0,,,2022,2500169.98,1116683.76,6.145437744216246,46.19419357952527
33869,47755,220702006,20220701,Accident par tamponnement,"Collision avec véhicule à l'arrêt, en reculant",Conduite - Marche arrière imprudente,Genève,Nuit,Beau temps,Avec dommages matériels,2500436.003,1118230.989,Route sèche,Route principale,220000.0,Vendredi,0,0,0,0,0,0,0,0,0,0,0,1,1,0,0,0,0.0,0.0,0,0,,,2022,2500436.0,1118230.99,6.14855315050103,46.20814940056656
33870,47756,220622003,20220621,Accident par tamponnement,Collision avec véhicule à l'arrêt,Etat de la personne - Influence de stupéfiants,Genève,Nuit,Beau temps,Avec blessés légers,2501641.006,1117927.238,Route sèche,Route secondaire,230000.0,Mardi,0,0,1,0,0,0,0,1,0,0,0,0,1,0,0,0,0.0,0.0,0,0,,,2022,2501641.01,1117927.24,6.164228230360307,46.205594762274345
33871,47757,220111159,20220111,Dérapage ou perte de maîtrise,Collision avec un obstacle sur la chaussée,Etat de la personne - Maladies physiques ou psychiques,Meyrin,Jour,Temps couvert,Avec dommages matériels,2495699.234,1120177.905,Route sèche,Route principale,100000.0,Mardi,0,0,0,0,0,0,0,0,0,0,0,0,3,0,0,0,0.0,0.0,1,0,,,2022,2495699.23,1120177.91,6.086753425303646,46.224942211040165
33872,48009,220730044,20220730,Accident par tamponnement,Collision avec un véhicule en marche,Inattention et distraction - Manque d'attention momentané,Genève,Jour,Beau temps,Avec blessés légers,2500880.157,1117667.722,Route sèche,Route principale,100000.0,Samedi,0,0,1,0,0,0,0,0,0,0,0,1,1,0,0,0,0.0,0.0,0,0,,,2022,2500880.16,1117667.72,6.154426918026553,46.20314877422051
33873,48010,220824330,20220818,Accident en traversant une route,Collision avec le trafic traversant depuis la gauche,Signalisation lumineuse - Non-respect d'un feu rouge,Plan-les-Ouates,Nuit,Beau temps,Avec dommages matériels,2496553.968,1112873.83,Route sèche,Route principale,230000.0,Jeudi,0,0,0,0,0,0,0,0,0,0,0,0,2,0,0,0,0.0,0.0,0,0,,,2022,2496553.97,1112873.83,6.099448076595812,46.159379397399206
33874,48011,220527189,20220527,Dérapage ou perte de maîtrise,Collision avec un obstacle sur la chaussée,Inattention et distraction - Manque d'attention momentané,Carouge (GE),Jour,Beau temps,Avec blessés graves,2499742.13,1115962.657,Route sèche,Route secondaire,160000.0,Vendredi,0,0,0,1,0,0,0,0,0,0,0,1,1,0,0,0,0.0,0.0,1,0,,,2022,2499742.13,1115962.66,6.140051163739194,46.187644082958464
33875,48012,220605040,20220605,Dérapage ou perte de maîtrise,Sans collision,Etat de la personne - Influence de l'alcool,Chêne-Bougeries,Jour,Beau temps,Avec blessés légers,2502300.581,1115053.807,Route sèche,Route principale,120000.0,Dimanche,0,0,1,0,0,0,0,0,0,0,0,0,0,0,0,0,0.0,0.0,0,0,,,2022,2502300.58,1115053.81,6.173373905315395,46.179846113985946
33876,48013,220720231,20220720,Accident en traversant une route,Collision avec le trafic traversant depuis la gauche,Signalisation lumineuse - Non-respect d'un feu rouge,Genève,Jour,Beau temps,Avec blessés légers,2501221.618,1117369.748,Route sèche,Route principale,180000.0,Mercredi,0,0,1,0,0,0,0,0,0,0,0,0,2,0,0,0,0.0,0.0,1,0,,,2022,2501221.62,1117369.75,6.158913222388803,46.200518975540575
33877,48014,221017232,20221017,Accident par tamponnement,Collision avec véhicule à l'arrêt,Inattention et distraction - Manque d'attention momentané,Bernex,Jour,Beau temps,Avec blessés légers,2494985.912,1116927.596,Route sèche,Autoroute,90000.0,Lundi,0,0,2,0,0,0,0,0,0,0,0,0,1,1,0,0,0.0,0.0,0,0,,,2022,2494985.91,1116927.6,6.078241040499897,46.19559702202808
33878,48015,220830108,20220701,Dérapage ou perte de maîtrise,Collision avec un obstacle hors de la chaussée,Inattention et distraction - Manque d'attention momentané,Lancy,Nuit,Beau temps,Avec dommages matériels,2497807.85,1115454.073,Route sèche,Autre,210000.0,Vendredi,1,0,0,0,0,0,0,0,0,0,0,0,0,0,0,0,0.0,0.0,0,0,,,2022,2497807.85,1115454.07,6.115113288341222,46.182778484310994
33879,48016,221130248,20221130,Accident par tamponnement,Collision avec véhicule à l'arrêt,"Utilisation du véhicule - Manouvres incorrectes dans le véhicule (confusion frein - accélérateur, glisser de la pédale de frein dans les véhicules à transmission automatique, etc.)",Lancy,Nuit,Temps couvert,Avec blessés légers,2498197.032,1116347.548,Route sèche,Route principale,190000.0,Mercredi,0,0,1,0,0,0,0,0,0,0,0,0,2,0,0,0,0.0,0.0,0,0,,,2022,2498197.03,1116347.55,6.1199580114980385,46.190873756558275
33880,48017,220530144,20220530,Collision frontale,Collision frontale avec le trafic venant en sens inverse (sans dépassement),Etat de la personne - Maladies physiques ou psychiques,Genève,Jour,Beau temps,Avec blessés légers,2502233.226,1117949.637,Route sèche,Route principale,100000.0,Lundi,0,0,1,0,0,0,0,0,0,0,0,0,1,1,0,0,0.0,0.0,0,0,,,2022,2502233.23,1117949.64,6.171895476449919,46.2058826349329
33881,48018,221112010,20221112,Dérapage ou perte de maîtrise,Collision avec un obstacle hors de la chaussée,Inattention et distraction - Manque d'attention momentané,Vernier,Nuit,Temps couvert,Avec blessés graves,2497385.157,1118614.252,Route sèche,Route principale,40000.0,Samedi,0,0,0,1,0,0,0,0,0,0,0,0,1,0,0,0,0.0,0.0,0,0,,,2022,2497385.16,1118614.25,6.108945304634586,46.21113773479059
33882,48019,220505256,20220505,Accident en s'engageant sur une route,Collision en obliquant à gauche avec le trafic venant de droite,Priorité - Non-respect du signal de priorité «Cédez le passage»,Genève,Jour,Pluie,Avec dommages matériels,2500736.388,1117659.634,Route mouillée,Route principale,130000.0,Jeudi,0,0,0,0,0,0,0,0,0,0,0,0,2,0,0,0,0.0,0.0,0,0,,,2022,2500736.39,1117659.63,6.1525662551964695,46.20305479508152
33883,48020,220519280,20220513,Accident en parquant,Avec violation de l'obligation de déclarer,Cause inconnue - Véhicule stationné (omission de la déclaration obligatoire),Meyrin,Nuit,Beau temps,Avec dommages matériels,2497312.68,1119988.825,Route sèche,Route secondaire,50000.0,Vendredi,0,0,0,0,0,0,0,0,0,0,0,0,0,0,0,0,0.0,0.0,0,0,,,2022,2497312.68,1119988.82,6.107703713485541,46.2234899728422
33884,48021,221013003,20221008,Accident en parquant,Collision avec un obstacle fixe (y compris véhicule correctement stationné),"Utilisation du véhicule - Manouvres incorrectes dans le véhicule (confusion frein - accélérateur, glisser de la pédale de frein dans les véhicules à transmission automatique, etc.)",Vernier,Jour,Beau temps,Avec dommages matériels,2497782.048,1119578.311,Route sèche,Autre,170000.0,Samedi,0,0,0,0,0,0,0,0,0,0,0,0,1,0,0,0,0.0,0.0,0,0,,,2022,2497782.05,1119578.31,6.113876073434921,46.21986927492746
33885,48022,220521019,20220521,Dérapage ou perte de maîtrise,Collision avec un obstacle hors de la chaussée,Etat de la personne - Influence de l'alcool,Genève,Nuit,Beau temps,Avec dommages matériels,2500627.814,1117287.411,Route sèche,Route principale,40000.0,Samedi,0,0,0,0,0,0,0,0,0,0,0,0,1,0,0,0,0.0,0.0,0,0,,,2022,2500627.81,1117287.41,6.151238964612519,46.199690863044786
33886,48023,221116235,20221114,Accident par tamponnement,"Collision avec véhicule à l'arrêt, en reculant",Conduite - Marche arrière imprudente,Vernier,Aurore / crépuscule,Temps couvert,Avec dommages matériels,2496396.121,1117749.799,Route humide,Autre,180000.0,Lundi,0,0,0,0,0,0,0,0,0,0,0,0,2,0,0,0,0.0,0.0,1,0,,,2022,2496396.12,1117749.8,6.096323547743265,46.20321090449592
33887,48024,220307239,20220306,Accident en parquant,Avec violation de l'obligation de déclarer,Cause inconnue - Véhicule stationné (omission de la déclaration obligatoire),Vernier,Inconnu,Autre,Avec dommages matériels,2497940.497,1119026.491,Autre,Route principale,210000.0,Dimanche,0,0,0,0,0,0,0,0,0,0,0,0,0,0,0,0,0.0,0.0,0,0,,,2022,2497940.5,1119026.49,6.116049957013867,46.21493010877491
33888,48025,220713130,20220621,Accident par tamponnement,Collision avec véhicule à l'arrêt,Conduite - Suivre de trop près le véhicule qui précède,Genève,Aurore / crépuscule,Beau temps,Avec dommages matériels,2500772.568,1117701.806,Route sèche,Route principale,210000.0,Mardi,0,0,0,0,0,0,0,0,0,0,0,0,2,0,0,0,0.0,0.0,0,0,,,2022,2500772.57,1117701.81,6.153025959577057,46.20343951996027
33889,48026,221102280,20221101,Accident lors d'un dépassement ou lors d'un changement de voie de circulation,Collision lors du changement de voie vers la droite,Conduite - Manque d'égards en changeant de voie,Lancy,Jour,Temps couvert,Avec dommages matériels,2498402.498,1114585.98,Route sèche,Route principale,130000.0,Mardi,0,0,0,0,0,0,0,0,0,0,0,0,2,0,0,0,0.0,0.0,0,0,,,2022,2498402.5,1114585.98,6.123002188986538,46.17506070664246
33890,48278,220513017,20220512,Accident par tamponnement,Collision avec un véhicule en marche,Inattention et distraction - Manque d'attention momentané,Plan-les-Ouates,Jour,Beau temps,Avec dommages matériels,2497488.746,1113105.726,Route sèche,Autoroute,170000.0,Jeudi,0,0,0,0,0,0,0,0,0,0,0,0,3,0,0,0,0.0,0.0,0,0,,,2022,2497488.75,1113105.73,6.111496447102872,46.161608256093245
33891,48279,220223137,20220219,Accident en parquant,Avec violation de l'obligation de déclarer,Cause inconnue - Véhicule stationné (omission de la déclaration obligatoire),Genève,Inconnu,Autre,Avec dommages matériels,2499237.128,1118062.654,Autre,Route principale,10000.0,Samedi,0,0,0,0,0,0,0,0,0,0,0,0,0,0,0,0,0.0,0.0,0,0,,,2022,2499237.13,1118062.65,6.133058082538249,46.206456639644784
33892,48280,220526027,20220519,Accident lors d'un dépassement ou lors d'un changement de voie de circulation,Collision avec le véhicule dépassé en déboîtant,Dépassement - En dépassant de trop près (latéral),Vernier,Jour,Beau temps,Avec dommages matériels,2496196.992,1119527.992,Route sèche,Route principale,80000.0,Jeudi,0,0,0,0,0,0,0,0,0,0,0,0,1,1,0,0,0.0,0.0,0,0,,,2022,2496196.99,1119527.99,6.093348499013228,46.21917372227902
33893,48281,220405004,20220404,Accident lors d'un dépassement ou lors d'un changement de voie de circulation,Collision avec le véhicule dépassé en déboîtant,Dépassement - En dépassant de trop près (latéral),Genève,Nuit,Beau temps,Avec blessés légers,2499735.001,1116616.985,Route sèche,Route principale,180000.0,Lundi,0,0,1,0,0,0,1,0,0,0,0,0,1,0,0,0,0.0,0.0,0,0,,,2022,2499735.0,1116616.98,6.139818335543084,46.19352820827923
33894,48282,220531252,20220531,Accident lors d'un dépassement ou lors d'un changement de voie de circulation,Collision lors du changement de voie vers la droite,Conduite - Manque d'égards en changeant de voie,Versoix,Jour,Temps couvert,Avec blessés légers,2501905.007,1127065.511,Route sèche,Route principale,80000.0,Mardi,0,0,1,0,0,0,1,0,0,0,0,0,1,0,0,0,0.0,0.0,0,0,,,2022,2501905.01,1127065.51,6.165724577217025,46.287826870638526
33895,48283,220613228,20220610,Accident en parquant,Avec violation de l'obligation de déclarer,Cause inconnue - Véhicule stationné (omission de la déclaration obligatoire),Genève,Inconnu,Autre,Avec dommages matériels,2500464.0,1116686.0,Autre,Autre,60000.0,Vendredi,0,0,0,0,0,0,0,0,0,0,0,0,0,0,0,0,0.0,0.0,0,0,,,2022,2500464.0,1116686.0,6.149245345671149,46.19425731982759
33896,48284,221019313,20221019,Dérapage ou perte de maîtrise,Collision avec un obstacle hors de la chaussée,Inattention et distraction - Manque d'attention momentané,Genève,Nuit,Beau temps,Avec dommages matériels,2501707.953,1118216.913,Route sèche,Autre,200000.0,Mercredi,0,0,0,0,0,0,0,0,0,0,0,0,1,0,0,0,0.0,0.0,0,0,,,2022,2501707.95,1118216.91,6.165034395749466,46.208209965596716
33897,48285,220713213,20220608,Accident par tamponnement,Collision avec un véhicule en marche,Inattention et distraction - Manque d'attention momentané,Genève,Jour,Beau temps,Avec dommages matériels,2499763.679,1117763.677,Route sèche,Route principale,100000.0,Mercredi,0,0,0,0,0,0,0,0,0,0,0,0,1,1,0,0,0.0,0.0,1,0,,,2022,2499763.68,1117763.68,6.139943569013072,46.20384631993893
33898,48286,220109006,20220109,Accident par tamponnement,Collision avec véhicule à l'arrêt,Inattention et distraction - Manque d'attention momentané,Genève,Nuit,Beau temps,Avec dommages matériels,2501321.601,1117446.931,Route sèche,Route principale,0.0,Dimanche,0,0,0,0,0,0,0,0,0,0,0,0,2,0,0,0,0.0,0.0,0,0,,,2022,2501321.6,1117446.93,6.1601919776533185,46.20122784678284
33899,48287,221021069,20221021,Autres,Autres,Comportement du cycliste ou du cyclomotoriste - Autre attitude fautive d'un cycliste ou d'un cyclomotoriste,Genève,Aurore / crépuscule,Pluie,Avec blessés graves,2500096.717,1119918.282,Route mouillée,Route principale,70000.0,Vendredi,0,0,0,1,0,0,0,1,0,0,0,0,0,0,0,0,0.0,0.0,0,0,,,2022,2500096.72,1119918.28,6.143796438263681,46.223275181359426
33900,48288,221106010,20221106,Dérapage ou perte de maîtrise,Collision avec un obstacle hors de la chaussée,Etat de la personne - Influence de l'alcool,Bellevue,Nuit,Beau temps,Avec dommages matériels,2499602.213,1122845.613,Route sèche,Autoroute,40000.0,Dimanche,0,0,0,0,0,0,0,0,0,0,0,0,1,0,0,0,0.0,0.0,0,0,,,2022,2499602.21,1122845.61,6.136757820758499,46.24953097510151
33901,48289,220713247,20220710,Accident par tamponnement,Collision avec véhicule à l'arrêt,Inattention et distraction - Manque d'attention momentané,Genève,Nuit,Beau temps,Avec dommages matériels,2500264.503,1118183.466,Route sèche,Route secondaire,40000.0,Dimanche,0,0,0,0,0,0,0,0,0,0,0,0,2,0,0,0,0.0,0.0,0,0,,,2022,2500264.5,1118183.47,6.146341510001034,46.207696562289925
33902,48290,221025090,20221012,Accident en parquant,Collision avec un obstacle fixe (y compris véhicule correctement stationné),Conduite - Marche arrière imprudente,Vernier,Jour,Autre,Avec dommages matériels,2497782.048,1119578.311,Route sèche,Autre,150000.0,Mercredi,0,0,0,0,0,0,0,0,0,0,0,0,1,0,0,0,0.0,0.0,1,0,,,2022,2497782.05,1119578.31,6.113876073434921,46.21986927492746
33903,48291,220704008,20220620,Accident par tamponnement,Collision avec véhicule à l'arrêt,Conduite - Suivre de trop près le véhicule qui précède,Genève,Jour,Beau temps,Avec dommages matériels,2499738.238,1117548.895,Route sèche,Route secondaire,180000.0,Lundi,0,0,0,0,0,0,0,0,0,0,0,0,2,0,0,0,0.0,0.0,0,0,,,2022,2499738.24,1117548.89,6.139660156454882,46.20191062669054
33904,48292,220428159,20220428,Dérapage ou perte de maîtrise,Sans collision,Inattention et distraction - Manque d'attention momentané,Meyrin,Jour,Beau temps,Avec blessés graves,2495093.524,1120419.315,Route sèche,Route principale,110000.0,Jeudi,0,0,0,1,0,0,0,1,0,0,0,0,0,0,0,0,0.0,0.0,1,0,,,2022,2495093.52,1120419.32,6.078849792191545,46.227019226622815
33905,48293,221013239,20221013,Accident lors d'un dépassement ou lors d'un changement de voie de circulation,Collision lors du changement de voie vers la gauche,Conduite - Manque d'égards en changeant de voie,Genève,Jour,Beau temps,Avec blessés graves,2499785.624,1116948.056,Route sèche,Route principale,130000.0,Jeudi,0,0,0,1,0,0,1,0,0,0,0,0,0,1,0,0,0.0,0.0,1,0,,,2022,2499785.62,1116948.06,6.140402880825073,46.196513608393325
33906,48294,220822371,20220822,Accident impliquant des piétons,Autre cas d'accident impliquant des piétons,Etat de la personne - Influence de l'alcool,Carouge (GE),Jour,Beau temps,Avec blessés légers,2498834.28,1115954.131,Route sèche,Route principale,160000.0,Lundi,0,0,1,0,0,1,0,0,0,0,0,0,0,0,0,1,0.0,0.0,0,1,,,2022,2498834.28,1115954.13,6.128296214323862,46.187431387199034
33907,48295,220719010,20220719,Dérapage ou perte de maîtrise,Collision avec un obstacle sur la chaussée,Inattention et distraction - Manque d'attention momentané,Plan-les-Ouates,Nuit,Beau temps,Avec dommages matériels,2498566.799,1113765.403,Route sèche,Route principale,10000.0,Mardi,0,0,0,0,0,0,0,0,0,0,0,0,1,0,0,0,0.0,0.0,0,0,,,2022,2498566.8,1113765.4,6.125307524879485,46.16770494564854
33908,47758,220605059,20220525,Accident en parquant,Collision avec un obstacle fixe (y compris véhicule correctement stationné),Dépassement - En dépassant de trop près (latéral),Genève,Jour,Beau temps,Avec dommages matériels,2500097.549,1116234.836,Route sèche,Route secondaire,200000.0,Mercredi,0,0,0,0,0,0,0,0,0,0,0,0,1,0,0,0,0.0,0.0,0,0,,,2022,2500097.55,1116234.84,6.144595696401511,46.19014506942496
33909,47759,221028232,20221028,Dérapage ou perte de maîtrise,Sans collision,Inattention et distraction - Manque d'attention momentané,Lancy,Jour,Beau temps,Avec blessés légers,2497723.069,1116799.901,Route sèche,Route secondaire,160000.0,Vendredi,0,0,1,0,0,0,0,0,0,0,0,1,0,0,0,0,0.0,0.0,0,0,,,2022,2497723.07,1116799.9,6.113720728717138,46.19487040505238
33910,47760,220412257,20220412,Accident en traversant une route,Collision avec le trafic traversant depuis la gauche,Signalisation lumineuse - Non-respect d'un feu rouge,Vernier,Jour,Beau temps,Avec blessés graves,2496490.904,1119395.033,Route sèche,Route principale,180000.0,Mardi,0,0,0,1,0,0,0,0,0,0,0,1,1,0,0,0,0.0,0.0,0,0,,,2022,2496490.9,1119395.03,6.097186360413354,46.21802317424967
33911,47761,220523368,20220523,Accident en quittant une route,Collision avec le trafic dans le même sens lors d'un demi-tour,Conduite - Demi-tour imprudent,Lancy,Jour,Beau temps,Avec blessés légers,2498158.932,1115313.492,Route sèche,Route principale,130000.0,Lundi,0,0,1,0,0,0,0,0,0,0,0,1,1,0,0,0,0.0,0.0,0,0,,,2022,2498158.93,1115313.49,6.119690063515196,46.18156732283514
33912,47762,220202219,20220202,Accident en parquant,Collision avec un obstacle fixe (y compris véhicule correctement stationné),Conduite - Marche arrière imprudente,Carouge (GE),Jour,Beau temps,Avec dommages matériels,2499492.501,1115524.732,Route sèche,Route principale,150000.0,Mercredi,0,0,0,0,0,0,0,0,0,0,0,0,0,0,0,0,0.0,0.0,0,0,,,2022,2499492.5,1115524.73,6.136912652079402,46.18366792070315
33913,47763,220222211,20220216,Accident par tamponnement,Collision avec un véhicule en marche,Conduite - Suivre de trop près le véhicule qui précède,Genève,Nuit,Pluie,Avec dommages matériels,2499779.001,1118325.989,Route mouillée,Route principale,200000.0,Mercredi,0,0,0,0,0,0,0,0,0,0,0,0,2,0,0,0,0.0,0.0,0,0,,,2022,2499779.0,1118325.99,6.140021270942045,46.20890622601799