,OBJECTID,ID_ACCIDENT,DATE_,GROUPE_ACCIDENT,TYPE,CAUSE,COMMUNE,CONDITIONS_LUMINEUSES,CONDITIONS_METEO,CONSEQUENCES,COOR_X,COOR_Y,ETAT_ROUTE,GENRE_ROUTE,HEURE,JOUR,NB_ENFANTS_IMPLIQUES,NB_ENFANTS_ECOLE,NB_BLESSES_LEGERS,NB_BLESSES_GRAVES,NB_TUES,NB_PIETONS,NB_BICYCLETTES,NB_VAE_25,NB_VAE_45,NB_CYCLOMOTEURS,NB_MOTOS_50,NB_MOTOS,NB_VOITURES_TOURISME,NB_VOITURES_LIVRAISON,NB_CAMIONS,NB_BUS,NB_TRAM,NB_TRAINS,NB_SENIORS,NB_TC,REF_GROUPE_CAUSE,TOTAL_PERSONNES,ANNEE,E,N,LATITUDE,LONGITUDE
34045,47409,220512121,20220419,Accident en parquant,Avec violation de l'obligation de déclarer,Cause inconnue - Véhicule stationné (omission de la déclaration obligatoire),Versoix,Inconnu,Autre,Avec dommages matériels,2501673.0,1127176.0,Autre,Autre,60000.0,Mardi,0,0,0,0,0,0,0,0,0,0,0,0,0,0,0,0,0.0,0.0,0,0,,,2022,2501673.0,1127176.0,6.162691103632734,46.28878671648021
34046,47410,220406253,20220406,Accident par tamponnement,Collision avec véhicule à l'arrêt,Conduite - Suivre de trop près le véhicule qui précède,Vernier,Jour,Beau temps,Avec dommages matériels,2496155.613,1119050.322,Route sèche,Autoroute,150000.0,Mercredi,0,0,0,0,0,0,0,0,0,0,0,0,5,0,0,0,0.0,0.0,0,0,,,2022,2496155.61,1119050.32,6.0929186400735995,46.214871031825155
34047,47411,221031375,20221031,Collision frontale,Frôlement avec le trafic en sens inverse (sans dépassement),Conduite - Croisement longitudinal non conforme ou circulation trop à gauche,Cologny,Jour,Beau temps,Avec dommages matériels,2502445.879,1118558.531,Route sèche,Route secondaire,150000.0,Lundi,0,0,0,0,0,0,0,0,0,0,0,0,1,0,0,0,0.0,0.0,0,0,,,2022,2502445.88,1118558.53,6.174522985069468,46.21139014982065
34048,47412,220801017,20220731,Dérapage ou perte de maîtrise,Collision avec un obstacle sur la chaussée,Inattention et distraction - Manque d'attention momentané,Chêne-Bougeries,Jour,Beau temps,Avec dommages matériels,2503691.365,1116831.27,Route sèche,Route principale,140000.0,Dimanche,0,0,0,0,0,0,0,0,0,0,0,0,1,0,0,0,0.0,0.0,0,0,,,2022,2503691.36,1116831.27,6.1910158075416435,46.19603400631801
34049,47413,220116067,20220116,Dérapage ou perte de maîtrise,Collision avec un obstacle hors de la chaussée,Etat de la personne - Influence de l'alcool,Meyrin,Aurore / crépuscule,Beau temps,Avec blessés légers,2494689.315,1120242.371,Route sèche,Route secondaire,180000.0,Dimanche,0,0,1,0,0,0,0,0,0,0,0,0,0,0,0,0,0.0,0.0,1,0,,,2022,2494689.32,1120242.37,6.0736515705060565,46.22536446917558
34050,47414,221108337,20221027,Dérapage ou perte de maîtrise,Collision avec un obstacle hors de la chaussée,"Vitesse - Inadaptée au tracé de la route (virage serré, proximité d'une intersection, etc.)",Cologny,Nuit,Beau temps,Avec dommages matériels,2502473.568,1118065.169,Route sèche,Route principale,10000.0,Jeudi,0,0,0,0,0,0,0,0,0,0,0,0,1,0,0,0,0.0,0.0,0,0,,,2022,2502473.57,1118065.17,6.174984846206066,46.20695667556386
34051,47415,220121089,20220121,Accident par tamponnement,Collision avec un véhicule en marche,Inattention et distraction - Manque d'attention momentané,Cologny,Jour,Beau temps,Avec blessés légers,2502904.951,1119650.887,Route sèche,Route principale,70000.0,Vendredi,0,0,1,0,0,0,0,0,0,0,0,1,1,0,0,0,0.0,0.0,0,0,,,2022,2502904.95,1119650.89,6.180243317713823,46.22128179707829
34052,46528,220130017,20220130,Dérapage ou perte de maîtrise,Collision avec un obstacle hors de la chaussée,Etat de la personne - Influence de l'alcool,Lancy,Nuit,Temps couvert,Avec dommages matériels,2498856.999,1115154.481,Route sèche,Route principale,50000.0,Dimanche,0,0,0,0,0,0,0,0,0,0,0,0,1,0,0,0,0.0,0.0,0,0,,,2022,2498857.0,1115154.48,6.128763598507409,46.18024248607316
34053,46529,220917055,20220917,Accident impliquant des piétons,Piéton touché par un véhicule obliquant à gauche,Priorité - Ne pas accorder la priorité à un passage pour piétons,Carouge (GE),Jour,Beau temps,Avec blessés graves,2499643.862,1115817.538,Route sèche,Route secondaire,120000.0,Samedi,2,0,3,1,0,4,0,0,0,0,0,0,1,0,0,0,0.0,0.0,0,0,,,2022,2499643.86,1115817.54,6.138809733173313,46.18632416286342
34054,46530,220529060,20220529,Dérapage ou perte de maîtrise,Collision avec un obstacle hors de la chaussée,Etat de la personne - Influence de médicaments,Bellevue,Jour,Beau temps,Avec blessés graves,2499561.684,1124890.273,Route sèche,Autoroute,90000.0,Dimanche,0,0,0,1,0,0,0,0,0,0,0,0,1,0,0,0,0.0,0.0,1,0,,,2022,2499561.68,1124890.27,6.135791475845237,46.26791535892324
34055,46531,220228324,20220219,Dérapage ou perte de maîtrise,"Lors de l'évitement, sans collision",Conduite - Manque d'égards en changeant de voie,Genève,Jour,Beau temps,Avec dommages matériels,2498982.866,1117459.649,Route sèche,Route principale,130000.0,Samedi,1,0,0,0,0,0,1,0,0,0,0,0,1,0,0,0,0.0,0.0,0,0,,,2022,2498982.87,1117459.65,6.129894744561808,46.200994886980816
34056,46532,220527182,20220527,Accident impliquant des piétons,Piéton traversant la chaussée touché par un véhicule circulant en ligne droite,Priorité - Ne pas accorder la priorité à un passage pour piétons,Vernier,Jour,Beau temps,Avec blessés légers,2495034.959,1118769.217,Route sèche,Route principale,150000.0,Vendredi,0,0,1,0,0,1,0,0,0,0,0,1,0,0,0,0,0.0,0.0,0,0,,,2022,2495034.96,1118769.22,6.078462182779637,46.212168665764985
34057,46533,220124026,20220124,Collision frontale,Collision frontale avec le trafic venant en sens inverse (sans dépassement),Etat de la personne - Influence de l'alcool,Cologny,Nuit,Temps couvert,Avec dommages matériels,2504028.677,1121261.658,Route sèche,Route principale,50000.0,Lundi,0,0,0,0,0,0,0,0,0,0,0,0,3,0,0,0,0.0,0.0,0,0,,,2022,2504028.68,1121261.66,6.194473467436839,46.235931257249966
34058,46534,220507013,20220506,Accident par tamponnement,Collision avec véhicule à l'arrêt,Conduite - Suivre de trop près le véhicule qui précède,Genève,Jour,Beau temps,Avec dommages matériels,2499163.367,1117940.778,Route sèche,Route principale,110000.0,Vendredi,0,0,0,0,0,0,0,0,0,0,0,1,1,0,0,0,0.0,0.0,0,0,,,2022,2499163.37,1117940.78,6.132128879609148,46.20534943722712
34059,46535,220411359,20220410,Accident en s'engageant sur une route,Collision en s'engageant depuis le bord de la route,Priorité - Non-respect du signal de priorité «Stop»,Genève,Jour,Beau temps,Avec blessés légers,2499556.501,1118332.239,Route sèche,Route principale,130000.0,Dimanche,0,0,1,0,0,0,0,0,0,0,0,1,1,0,0,0,0.0,0.0,0,0,,,2022,2499556.5,1118332.24,6.137137385578533,46.20892922824005
34060,46536,220621405,20220516,Accident par tamponnement,Collision avec véhicule à l'arrêt,Inattention et distraction - Manque d'attention momentané,Genève,Nuit,Beau temps,Avec dommages matériels,2497615.258,1117931.871,Route sèche,Route principale,230000.0,Lundi,0,0,0,0,0,0,0,0,0,0,0,0,2,0,0,0,0.0,0.0,0,0,,,2022,2497615.26,1117931.87,6.11207612006931,46.20503528520895
34061,46537,220507050,20220430,Dérapage ou perte de maîtrise,Collision avec un obstacle hors de la chaussée,Inattention et distraction - Manque d'attention momentané,Genève,Jour,Pluie,Avec dommages matériels,2500468.073,1116724.077,Route mouillée,Route principale,170000.0,Samedi,0,0,0,0,0,0,0,0,0,0,0,0,1,0,0,0,0.0,0.0,0,0,,,2022,2500468.07,1116724.08,6.149289941616665,46.19460042826572
34062,46538,220818162,20220818,Dérapage ou perte de maîtrise,Sans collision,Inattention et distraction - Manque d'attention momentané,Bellevue,Jour,Beau temps,Avec blessés graves,2500861.097,1123238.871,Route sèche,Route principale,80000.0,Jeudi,0,0,0,1,0,0,0,0,1,0,0,0,0,0,0,0,0.0,0.0,0,0,,,2022,2500861.1,1123238.87,6.152995595845654,46.25325511324534
34063,46539,220128052,20220127,Accident en quittant une route,Collision en obliquant à gauche avec le trafic venant en sens inverse,Priorité - Priorité en obliquant à gauche devant des véhicules venant en sens inverse,Vernier,Jour,Beau temps,Avec blessés graves,2497644.503,1119750.486,Route sèche,Route principale,160000.0,Jeudi,0,0,0,1,0,0,0,0,0,0,0,1,1,0,0,0,0.0,0.0,0,0,,,2022,2497644.5,1119750.49,6.112055949609615,46.22139698080112
34064,46540,220506006,20220506,Dérapage ou perte de maîtrise,Collision avec un obstacle hors de la chaussée,Etat de la personne - Influence de l'alcool,Genève,Nuit,Beau temps,Avec dommages matériels,2501568.0,1117306.351,Route sèche,Route principale,20000.0,Vendredi,0,0,0,0,0,0,0,0,0,0,0,0,1,0,0,0,0.0,0.0,0,0,,,2022,2501568.0,1117306.35,6.163413359416237,46.19999953722985
34065,46541,220220042,20220218,Accident en parquant,Avec violation de l'obligation de déclarer,Cause inconnue - Véhicule stationné (omission de la déclaration obligatoire),Genève,Inconnu,Autre,Avec dommages matériels,2499534.806,1117131.645,Autre,Route principale,180000.0,Vendredi,0,0,0,0,0,0,0,0,0,0,0,0,0,0,0,0,0.0,0.0,0,0,,,2022,2499534.81,1117131.64,6.137114811549286,46.1981273595725
34066,46542,220415015,20220407,Collision frontale,Frôlement avec le trafic en sens inverse (sans dépassement),Inattention et distraction - Manque d'attention momentané,Céligny,Nuit,Pluie,Avec dommages matériels,2505337.903,1134095.799,Route mouillée,Route principale,230000.0,Jeudi,0,0,0,0,0,0,0,0,0,0,0,0,2,0,0,0,0.0,0.0,2,0,,,2022,2505337.9,1134095.8,6.208831727814135,46.35155394840885
34067,46543,220609104,20220609,Accident en traversant une route,Collision avec le trafic traversant depuis la gauche,Etat de la personne - Influence de l'alcool,Collonge-Bellerive,Jour,Temps couvert,Avec blessés graves,2505795.621,1122599.032,Route humide,Route principale,60000.0,Jeudi,0,0,1,1,0,0,0,0,0,0,0,0,2,0,0,0,0.0,0.0,0,0,,,2022,2505795.62,1122599.03,6.217106016372085,46.248210358132575
34068,46544,220727218,20220727,Dérapage ou perte de maîtrise,Sans collision,Inattention et distraction - Manque d'attention momentané,Chêne-Bougeries,Jour,Beau temps,Avec blessés graves,2503646.057,1116864.937,Route sèche,Route principale,170000.0,Mercredi,0,0,0,1,0,0,1,0,0,0,0,0,0,0,0,0,0.0,0.0,0,0,,,2022,2503646.06,1116864.94,6.190422118518454,46.19633035861336
34069,46545,220309138,20220304,Accident par tamponnement,Collision avec un véhicule en marche,Inattention et distraction - Manque d'attention momentané,Genève,Nuit,Beau temps,Avec blessés légers,2499925.978,1116469.893,Route sèche,Route principale,190000.0,Vendredi,0,0,1,0,0,0,0,0,0,0,0,0,2,0,0,0,0.0,0.0,0,0,,,2022,2499925.98,1116469.89,6.142323355707026,46.19223368070092
34070,46926,221028149,20220928,Accident en parquant,Avec violation de l'obligation de déclarer,Cause inconnue - Véhicule stationné (omission de la déclaration obligatoire),Genève,Inconnu,Autre,Avec dommages matériels,2499284.922,1117489.831,Autre,Route principale,70000.0,Mercredi,0,0,0,0,0,0,0,0,0,0,0,0,0,0,0,0,0.0,0.0,0,0,,,2022,2499284.92,1117489.83,6.133800790643675,46.20131165668242
34071,46927,221010217,20220923,Accident en parquant,Avec violation de l'obligation de déclarer,Cause inconnue - Véhicule stationné (omission de la déclaration obligatoire),Vernier,Inconnu,Autre,Avec dommages matériels,2497606.6,1119011.732,Autre,Autre,120000.0,Vendredi,0,0,0,0,0,0,0,0,0,0,0,0,0,0,0,0,0.0,0.0,0,0,,,2022,2497606.6,1119011.73,6.1117269873920606,46.2147465657031
34072,46928,220314314,20220314,Dérapage ou perte de maîtrise,Sans collision,Inattention et distraction - Manque d'attention momentané,Genève,Jour,Temps couvert,Avec blessés légers,2499599.751,1117586.237,Route sèche,Route secondaire,160000.0,Lundi,0,0,1,0,0,0,1,0,0,0,0,0,0,0,0,0,0.0,0.0,0,0,,,2022,2499599.75,1117586.24,6.137858182199067,46.20222589653393
34073,46929,220815088,20220807,Dérapage ou perte de maîtrise,Collision avec un obstacle en manoeuvrant,Conduite - Marche arrière imprudente,Genève,Jour,Beau temps,Avec dommages matériels,2501298.572,1117535.072,Route sèche,Route principale,100000.0,Dimanche,0,0,0,0,0,0,0,0,0,0,0,0,1,0,0,0,0.0,0.0,0,0,,,2022,2501298.57,1117535.07,6.159875021490823,46.20201723226838
34074,46930,220106053,20220106,Dérapage ou perte de maîtrise,Collision avec un obstacle hors de la chaussée,Etat de la personne - Influence de l'alcool,Genève,Aurore / crépuscule,Beau temps,Avec dommages matériels,2500733.335,1117522.666,Route sèche,Route principale,70000.0,Jeudi,0,0,0,0,0,0,0,0,0,0,0,0,1,0,0,0,0.0,0.0,0,0,,,2022,2500733.34,1117522.67,6.152555873456413,46.201822473401386
34075,46931,221125203,20221125,Accident en s'engageant sur une route,Collision en obliquant à gauche avec le trafic venant de gauche,Priorité - Non-respect du signal de priorité «Stop»,Carouge (GE),Aurore / crépuscule,Pluie,Avec blessés légers,2499372.823,1115055.008,Route mouillée,Route principale,170000.0,Vendredi,0,0,1,0,0,0,0,0,0,0,0,1,1,0,0,0,0.0,0.0,1,0,,,2022,2499372.82,1115055.01,6.13546407579436,46.17942519860445
34076,46932,221101264,20221005,Accident en parquant,Avec violation de l'obligation de déclarer,Cause inconnue - Véhicule stationné (omission de la déclaration obligatoire),Genève,Inconnu,Autre,Avec dommages matériels,2499701.719,1116425.816,Autre,Route principale,190000.0,Mercredi,0,0,0,0,0,0,0,0,0,0,0,0,0,0,0,0,0.0,0.0,0,0,,,2022,2499701.72,1116425.82,6.139428368795302,46.19180388294175
34077,46933,220503133,20220410,Dérapage ou perte de maîtrise,Collision avec un obstacle hors de la chaussée,Inattention et distraction - Manque d'attention momentané,Bardonnex,Nuit,Autre,Avec dommages matériels,2499589.426,1112000.058,Autre,Route principale,70000.0,Dimanche,0,0,0,0,0,0,0,0,0,0,0,0,1,0,0,0,0.0,0.0,0,0,,,2022,2499589.43,1112000.06,6.138925095446224,46.15198030685392
34078,46934,220904005,20220901,Accident en parquant,Avec violation de l'obligation de déclarer,Cause inconnue - Véhicule stationné (omission de la déclaration obligatoire),Genève,Inconnu,Autre,Avec dommages matériels,2500200.613,1117620.71,Autre,Route principale,210000.0,Jeudi,0,0,0,0,0,0,0,0,0,0,0,0,0,0,0,0,0.0,0.0,0,0,,,2022,2500200.61,1117620.71,6.145634154138758,46.20262540449756
34079,46935,220729183,20220728,Accident par tamponnement,Collision avec véhicule à l'arrêt,Inattention et distraction - Manque d'attention momentané,Carouge (GE),Nuit,Beau temps,Avec dommages matériels,2499653.333,1115038.001,Route sèche,Route principale,20000.0,Jeudi,0,0,0,0,0,0,0,0,0,0,0,1,1,0,0,0,0.0,0.0,1,0,,,2022,2499653.33,1115038.0,6.139099837365733,46.179314118403866
34080,46936,220610169,20220510,Accident par tamponnement,Collision avec un véhicule en marche,Cause inconnue - Cause inconnue,Lancy,Jour,Beau temps,Avec blessés légers,2498864.916,1115068.234,Route sèche,Route secondaire,120000.0,Mardi,0,0,1,0,0,0,1,0,0,0,0,0,1,0,0,0,0.0,0.0,0,0,,,2022,2498864.92,1115068.23,6.128884822372472,46.17946791602373
34081,46937,221223007,20221223,Dérapage ou perte de maîtrise,Collision avec un obstacle sur la chaussée,Etat de la personne - Influence de l'alcool,Bardonnex,Nuit,Pluie,Avec dommages matériels,2498185.218,1112015.197,Route mouillée,Route principale,20000.0,Vendredi,0,0,0,0,0,0,0,0,0,0,0,0,1,0,0,0,0.0,0.0,0,0,,,2022,2498185.22,1112015.2,6.120748994350405,46.15190546430082
34082,46938,220329041,20220328,Dérapage ou perte de maîtrise,Sans collision,Etat du véhicule - Autre défectuosité de l'état du véhicule,Genève,Jour,Beau temps,Avec blessés légers,2497622.653,1118008.798,Route sèche,Route secondaire,160000.0,Lundi,0,0,2,0,0,0,0,0,0,0,0,2,1,0,0,0,0.0,0.0,1,0,,,2022,2497622.65,1118008.8,6.112154976966663,46.205728343189726
34083,46939,221216039,20221209,Accident en parquant,Avec violation de l'obligation de déclarer,Cause inconnue - Véhicule stationné (omission de la déclaration obligatoire),Satigny,Jour,Autre,Avec dommages matériels,2493212.361,1119935.906,Autre,Route secondaire,160000.0,Vendredi,0,0,0,0,0,0,0,0,0,0,0,0,0,0,0,0,0.0,0.0,0,0,,,2022,2493212.36,1119935.91,6.054581923832266,46.22237501750834
34084,46940,221020097,20221020,Accident impliquant des piétons,Piéton traversant la chaussée touché par un véhicule circulant en ligne droite,Signalisation lumineuse - Non-respect d'un feu rouge,Genève,Nuit,Beau temps,Avec blessés graves,2501009.382,1117841.488,Route sèche,Route principale,60000.0,Jeudi,0,0,1,1,0,1,1,0,0,0,0,0,0,0,0,0,0.0,0.0,0,0,,,2022,2501009.38,1117841.49,6.156063967805432,46.20473077152374
34085,46941,220810012,20220809,Dérapage ou perte de maîtrise,Sans collision,Inattention et distraction - Manque d'attention momentané,Carouge (GE),Nuit,Beau temps,Avec blessés graves,2499684.782,1115139.327,Route sèche,Route secondaire,60000.0,Mardi,0,0,0,1,0,0,1,0,0,0,0,0,0,0,0,0,0.0,0.0,0,0,,,2022,2499684.78,1115139.33,6.139485298841749,46.1802302080519
34086,46942,220527205,20220527,Accident impliquant des piétons,Piéton traversant la chaussée touché par un véhicule circulant en ligne droite,Comportement du piéton / du conducteur d'EAV - Traversée imprudente de la route,Carouge (GE),Jour,Beau temps,Avec blessés légers,2499614.971,1115384.64,Route sèche,Route secondaire,180000.0,Vendredi,1,0,1,0,0,1,0,0,0,0,0,0,1,0,0,0,0.0,0.0,0,0,,,2022,2499614.97,1115384.64,6.138528652397781,46.18242619538003
34087,46943,220501030,20220212,Accident en parquant,Avec violation de l'obligation de déclarer,Cause inconnue - Véhicule stationné (omission de la déclaration obligatoire),Genève,Inconnu,Autre,Avec dommages matériels,2500291.068,1118467.566,Autre,Route principale,200000.0,Samedi,0,0,0,0,0,0,0,0,0,0,0,0,0,0,0,0,0.0,0.0,0,0,,,2022,2500291.07,1118467.57,6.146625019965748,46.21025580735491
34088,46944,220711442,20220711,Accident lors d'un dépassement ou lors d'un changement de voie de circulation,Frôlement latéral avec le véhicule dépassé,Etat de la personne - Influence de l'alcool,Meyrin,Jour,Beau temps,Avec dommages matériels,2493464.176,1121123.094,Route sèche,Route secondaire,160000.0,Lundi,0,0,0,0,0,0,0,0,0,0,0,0,2,0,0,0,0.0,0.0,0,0,,,2022,2493464.18,1121123.09,6.057573858048784,46.23309273774796
34089,47128,221204240,20221201,Accident impliquant des piétons,Piéton traversant la chaussée touché par un véhicule circulant en ligne droite,Comportement du piéton / du conducteur d'EAV - Traversée imprudente de la route,Genève,Jour,Temps couvert,Avec blessés légers,2499891.1,1118172.92,Route sèche,Route principale,160000.0,Jeudi,0,0,2,0,0,1,0,0,0,0,0,0,1,0,0,0,0.0,0.0,1,0,,,2022,2499891.1,1118172.92,6.141506390965167,46.20754616319114
34090,47129,220704275,20220704,Accident par tamponnement,Collision avec un véhicule en marche,Conduite - Suivre de trop près le véhicule qui précède,Onex,Jour,Beau temps,Avec blessés légers,2496734.337,1115546.24,Route sèche,Route secondaire,160000.0,Lundi,2,0,1,0,0,0,0,0,0,0,0,0,2,0,0,0,0.0,0.0,0,0,,,2022,2496734.34,1115546.24,6.101192114300441,46.18344349800312
34091,47130,221016015,20221016,Dérapage ou perte de maîtrise,Sans collision,Etat de la personne - Influence de l'alcool,Genève,Nuit,Beau temps,Avec blessés légers,2501506.323,1116339.161,Route sèche,Route secondaire,20000.0,Dimanche,0,0,1,0,0,0,0,0,0,0,0,0,1,0,0,0,0.0,0.0,0,0,,,2022,2501506.32,1116339.16,6.162818450444217,46.19129120639986
34092,47131,220710009,20220710,Dérapage ou perte de maîtrise,Collision avec un obstacle hors de la chaussée,Inattention et distraction - Manque d'attention momentané,Bellevue,Nuit,Beau temps,Avec dommages matériels,2499303.495,1124072.489,Route sèche,Autoroute,10000.0,Dimanche,0,0,0,0,0,0,0,0,0,0,0,0,1,0,0,0,0.0,0.0,0,0,,,2022,2499303.5,1124072.49,6.132619887496368,46.26052127088738
34093,47132,220324099,20220324,Dérapage ou perte de maîtrise,"Lors de l'évitement, avec collision",Dépassement - Dépassement en présence de trafic venant en sens inverse,Meyrin,Jour,Beau temps,Avec blessés graves,2495397.769,1119943.355,Route sèche,Route secondaire,80000.0,Jeudi,0,0,0,1,0,0,0,0,0,0,0,1,1,0,0,0,0.0,0.0,0,0,,,2022,2495397.77,1119943.36,6.0828994366692895,46.2227857480662
34094,47133,221003008,20221003,Dérapage ou perte de maîtrise,"Lors de l'évitement, sans collision",Etat de la personne - Influence de l'alcool,Genève,Nuit,Beau temps,Avec dommages matériels,2501126.501,1117564.431,Route sèche,Route principale,20000.0,Lundi,0,0,0,0,0,0,0,0,0,0,0,0,1,0,0,0,0.0,0.0,0,0,,,2022,2501126.5,1117564.43,6.157639867270789,46.202256021215334
34095,47134,220106186,20220106,Accident impliquant des piétons,Piéton traversant la chaussée touché par un véhicule circulant en ligne droite,Priorité - Ne pas accorder la priorité à un passage pour piétons,Versoix,Jour,Beau temps,Avec blessés graves,2501911.983,1126440.125,Route sèche,Route secondaire,120000.0,Jeudi,0,0,0,1,0,1,0,0,0,0,0,0,1,0,0,0,0.0,0.0,1,0,,,2022,2501911.98,1126440.13,6.165946827378439,46.28220294652526
34096,47135,221019117,20221019,Dérapage ou perte de maîtrise,Sans collision,Inattention et distraction - Manque d'attention momentané,Satigny,Aurore / crépuscule,Temps couvert,Avec blessés légers,2492615.164,1119891.581,Route sèche,Route principale,60000.0,Mercredi,0,0,1,0,0,0,0,0,0,0,0,1,0,0,0,0,0.0,0.0,0,0,,,2022,2492615.16,1119891.58,6.0468534988123,46.221881141777075
34097,47136,220228187,20220228,Accident en quittant une route,Collision avec le trafic venant en sens inverse lors d'un demi-tour,Conduite - Demi-tour imprudent,Genève,Jour,Beau temps,Avec blessés graves,2501729.804,1116802.748,Route sèche,Route principale,110000.0,Lundi,0,0,0,1,0,0,0,0,0,0,0,1,1,0,0,0,0.0,0.0,0,0,,,2022,2501729.8,1116802.75,6.165615195511688,46.1954936241925
34098,47137,220706001,20220705,Dérapage ou perte de maîtrise,Collision avec un obstacle sur la chaussée,Influence externe - Eblouissement du soleil,Vernier,Jour,Beau temps,Avec blessés légers,2494670.803,1118514.222,Route sèche,Route principale,80000.0,Mardi,0,0,1,0,0,0,0,0,0,0,0,1,0,0,0,0,0.0,0.0,0,0,,,2022,2494670.8,1118514.22,6.07380174411329,46.20981816657581
34099,47138,221013057,20220430,Accident en parquant,Avec violation de l'obligation de déclarer,Cause inconnue - Véhicule stationné (omission de la déclaration obligatoire),Genève,Nuit,Beau temps,Avec dommages matériels,2497871.847,1118654.387,Route sèche,Route secondaire,220000.0,Samedi,0,0,0,0,0,0,0,0,0,0,0,0,0,0,0,0,0.0,0.0,0,0,,,2022,2497871.85,1118654.39,6.115241932626935,46.211572893439595
34100,47139,220822332,20220804,Accident en parquant,Collision avec un obstacle fixe (y compris véhicule correctement stationné),Conduite - Marche arrière imprudente,Cologny,Nuit,Beau temps,Avec dommages matériels,2502927.605,1119102.079,Route sèche,Route secondaire,220000.0,Jeudi,0,0,0,0,0,0,0,0,0,0,0,0,1,0,0,0,0.0,0.0,0,0,,,2022,2502927.61,1119102.08,6.180651159848968,46.21634882893346
34101,47140,220726220,20220403,Accident lors d'un dépassement ou lors d'un changement de voie de circulation,Collision lors du changement de voie vers la gauche,Conduite - Manque d'égards en changeant de voie,Genève,Jour,Beau temps,Avec dommages matériels,2499576.0,1117018.0,Route sèche,Route principale,110000.0,Dimanche,0,0,0,0,0,0,0,0,0,0,0,0,2,0,0,0,0.0,0.0,0,0,,,2022,2499576.0,1117018.0,6.13767277748877,46.19711139490474
34102,47141,220127055,20220126,Accident lors d'un dépassement ou lors d'un changement de voie de circulation,Collision lors du changement de voie vers la droite,Conduite - Manque d'égards en changeant de voie,Genève,Jour,Temps couvert,Avec dommages matériels,2499651.843,1118179.967,Route sèche,Route principale,130000.0,Mercredi,0,0,0,0,0,0,0,0,0,0,0,0,1,1,0,0,0.0,0.0,0,0,,,2022,2499651.84,1118179.97,6.138405281782622,46.207573896927784
34103,47142,220313044,20220307,Accident par tamponnement,Collision avec véhicule à l'arrêt,Conduite - Suivre de trop près le véhicule qui précède,Genève,Jour,Temps couvert,Avec dommages matériels,2501518.737,1117330.08,Route sèche,Route principale,100000.0,Lundi,0,0,0,0,0,0,0,0,0,0,0,0,1,1,0,0,0.0,0.0,0,0,,,2022,2501518.74,1117330.08,6.162770279090719,46.20020575995312
34104,47143,220519261,20220428,Accident lors d'un dépassement ou lors d'un changement de voie de circulation,Collision lors du changement de voie vers la droite,Conduite - Manque d'égards en changeant de voie,Genève,Aurore / crépuscule,Beau temps,Avec dommages matériels,2497925.427,1118533.032,Route sèche,Route principale,60000.0,Jeudi,0,0,0,0,0,0,0,0,0,0,0,0,2,0,0,0,0.0,0.0,0,0,,,2022,2497925.43,1118533.03,6.115962652839595,46.21048948170379
34105,47144,220918066,20220918,Dérapage ou perte de maîtrise,Collision avec un obstacle hors de la chaussée,Inattention et distraction - Manque d'expérience pratique de la conduite,Meyrin,Jour,Beau temps,Avec dommages matériels,2495408.033,1120568.04,Route sèche,Route secondaire,170000.0,Dimanche,0,0,0,0,0,0,0,0,0,0,0,0,1,0,0,0,0.0,0.0,0,0,,,2022,2495408.03,1120568.04,6.082892297770626,46.22840588183722
34106,47145,220222128,20220218,Accident en parquant,Collision avec un obstacle fixe (y compris véhicule correctement stationné),Conduite - Marche arrière imprudente,Genève,Inconnu,Autre,Avec dommages matériels,2500514.906,1118687.993,Autre,Route principale,170000.0,Vendredi,0,0,0,0,0,0,0,0,0,0,0,0,0,1,0,0,0.0,0.0,0,0,,,2022,2500514.91,1118687.99,6.14947800399546,46.21227151855673
34107,47416,221104264,20221104,Accident par tamponnement,Collision avec véhicule à l'arrêt,Inattention et distraction - Manque d'attention momentané,Bellevue,Aurore / crépuscule,Temps couvert,Avec blessés légers,2499566.128,1124888.451,Route humide,Autoroute,170000.0,Vendredi,0,0,1,0,0,0,0,0,0,0,0,0,1,2,0,0,0.0,0.0,0,0,,,2022,2499566.13,1124888.45,6.1358495817446626,46.26789965480541
34108,47417,221001017,20220930,Accident en traversant une route,Collision avec le trafic traversant depuis la gauche,Priorité - Non-respect du signal de priorité «Cédez le passage»,Collonge-Bellerive,Jour,Beau temps,Avec blessés légers,2504323.936,1121683.517,Route sèche,Route secondaire,130000.0,Vendredi,0,0,1,0,0,0,0,0,0,0,0,1,1,0,0,0,0.0,0.0,0,0,,,2022,2504323.94,1121683.52,6.198213991110083,46.239767785981904
34109,47418,220823076,20220823,Accident en traversant une route,Collision avec le trafic traversant depuis la droite,Priorité - Non-respect du signal de priorité «Stop»,Genève,Jour,Beau temps,Avec dommages matériels,2501335.919,1117890.276,Route sèche,Route principale,70000.0,Mardi,0,0,0,0,0,0,0,0,0,0,0,1,1,0,0,0,0.0,0.0,0,0,,,2022,2501335.92,1117890.28,6.1602837522798035,46.2052176168755
34110,47419,220910059,20220904,Accident lors d'un dépassement ou lors d'un changement de voie de circulation,Frôlement latéral avec le véhicule dépassé,Dépassement - En dépassant de trop près (latéral),Thônex,Jour,Temps couvert,Avec dommages matériels,2505263.592,1116826.438,Route sèche,Route principale,170000.0,Dimanche,0,0,0,0,0,0,0,0,0,0,0,0,2,0,0,0,0.0,0.0,0,0,,,2022,2505263.59,1116826.44,6.211380891859937,46.196213956042584