,OBJECTID,ID_ACCIDENT,DATE_,GROUPE_ACCIDENT,TYPE,CAUSE,COMMUNE,CONDITIONS_LUMINEUSES,CONDITIONS_METEO,CONSEQUENCES,COOR_X,COOR_Y,ETAT_ROUTE,GENRE_ROUTE,HEURE,JOUR,NB_ENFANTS_IMPLIQUES,NB_ENFANTS_ECOLE,NB_BLESSES_LEGERS,NB_BLESSES_GRAVES,NB_TUES,NB_PIETONS,NB_BICYCLETTES,NB_VAE_25,NB_VAE_45,NB_CYCLOMOTEURS,NB_MOTOS_50,NB_MOTOS,NB_VOITURES_TOURISME,NB_VOITURES_LIVRAISON,NB_CAMIONS,NB_BUS,NB_TRAM,NB_TRAINS,NB_SENIORS,NB_TC,REF_GROUPE_CAUSE,TOTAL_PERSONNES,ANNEE,E,N,LATITUDE,LONGITUDE
34111,47420,220409057,20220409,Accident impliquant des piétons,Piéton traversant la chaussée touché par un véhicule circulant en ligne droite,Signalisation lumineuse - Non-respect d'un feu rouge,Genève,Jour,Beau temps,Avec blessés graves,2500257.694,1118188.278,Route sèche,Route principale,120000.0,Samedi,0,0,1,1,0,1,1,0,0,0,0,0,0,0,0,0,0.0,0.0,1,0,,,2022,2500257.69,1118188.28,6.146252258583506,46.207738814749135
34112,47421,220727120,20220421,Accident en parquant,Avec violation de l'obligation de déclarer,Cause inconnue - Véhicule stationné (omission de la déclaration obligatoire),Genève,Inconnu,Autre,Avec dommages matériels,2501269.24,1117832.281,Autre,Autre,170000.0,Jeudi,0,0,0,0,0,0,0,0,0,0,0,0,0,0,0,0,0.0,0.0,0,0,,,2022,2501269.24,1117832.28,6.159432221236023,46.204686150998434
34113,47422,220707183,20220707,Dérapage ou perte de maîtrise,"Lors de l'évitement, avec collision",Conduite - Suivre de trop près le véhicule qui précède,Cologny,Jour,Beau temps,Avec blessés graves,2503115.936,1119214.242,Route sèche,Route principale,100000.0,Jeudi,0,0,0,1,0,0,0,0,0,0,0,1,1,0,0,0,0.0,0.0,1,0,,,2022,2503115.94,1119214.24,6.18306808269942,46.217384823079115
34114,47423,220731019,20220731,Dérapage ou perte de maîtrise,Sans collision,Etat de la personne - Influence de l'alcool,Lancy,Jour,Beau temps,Avec blessés légers,2498788.395,1114408.484,Route sèche,Route principale,70000.0,Dimanche,0,0,1,0,0,0,0,1,0,0,0,0,0,0,0,0,0.0,0.0,0,0,,,2022,2498788.39,1114408.48,6.128036818033842,46.173522394557104
34115,47424,220110124,20220110,Dérapage ou perte de maîtrise,Autre cas de dérapage ou de perte de maîtrise,Inattention et distraction - Manque d'attention momentané,Plan-les-Ouates,Nuit,Beau temps,Avec blessés légers,2497032.152,1113315.649,Route humide,Route principale,80000.0,Lundi,0,0,1,0,0,0,0,1,0,0,0,0,0,0,0,0,0.0,0.0,0,0,,,2022,2497032.15,1113315.65,6.105540021172108,46.16342660445135
34116,47425,220910001,20220909,Accident en parquant,Collision avec un obstacle fixe (y compris véhicule correctement stationné),Etat de la personne - Influence de l'alcool,Vernier,Nuit,Pluie,Avec dommages matériels,2496203.035,1117489.473,Route humide,Autre,230000.0,Vendredi,0,0,0,0,0,0,0,0,0,0,0,0,1,0,0,0,0.0,0.0,0,0,,,2022,2496203.04,1117489.47,6.093880324252189,46.200839640081384
34117,47426,220601227,20220531,Collision frontale,Collision frontale avec le trafic venant en sens inverse (sans dépassement),Inattention et distraction - Manque d'attention momentané,Cologny,Jour,Pluie,Avec dommages matériels,2502487.048,1118043.967,Route mouillée,Route principale,180000.0,Mardi,0,0,0,0,0,0,0,0,0,0,0,0,2,0,0,0,0.0,0.0,0,0,,,2022,2502487.05,1118043.97,6.175163907690248,46.2067679493527
34118,47427,221220053,20221219,Accident lors d'un dépassement ou lors d'un changement de voie de circulation,Collision lors du changement de voie vers la droite,Conduite - Manque d'égards en changeant de voie,Bellevue,Nuit,Beau temps,Avec dommages matériels,2499301.429,1124142.973,Route sèche,Autoroute,180000.0,Lundi,0,0,0,0,0,0,0,0,0,0,0,0,2,0,0,0,0.0,0.0,0,0,,,2022,2499301.43,1124142.97,6.132577807046329,46.261154883781245
34119,47428,221014282,20220914,Accident en traversant une route,Autre cas d'accident en traversant une route,Cause inconnue - Cause inconnue,Genève,Jour,Temps couvert,Avec dommages matériels,2502159.952,1116676.623,Route sèche,Route principale,120000.0,Mercredi,0,0,0,0,0,0,1,0,0,0,0,0,1,0,0,0,0.0,0.0,0,0,,,2022,2502159.95,1116676.62,6.171212988912837,46.19442189523485
34120,47429,220730028,20220730,Autres,Autres,Etat de la personne - Influence de l'alcool,Genève,Jour,Beau temps,Avec dommages matériels,2500294.298,1118510.194,Route sèche,Route secondaire,70000.0,Samedi,0,0,0,0,0,0,0,0,0,0,0,0,1,0,0,0,0.0,0.0,0,0,,,2022,2500294.3,1118510.19,6.146657759682,46.210639626978946
34121,47430,220605013,20220528,Accident en quittant une route,Collision avec le trafic venant en sens inverse lors d'un demi-tour,Conduite - Demi-tour imprudent,Genève,Jour,Beau temps,Avec dommages matériels,2499268.918,1118309.979,Route sèche,Route principale,110000.0,Samedi,0,0,0,0,0,0,0,0,0,0,0,0,2,0,0,0,0.0,0.0,0,0,,,2022,2499268.92,1118309.98,6.13341652502179,46.2086859778506
34122,47431,220811167,20220730,Accident en s'engageant sur une route,Collision en s'engageant depuis le bord de la route,"Etat de l'infrastructure - Mauvaise visibilité causée par des constructions fixes, des plantations ou des éléments mobiles (container, etc.)",Confignon,Jour,Beau temps,Avec blessés graves,2495600.467,1114445.481,Route sèche,Route secondaire,110000.0,Samedi,0,0,0,1,0,0,0,1,0,0,0,0,1,0,0,0,0.0,0.0,0,0,,,2022,2495600.47,1114445.48,6.08675556705665,46.173367916083805
34123,47432,221116239,20221116,Accident en traversant une route,Collision avec le trafic traversant depuis la gauche,Priorité - Autres attitude fautive en lien avec la priorité,Genève,Aurore / crépuscule,Temps couvert,Avec blessés légers,2498506.628,1118057.133,Route sèche,Route secondaire,170000.0,Mercredi,0,0,1,0,0,0,1,0,0,0,0,0,1,0,0,0,0.0,0.0,1,0,,,2022,2498506.63,1118057.13,6.123595935684425,46.206297090016974
34124,47433,221010235,20221010,Dérapage ou perte de maîtrise,Sans collision,Inattention et distraction - Manque d'attention momentané,Genève,Jour,Beau temps,Avec blessés légers,2502159.937,1117302.561,Route humide,Route principale,80000.0,Lundi,0,0,1,0,0,0,0,0,1,0,0,0,0,0,0,0,0.0,0.0,0,0,,,2022,2502159.94,1117302.56,6.171081675758486,46.20005186063928
34125,46546,220917047,20220726,Dérapage ou perte de maîtrise,Collision avec un obstacle en manoeuvrant,Inattention et distraction - Manque d'attention momentané,Genève,Nuit,Beau temps,Avec dommages matériels,2499436.322,1117927.665,Route sèche,Autre,200000.0,Mardi,0,0,0,0,0,0,0,0,0,0,0,0,1,0,0,0,0.0,0.0,0,0,,,2022,2499436.32,1117927.66,6.135667606269555,46.205272321123545
34126,46547,221112072,20221112,Accident par tamponnement,Collision avec un véhicule en marche,Etat de la personne - Influence de l'alcool,Genève,Nuit,Beau temps,Avec dommages matériels,2500445.598,1117978.203,Route sèche,Route principale,190000.0,Samedi,0,0,0,0,0,0,0,0,0,0,0,0,2,0,0,0,0.0,0.0,0,0,,,2022,2500445.6,1117978.2,6.148731445517439,46.20587713262047
34127,46548,220510194,20220427,Dérapage ou perte de maîtrise,Collision avec un obstacle en manoeuvrant,Conduite - Marche arrière imprudente,Genève,Nuit,Beau temps,Avec dommages matériels,2499041.071,1119001.319,Route sèche,Autre,210000.0,Mercredi,0,0,0,0,0,0,0,0,0,0,0,0,1,0,0,0,0.0,0.0,0,0,,,2022,2499041.07,1119001.32,6.130315106128383,46.21486994699161
34128,46549,220208154,20220127,Accident en parquant,Collision avec un obstacle fixe (y compris véhicule correctement stationné),Conduite - Marche arrière imprudente,Genève,Inconnu,Beau temps,Avec dommages matériels,2499407.831,1118117.95,Route sèche,Route secondaire,70000.0,Jeudi,0,0,0,0,0,0,0,0,0,0,0,0,1,0,0,0,0.0,0.0,0,0,,,2022,2499407.83,1118117.95,6.1352575214571905,46.20697959442889
34129,46550,220221339,20220221,Accident en traversant une route,Collision avec le trafic traversant depuis la droite,Comportement du cycliste ou du cyclomotoriste - Emprunter un passage pour piétons pour traverser la route,Genève,Nuit,Pluie,Avec blessés légers,2498617.933,1119031.803,Route mouillée,Route principale,60000.0,Lundi,0,0,1,0,0,0,0,0,0,0,0,0,1,0,0,0,0.0,0.0,0,0,,,2022,2498617.93,1119031.8,6.124826017655479,46.215080398277344
34130,46551,220503138,20220503,Accident lors d'un dépassement ou lors d'un changement de voie de circulation,Collision lors du changement de voie vers la droite,Conduite - Manque d'égards en changeant de voie,Genève,Jour,Beau temps,Avec blessés légers,2500933.004,1117600.487,Route sèche,Route principale,80000.0,Mardi,0,0,1,0,0,0,0,0,0,0,0,1,1,0,0,0,0.0,0.0,0,0,,,2022,2500933.0,1117600.49,6.155125672328367,46.2025518705163
34131,46552,221216011,20221216,Accident impliquant des piétons,Piéton touché par un véhicule obliquant à gauche,Priorité - Autres attitude fautive en lien avec la priorité,Genève,Nuit,Pluie,Avec blessés légers,2500452.253,1118218.489,Route mouillée,Route secondaire,10000.0,Vendredi,0,0,1,0,0,1,0,0,0,0,0,0,1,0,0,0,0.0,0.0,0,0,,,2022,2500452.25,1118218.49,6.148766337154012,46.208039377628836
34132,46553,220604074,20220531,Accident lors d'un dépassement ou lors d'un changement de voie de circulation,Collision lors du changement de voie vers la droite,Conduite - Manque d'égards en changeant de voie,Genève,Aurore / crépuscule,Beau temps,Avec dommages matériels,2499963.85,1118260.024,Route sèche,Route principale,50000.0,Mardi,0,0,0,0,0,0,0,0,0,0,0,0,0,0,1,1,0.0,0.0,0,1,,,2022,2499963.85,1118260.02,6.142430190915794,46.20834040392513
34133,46554,220905325,20220827,Dérapage ou perte de maîtrise,Sans collision,Etat de la personne - Influence de l'alcool,Genève,Nuit,Beau temps,Avec blessés légers,2499825.367,1116718.154,Route sèche,Route principale,40000.0,Samedi,0,0,1,0,0,0,0,0,0,0,0,0,0,0,0,0,0.0,0.0,0,0,,,2022,2499825.37,1116718.15,6.140967064529903,46.194451638513314
34134,46555,220323245,20220323,Accident en traversant une route,Collision avec le trafic traversant depuis la gauche,Priorité - Non-respect du signal de priorité «Stop»,Genève,Aurore / crépuscule,Beau temps,Avec blessés graves,2499937.871,1117391.161,Route sèche,Route principale,170000.0,Mercredi,0,0,0,1,0,0,0,0,0,0,0,1,1,0,0,0,0.0,0.0,0,0,,,2022,2499937.87,1117391.16,6.142279892666413,46.200521689510644
34135,46556,220530321,20220530,Accident par tamponnement,Collision avec véhicule à l'arrêt,Etat de la personne - Influence de l'alcool,Genève,Jour,Beau temps,Avec dommages matériels,2499826.268,1117338.479,Route sèche,Route principale,180000.0,Lundi,0,0,0,0,0,0,0,0,0,0,0,0,2,0,0,0,0.0,0.0,1,0,,,2022,2499826.27,1117338.48,6.140845614807674,46.20003124596623
34136,46557,220619026,20220613,Accident en traversant une route,Autre cas d'accident en traversant une route,Signalisation lumineuse - Non-respect d'un feu rouge,Vernier,Jour,Beau temps,Avec dommages matériels,2497175.735,1119561.548,Route sèche,Route secondaire,100000.0,Lundi,0,0,0,0,0,0,0,0,0,0,0,0,1,0,0,0,0.0,0.0,0,0,,,2022,2497175.73,1119561.55,6.106023218413386,46.21962603375347
34137,46558,220226069,20220226,Accident par tamponnement,Collision avec véhicule à l'arrêt,Inattention et distraction - Manque d'attention momentané,Lancy,Jour,Beau temps,Avec blessés légers,2498881.872,1114897.452,Route sèche,Route principale,80000.0,Samedi,0,0,1,0,0,0,0,0,0,0,0,0,2,0,0,0,0.0,0.0,0,0,,,2022,2498881.87,1114897.45,6.129141259594671,46.1779344127815
34138,46559,220716080,20220716,Accident par tamponnement,Collision avec véhicule à l'arrêt,Etat de la personne - Influence de l'alcool,Vernier,Jour,Beau temps,Avec dommages matériels,2497642.37,1118616.304,Route sèche,Route secondaire,180000.0,Samedi,0,0,0,0,0,0,0,0,0,0,0,0,2,0,0,0,0.0,0.0,0,0,,,2022,2497642.37,1118616.3,6.112277190418193,46.21119539204874
34139,46560,220503341,20220503,Accident en s'engageant sur une route,Collision en obliquant à gauche avec le trafic venant de gauche,Priorité - Non-respect du signal de priorité «Cédez le passage»,Chêne-Bougeries,Jour,Beau temps,Avec blessés légers,2502792.009,1115349.982,Route sèche,Route principale,70000.0,Mardi,0,0,1,0,0,0,0,0,0,0,0,1,1,0,0,0,0.0,0.0,0,0,,,2022,2502792.01,1115349.98,6.179675521745595,46.182581208646155
34140,46561,220110001,20220109,Accident par tamponnement,Collision avec véhicule à l'arrêt,Inattention et distraction - Manque d'attention momentané,Genève,Nuit,Beau temps,Avec blessés graves,2498617.933,1119031.803,Route sèche,Route principale,200000.0,Dimanche,0,0,0,1,0,0,0,0,0,0,0,1,1,0,0,0,0.0,0.0,0,0,,,2022,2498617.93,1119031.8,6.124826017655479,46.215080398277344
34141,46562,221014020,20220901,Accident en parquant,Avec violation de l'obligation de déclarer,Cause inconnue - Véhicule stationné (omission de la déclaration obligatoire),Genève,Inconnu,Autre,Avec dommages matériels,2500251.839,1118428.161,Autre,Route principale,100000.0,Jeudi,0,0,0,0,0,0,0,0,0,0,0,0,0,0,0,0,0.0,0.0,0,0,,,2022,2500251.84,1118428.16,6.146125196877213,46.20989551809672
34142,46563,220329018,20220328,Accident en s'engageant sur une route,Collision en s'engageant depuis le bord de la route,Priorité - Autres attitude fautive en lien avec la priorité,Genève,Jour,Beau temps,Avec dommages matériels,2499017.278,1118949.117,Route sèche,Route principale,160000.0,Lundi,0,0,0,0,0,0,0,0,0,0,0,0,1,1,0,0,0.0,0.0,0,0,,,2022,2499017.28,1118949.12,6.130018166037387,46.21439686780302
34143,46945,220717020,20220717,Dérapage ou perte de maîtrise,Collision avec un obstacle hors de la chaussée,Etat de la personne - Influence de l'alcool,Genève,Nuit,Beau temps,Avec blessés légers,2499840.594,1116317.408,Route sèche,Route principale,60000.0,Dimanche,0,0,1,0,0,0,0,0,0,0,0,0,1,0,0,0,0.0,0.0,0,0,,,2022,2499840.59,1116317.41,6.141250152523678,46.19084950557452
34144,46946,220812066,20220708,Dérapage ou perte de maîtrise,Collision avec un obstacle sur la chaussée,Inattention et distraction - Manque d'attention momentané,Plan-les-Ouates,Jour,Beau temps,Avec dommages matériels,2496712.79,1113572.339,Route sèche,Route secondaire,170000.0,Vendredi,0,0,0,0,0,0,0,0,0,0,0,0,1,0,0,0,0.0,0.0,0,0,,,2022,2496712.79,1113572.34,6.101349400491123,46.165686386626966
34145,46947,221117144,20221116,Accident par tamponnement,Collision avec véhicule à l'arrêt,Conduite - Autre attitude fautive lors des mouvements dans la circulation,Carouge (GE),Aurore / crépuscule,Beau temps,Avec dommages matériels,2498805.973,1115983.964,Route sèche,Route principale,180000.0,Mercredi,2,0,0,0,0,0,0,0,0,0,0,1,1,0,0,0,0.0,0.0,0,0,,,2022,2498805.97,1115983.96,6.127923133341644,46.18769542834988
34146,46948,220305030,20220304,Accident en traversant une route,Collision avec le trafic traversant depuis la droite,Priorité - Non-respect du signal de priorité «Stop»,Meinier,Jour,Beau temps,Avec blessés graves,2507767.572,1123124.395,Route sèche,Route secondaire,160000.0,Vendredi,0,0,0,1,0,0,1,0,0,0,0,0,1,0,0,0,0.0,0.0,2,0,,,2022,2507767.57,1123124.39,6.242568095708118,46.253209439422
34147,46949,220309154,20220307,Accident par tamponnement,Collision avec véhicule à l'arrêt,Inattention et distraction - Manque d'attention momentané,Vernier,Jour,Beau temps,Avec dommages matériels,2495370.636,1118685.173,Route sèche,Autoroute,70000.0,Lundi,0,0,0,0,0,0,0,0,0,0,0,0,2,0,0,0,0.0,0.0,0,0,,,2022,2495370.64,1118685.17,6.08283005319163,46.21146503647294
34148,46950,220517412,20220517,Dérapage ou perte de maîtrise,Sans collision,Comportement du piéton / du conducteur d'EAV - Autre attitude fautive du piéton ou du conducteur d'EAV,Meyrin,Jour,Beau temps,Avec blessés légers,2494527.988,1119489.242,Route sèche,Route principale,120000.0,Mardi,0,0,1,0,0,0,0,0,0,0,0,0,0,0,0,0,0.0,0.0,0,0,,,2022,2494527.99,1119489.24,6.071731195321181,46.218565334423864
34149,46951,220903016,20220903,Dérapage ou perte de maîtrise,Collision avec un obstacle hors de la chaussée,Etat de la personne - Influence de l'alcool,Genève,Nuit,Pluie,Avec dommages matériels,2502100.652,1117847.059,Route mouillée,Route secondaire,30000.0,Samedi,0,0,0,0,0,0,0,0,0,0,0,0,1,0,0,0,0.0,0.0,0,0,,,2022,2502100.65,1117847.06,6.170199472880032,46.204940690629485
34150,46952,220820017,20220815,Accident impliquant des piétons,Piéton traversant la chaussée touché par un véhicule circulant en ligne droite,Comportement du piéton / du conducteur d'EAV - Traversée imprudente de la route,Genève,Jour,Beau temps,Avec blessés graves,2499368.143,1118275.427,Route sèche,Route principale,180000.0,Lundi,0,0,0,1,0,1,0,0,0,0,0,0,1,0,0,0,0.0,0.0,0,0,,,2022,2499368.14,1118275.43,6.134709388191434,46.20839008483772
34151,46953,220713277,20220712,Accident par tamponnement,Collision avec véhicule à l'arrêt,Inattention et distraction - Manque d'attention momentané,Genève,Jour,Beau temps,Avec dommages matériels,2500494.048,1118796.234,Route sèche,Route secondaire,140000.0,Mardi,0,0,0,0,0,0,0,0,0,0,0,0,0,1,0,0,0.0,0.0,0,0,,,2022,2500494.05,1118796.23,6.149184656571851,46.213241982843556
34152,46954,220708013,20220625,Accident en parquant,Avec violation de l'obligation de déclarer,Cause inconnue - Véhicule stationné (omission de la déclaration obligatoire),Onex,Nuit,Beau temps,Avec dommages matériels,2497226.008,1115694.312,Route sèche,Route secondaire,200000.0,Samedi,0,0,0,0,0,0,0,0,0,0,0,0,0,0,0,0,0.0,0.0,0,0,,,2022,2497226.01,1115694.31,6.1075262169977105,46.184850604060344
34153,46955,220902255,20220902,Accident par tamponnement,Collision avec un véhicule en marche,Inattention et distraction - Manque d'attention momentané,Meyrin,Jour,Beau temps,Avec blessés légers,2494700.411,1119629.75,Route sèche,Route principale,140000.0,Vendredi,0,0,1,0,0,0,0,0,0,0,0,1,0,1,0,0,0.0,0.0,0,0,,,2022,2494700.41,1119629.75,6.073933586658029,46.21985615277774
34154,46956,220316022,20220305,Accident lors d'un dépassement ou lors d'un changement de voie de circulation,Frôlement latéral avec le véhicule dépassé,Etat de la personne - Influence de l'alcool,Genève,Nuit,Beau temps,Avec dommages matériels,2499959.928,1118257.689,Route sèche,Route principale,20000.0,Samedi,0,0,0,0,0,0,1,0,0,0,0,0,1,0,0,0,0.0,0.0,0,0,,,2022,2499959.93,1118257.69,6.142379906353025,46.20831886362296
34155,46957,220427258,20220427,Accident lors d'un dépassement ou lors d'un changement de voie de circulation,Collision lors du changement de voie vers la gauche,Conduite - Manque d'égards en changeant de voie,Vernier,Nuit,Beau temps,Avec blessés légers,2497331.71,1118647.71,Route sèche,Route principale,60000.0,Mercredi,0,0,1,0,0,0,0,0,0,0,0,0,1,0,1,0,0.0,0.0,1,0,,,2022,2497331.71,1118647.71,6.108245461046659,46.2114305220169
34156,46958,220810164,20220810,Accident impliquant des piétons,Piéton traversant la chaussée touché par un véhicule circulant en ligne droite,Comportement du piéton / du conducteur d'EAV - Traversée imprudente de la route,Perly-Certoux,Jour,Beau temps,Avec blessés légers,2496136.466,1112393.553,Route sèche,Route principale,120000.0,Mercredi,0,0,1,0,0,1,0,0,0,0,0,1,0,0,0,0,0.0,0.0,1,0,,,2022,2496136.47,1112393.55,6.094150923748894,46.154995313274746
34157,46959,220421311,20220421,Accident en parquant,Avec violation de l'obligation de déclarer,Cause inconnue - Véhicule stationné (omission de la déclaration obligatoire),Meyrin,Inconnu,Autre,Avec dommages matériels,2495366.0,1120958.0,Autre,Autre,140000.0,Jeudi,0,0,0,0,0,0,0,0,0,0,0,0,0,0,0,0,0.0,0.0,0,0,,,2022,2495366.0,1120958.0,6.082260097547527,46.2319067415792
34158,46960,220520246,20220520,Dérapage ou perte de maîtrise,Collision avec un obstacle hors de la chaussée,Etat de la personne - Influence de l'alcool,Meyrin,Jour,Beau temps,Avec dommages matériels,2495312.83,1120236.614,Route sèche,Route principale,190000.0,Vendredi,0,0,0,0,0,0,0,0,0,0,0,0,1,0,0,0,0.0,0.0,0,0,,,2022,2495312.83,1120236.61,6.08173293024211,46.22541008826123
34159,46961,220913038,20220912,Accident en parquant,Collision avec une portière ouverte,Utilisation du véhicule - Ouverture imprudente de la portière,Genève,Jour,Beau temps,Avec blessés graves,2498432.864,1118173.738,Route sèche,Route principale,170000.0,Lundi,0,0,0,1,0,0,0,0,0,0,0,1,1,0,0,0,0.0,0.0,1,0,,,2022,2498432.86,1118173.74,6.122614898570974,46.20733477669788
34160,46962,220808002,20220807,Dérapage ou perte de maîtrise,Collision avec un autre usager de la route,Etat de la personne - Influence de stupéfiants,Genève,Jour,Beau temps,Avec blessés graves,2500756.452,1117706.903,Route sèche,Route principale,180000.0,Dimanche,0,0,0,1,0,0,0,0,0,0,0,0,3,0,0,0,0.0,0.0,1,0,,,2022,2500756.45,1117706.9,6.152816059164228,46.20348292168585
34161,47146,220102030,20220102,Accident impliquant des piétons,Piéton traversant la chaussée touché par un véhicule circulant en ligne droite,Comportement du piéton / du conducteur d'EAV - Traversée imprudente de la route,Genève,Jour,Beau temps,Avec blessés graves,2499980.93,1118303.217,Route sèche,Route principale,110000.0,Dimanche,0,0,0,1,0,1,0,0,0,0,0,0,1,0,0,0,0.0,0.0,1,0,,,2022,2499980.93,1118303.22,6.14264220521721,46.20873150254473
34162,47147,220725111,20220725,Accident par tamponnement,Collision avec véhicule à l'arrêt,Inattention et distraction - Manque d'attention momentané,Bernex,Jour,Beau temps,Avec blessés graves,2495627.137,1115019.441,Route sèche,Route principale,90000.0,Lundi,0,0,0,1,0,0,0,0,0,0,0,1,2,0,0,0,0.0,0.0,0,0,,,2022,2495627.14,1115019.44,6.086972638778776,46.17853439463873
34163,47148,221218010,20221217,Accident en s'engageant sur une route,Collision en s'engageant depuis le bord de la route,Priorité - Autres attitude fautive en lien avec la priorité,Genève,Jour,Temps couvert,Avec dommages matériels,2502085.44,1116418.781,Route sèche,Route secondaire,90000.0,Samedi,0,0,0,0,0,0,0,0,0,0,0,1,1,0,0,0,0.0,0.0,0,0,,,2022,2502085.44,1116418.78,6.170302015420449,46.192091927723844
34164,47149,221125042,20221124,Accident par tamponnement,Collision avec un véhicule en marche,Inattention et distraction - Manque d'attention momentané,Confignon,Aurore / crépuscule,Beau temps,Avec dommages matériels,2495950.28,1114287.763,Route sèche,Autoroute,170000.0,Jeudi,0,0,0,0,0,0,0,0,0,0,0,0,2,0,0,0,0.0,0.0,0,0,,,2022,2495950.28,1114287.76,6.091319556804264,46.172003547152265
34165,47150,220415074,20220329,Accident par tamponnement,Collision avec véhicule à l'arrêt,Dépassement - En dépassant de trop près (latéral),Vernier,Aurore / crépuscule,Temps couvert,Avec dommages matériels,2496787.171,1117672.271,Route sèche,Route principale,200000.0,Mardi,0,0,0,0,0,0,0,0,0,0,0,0,0,0,0,0,0.0,0.0,0,0,,,2022,2496787.17,1117672.27,6.101406268280723,46.20257373114722
34166,47151,220521020,20220520,Collision frontale,Collision frontale avec le trafic venant en sens inverse (sans dépassement),"Vitesse - Inadaptée au tracé de la route (virage serré, proximité d'une intersection, etc.)",Chêne-Bourg,Jour,Beau temps,Avec blessés légers,2504073.0,1116920.233,Route sèche,Autre,180000.0,Vendredi,0,0,2,0,0,0,0,1,1,0,0,0,0,0,0,0,0.0,0.0,0,0,,,2022,2504073.0,1116920.23,6.195940655255689,46.196888717420315
34167,47152,220605044,20220605,Dérapage ou perte de maîtrise,Collision avec un obstacle hors de la chaussée,Inattention et distraction - Manque d'attention momentané,Genève,Jour,Beau temps,Avec blessés légers,2499021.951,1116813.968,Route sèche,Route principale,120000.0,Dimanche,0,0,1,0,0,0,0,0,0,0,0,1,0,0,0,0,0.0,0.0,0,0,,,2022,2499021.95,1116813.97,6.130540622599347,46.19519329024702
34168,47153,220629199,20220623,Dérapage ou perte de maîtrise,Collision avec un obstacle hors de la chaussée,Inattention et distraction - Manque d'attention momentané,Vernier,Jour,Beau temps,Avec dommages matériels,2497770.0,1119571.0,Route sèche,Route secondaire,170000.0,Jeudi,0,0,0,0,0,0,0,0,0,0,0,0,1,0,0,0,0.0,0.0,0,0,,,2022,2497770.0,1119571.0,6.113721534187029,46.21980169348348
34169,47154,220514013,20220514,Dérapage ou perte de maîtrise,Sans collision,Etat de la personne - Influence de l'alcool,Genève,Nuit,Beau temps,Avec blessés graves,2500974.184,1117635.634,Route sèche,Route principale,30000.0,Samedi,0,0,0,1,0,0,1,0,0,0,0,0,0,0,0,0,0.0,0.0,0,0,,,2022,2500974.18,1117635.63,6.1556516534831704,46.20287400101212
34170,47155,221215025,20221209,Dérapage ou perte de maîtrise,Sans collision,Inattention et distraction - Manque d'attention momentané,Lancy,Nuit,Beau temps,Avec dommages matériels,2498378.196,1115804.429,Route sèche,Route principale,190000.0,Vendredi,0,0,0,0,0,0,0,0,0,0,0,0,1,0,0,0,0.0,0.0,0,0,,,2022,2498378.2,1115804.43,6.122422511624864,46.1860161652352
34171,47156,221101010,20221101,Dérapage ou perte de maîtrise,Collision avec un obstacle sur la chaussée,"Etat de la personne - Excès de fatigue, endormissement (y compris endormissement passager)",Bernex,Nuit,Temps couvert,Avec dommages matériels,2495308.05,1115727.44,Route humide,Autoroute,0.0,Mardi,0,0,0,0,0,0,0,0,0,0,0,0,1,0,0,0,0.0,0.0,0,0,,,2022,2495308.05,1115727.44,6.082682431196677,46.18485272404472
34172,47157,221018331,20221014,Accident par tamponnement,Collision avec un véhicule en marche,Inattention et distraction - Manque d'attention momentané,Vernier,Jour,Pluie,Avec dommages matériels,2495966.07,1118973.79,Route mouillée,Autoroute,160000.0,Vendredi,0,0,0,0,0,0,0,0,0,0,0,0,2,1,0,0,0.0,0.0,0,0,,,2022,2495966.07,1118973.79,6.090479924253091,46.214153387931184
34173,47158,220715282,20220715,Dérapage ou perte de maîtrise,Collision avec un obstacle hors de la chaussée,Utilisation du véhicule - Autre fautes de maniement,Genève,Jour,Beau temps,Avec dommages matériels,2499571.399,1116237.095,Route sèche,Route secondaire,190000.0,Vendredi,0,0,0,0,0,0,0,0,0,0,0,0,0,1,0,0,0.0,0.0,0,0,,,2022,2499571.4,1116237.09,6.137781162504743,46.19008692561055
34174,47159,220406248,20220311,Accident en parquant,Collision avec un obstacle fixe (y compris véhicule correctement stationné),Inattention et distraction - Manque d'attention momentané,Meinier,Jour,Beau temps,Avec dommages matériels,2505904.84,1122190.064,Route sèche,Route principale,130000.0,Vendredi,0,0,0,0,0,0,0,0,0,0,0,0,0,0,0,0,0.0,0.0,0,0,,,2022,2505904.84,1122190.06,6.218604614612903,46.24454717794233
34175,47160,220112294,20220112,Accident impliquant des piétons,Piéton touché par un véhicule arrivant dans son dos sur sa gauche,Signalisation lumineuse - Non-respect d'un feu rouge,Genève,Jour,Beau temps,Avec blessés légers,2502058.135,1117609.805,Route sèche,Route principale,170000.0,Mercredi,0,0,2,0,0,1,0,0,0,0,0,0,0,0,0,0,0.0,0.0,0,0,,,2022,2502058.14,1117609.8,6.169698570565646,46.20280048200475