,OBJECTID,ID_ACCIDENT,DATE_,GROUPE_ACCIDENT,TYPE,CAUSE,COMMUNE,CONDITIONS_LUMINEUSES,CONDITIONS_METEO,CONSEQUENCES,COOR_X,COOR_Y,ETAT_ROUTE,GENRE_ROUTE,HEURE,JOUR,NB_ENFANTS_IMPLIQUES,NB_ENFANTS_ECOLE,NB_BLESSES_LEGERS,NB_BLESSES_GRAVES,NB_TUES,NB_PIETONS,NB_BICYCLETTES,NB_VAE_25,NB_VAE_45,NB_CYCLOMOTEURS,NB_MOTOS_50,NB_MOTOS,NB_VOITURES_TOURISME,NB_VOITURES_LIVRAISON,NB_CAMIONS,NB_BUS,NB_TRAM,NB_TRAINS,NB_SENIORS,NB_TC,REF_GROUPE_CAUSE,TOTAL_PERSONNES,ANNEE,E,N,LATITUDE,LONGITUDE
34176,47161,220525200,20220525,Dérapage ou perte de maîtrise,Sans collision,Inattention et distraction - Manque d'attention momentané,Vernier,Jour,Beau temps,Avec blessés légers,2496887.884,1118953.911,Route sèche,Route principale,110000.0,Mercredi,0,0,1,0,0,0,0,0,0,0,0,1,0,0,0,0,0.0,0.0,0,0,,,2022,2496887.88,1118953.91,6.102427647724687,46.21411663446679
34177,47162,220911059,20220911,Accident lors d'un dépassement ou lors d'un changement de voie de circulation,Collision lors du changement de voie vers la gauche,Conduite - Manque d'égards en changeant de voie,Genève,Jour,Beau temps,Avec blessés graves,2500489.503,1118247.489,Route sèche,Route principale,160000.0,Dimanche,0,0,0,1,0,0,0,0,0,0,0,1,1,0,0,0,0.0,0.0,1,0,,,2022,2500489.5,1118247.49,6.1492427293122685,46.20830573050045
34178,47163,220421302,20220401,Accident en parquant,Avec violation de l'obligation de déclarer,Cause inconnue - Véhicule stationné (omission de la déclaration obligatoire),Thônex,Inconnu,Autre,Avec dommages matériels,2504816.548,1116546.113,Autre,Autre,120000.0,Vendredi,0,0,0,0,0,0,0,0,0,0,0,0,0,0,0,0,0.0,0.0,0,0,,,2022,2504816.55,1116546.11,6.205647804565653,46.193629388556225
34179,47507,230103094,20221019,Accident lors d'un dépassement ou lors d'un changement de voie de circulation,Frôlement latéral avec le véhicule sur la voie voisine,Dépassement - En dépassant de trop près (latéral),Genève,Jour,Autre,Avec dommages matériels,2500886.595,1117451.293,Autre,Route principale,130000.0,Mercredi,0,0,0,0,0,0,0,0,0,0,0,1,1,0,0,0,0.0,0.0,0,0,,,2022,2500886.59,1117451.29,6.154556168930271,46.20120306627312
34180,47508,220311270,20220310,Accident par tamponnement,Collision avec un véhicule en marche,Inattention et distraction - Manque d'attention momentané,Genève,Jour,Beau temps,Avec blessés graves,2500214.822,1118821.442,Route sèche,Route principale,160000.0,Jeudi,0,0,0,1,0,0,1,0,0,0,0,0,0,0,1,0,0.0,0.0,0,0,,,2022,2500214.82,1118821.44,6.145561479794269,46.21342733230238
34181,47509,220602293,20220601,Accident par tamponnement,Collision avec un véhicule en marche,Conduite - Suivre de trop près le véhicule qui précède,Bernex,Jour,Temps couvert,Avec dommages matériels,2494983.919,1116866.585,Route sèche,Autoroute,90000.0,Mercredi,0,0,0,0,0,0,0,0,0,0,0,0,2,0,0,0,0.0,0.0,0,0,,,2022,2494983.92,1116866.59,6.078228988684766,46.195047972510835
34182,47510,220902205,20220902,Dérapage ou perte de maîtrise,Collision avec un autre usager de la route,Conduite - Marche arrière imprudente,Satigny,Jour,Beau temps,Avec blessés légers,2493438.521,1120141.867,Route sèche,Autre,120000.0,Vendredi,0,0,1,0,0,1,0,0,0,0,0,0,1,0,0,0,0.0,0.0,0,0,,,2022,2493438.52,1120141.87,6.057465500678984,46.22426336552602
34183,47511,221231051,20221231,Collision frontale,Collision frontale avec le trafic venant en sens inverse (sans dépassement),Signalisation lumineuse - Non-respect d'un feu rouge,Vernier,Jour,Beau temps,Avec blessés légers,2496385.251,1119466.989,Route sèche,Route principale,140000.0,Samedi,0,0,1,0,0,0,0,0,0,0,0,0,2,0,0,0,0.0,0.0,1,0,,,2022,2496385.25,1119466.99,6.095801439457715,46.21865412278214
34184,47512,221019295,20221019,Accident en parquant,Collision avec un autre usager de la route,Inattention et distraction - Manque d'attention momentané,Genève,Jour,Beau temps,Avec blessés légers,2498987.808,1116573.671,Route sèche,Route principale,120000.0,Mercredi,0,0,1,0,0,0,0,0,0,0,0,1,0,1,0,0,0.0,0.0,0,0,,,2022,2498987.81,1116573.67,6.130150430159356,46.19302682156119
34185,47513,221205040,20221203,Accident par tamponnement,Collision avec un véhicule en marche,Conduite - Suivre de trop près le véhicule qui précède,Genève,Jour,Beau temps,Avec dommages matériels,2501450.062,1116557.512,Route sèche,Route principale,110000.0,Samedi,0,0,0,0,0,0,0,0,0,0,0,0,2,0,0,0,0.0,0.0,1,0,,,2022,2501450.06,1116557.51,6.162043735980003,46.19324688984765
34186,47514,221108272,20221030,Accident par tamponnement,"Collision avec véhicule à l'arrêt, en reculant",Conduite - Marche arrière imprudente,Genève,Jour,Beau temps,Avec dommages matériels,2501111.837,1117523.385,Route sèche,Route principale,110000.0,Dimanche,0,0,0,0,0,0,0,0,0,0,0,1,1,0,0,0,0.0,0.0,0,0,,,2022,2501111.84,1117523.39,6.15745866060764,46.20188473478612
34187,47515,221115202,20221114,Accident en parquant,Avec violation de l'obligation de déclarer,Cause inconnue - Véhicule stationné (omission de la déclaration obligatoire),Carouge (GE),Jour,Autre,Avec dommages matériels,2499531.677,1116013.323,Autre,Route secondaire,80000.0,Lundi,0,0,0,0,0,0,0,0,0,0,0,0,0,0,0,0,0.0,0.0,0,0,,,2022,2499531.68,1116013.32,6.137314900176642,46.188068325505554
34188,47516,220620163,20220618,Accident en parquant,Avec violation de l'obligation de déclarer,Cause inconnue - Véhicule stationné (omission de la déclaration obligatoire),Onex,Inconnu,Autre,Avec dommages matériels,2496720.871,1116072.742,Autre,Route principale,130000.0,Samedi,0,0,0,0,0,0,0,0,0,0,0,0,0,0,0,0,0.0,0.0,0,0,,,2022,2496720.87,1116072.74,6.100901266488054,46.18817691869891
34189,47517,221230082,20221230,Accident lors d'un dépassement ou lors d'un changement de voie de circulation,Frôlement latéral avec le véhicule sur la voie voisine,Dépassement - En dépassant de trop près (latéral),Genève,Jour,Temps couvert,Avec blessés légers,2500250.226,1116814.592,Route mouillée,Route secondaire,120000.0,Vendredi,0,0,1,0,0,0,0,0,0,0,0,1,1,0,0,0,0.0,0.0,0,0,,,2022,2500250.23,1116814.59,6.146449171611062,46.19538222429829
34190,47518,230113270,20221220,Accident impliquant des piétons,Autre cas d'accident impliquant des piétons,Priorité - Refus d'accorder la priorité au trafic du trottoir (traversée du trottoir),Genève,Nuit,Temps couvert,Avec blessés légers,2500149.627,1116553.107,Route sèche,Route secondaire,170000.0,Mardi,0,0,1,0,0,0,0,0,0,0,0,0,1,0,0,0,0.0,0.0,0,0,,,2022,2500149.63,1116553.11,6.145202115837715,46.193015443193744
34191,47519,220726219,20220725,Accident lors d'un dépassement ou lors d'un changement de voie de circulation,Frôlement latéral avec le véhicule dépassé,Dépassement - En dépassant de trop près (latéral),Chêne-Bourg,Jour,Beau temps,Avec dommages matériels,2504322.352,1116566.114,Route sèche,Route principale,160000.0,Lundi,0,0,0,0,0,0,0,0,0,0,0,1,1,0,0,0,0.0,0.0,0,0,,,2022,2504322.35,1116566.11,6.199242943371519,46.193739129449945
34192,47520,220701134,20220630,Accident lors d'un dépassement ou lors d'un changement de voie de circulation,Collision lors du changement de voie vers la gauche,Conduite - Manque d'égards en changeant de voie,Lancy,Jour,Beau temps,Avec dommages matériels,2498525.613,1114226.258,Route sèche,Route principale,100000.0,Jeudi,0,0,0,0,0,0,0,0,0,0,0,0,1,1,0,0,0.0,0.0,1,0,,,2022,2498525.61,1114226.26,6.124674232798897,46.17184385504051
34193,47521,221028106,20220824,Accident en parquant,Avec violation de l'obligation de déclarer,Cause inconnue - Véhicule stationné (omission de la déclaration obligatoire),Genève,Inconnu,Autre,Avec dommages matériels,2499078.0,1116328.0,Autre,Route principale,90000.0,Mercredi,0,0,0,0,0,0,0,0,0,0,0,0,0,0,0,0,0.0,0.0,0,0,,,2022,2499078.0,1116328.0,6.1313716181763365,46.19083072523421
34194,47522,220909009,20220905,Accident lors d'un dépassement ou lors d'un changement de voie de circulation,Collision lors du changement de voie vers la gauche,Conduite - Manque d'égards en changeant de voie,Genève,Jour,Beau temps,Avec dommages matériels,2500958.806,1116822.935,Route sèche,Route secondaire,160000.0,Lundi,0,0,0,0,0,0,0,0,0,0,0,0,0,1,0,1,0.0,0.0,0,1,,,2022,2500958.81,1116822.93,6.155624979104042,46.19556199470846
34195,47523,221219413,20221219,Accident par tamponnement,Collision avec véhicule à l'arrêt,Etat de la personne - Influence de l'alcool,Genève,Nuit,Temps couvert,Avec dommages matériels,2500805.69,1117328.317,Route sèche,Route secondaire,220000.0,Lundi,0,0,0,0,0,0,0,0,0,0,0,0,2,0,0,0,0.0,0.0,0,0,,,2022,2500805.69,1117328.32,6.153534366589701,46.200085093794776
34196,47524,221007263,20221007,Accident en traversant une route,Collision avec le trafic traversant depuis la gauche,Priorité - Non-respect du signal de priorité «Cédez le passage»,Plan-les-Ouates,Jour,Beau temps,Avec blessés légers,2497182.445,1114141.393,Route sèche,Route principale,160000.0,Vendredi,0,0,1,0,0,0,0,0,0,0,0,1,1,0,0,0,0.0,0.0,0,0,,,2022,2497182.45,1114141.39,6.10730390063852,46.17087653316455
34197,46564,220207323,20220131,Accident en traversant une route,Collision avec le trafic traversant depuis la gauche,Signalisation lumineuse - Non-respect d'un feu rouge,Genève,Jour,Beau temps,Avec blessés graves,2500579.317,1116846.408,Route sèche,Route principale,100000.0,Lundi,0,0,0,1,0,0,1,0,0,0,0,0,0,0,0,1,0.0,0.0,0,1,,,2022,2500579.32,1116846.41,6.1507047874440905,46.195717171279945
34198,46565,220305025,20220304,Accident en traversant une route,Collision avec le trafic traversant depuis la droite,Priorité - Non-respect du signal de priorité «Stop»,Genève,Jour,Beau temps,Avec blessés légers,2499955.252,1117337.237,Route sèche,Route principale,140000.0,Vendredi,0,0,1,0,0,0,0,0,0,0,0,1,1,0,0,0,0.0,0.0,0,0,,,2022,2499955.25,1117337.24,6.142516576450137,46.20003929991903
34199,46566,220525076,20220520,Accident par tamponnement,Collision avec véhicule à l'arrêt,Conduite - Suivre de trop près le véhicule qui précède,Genève,Jour,Beau temps,Avec dommages matériels,2498292.707,1118132.865,Route sèche,Route principale,170000.0,Vendredi,0,0,0,0,0,0,0,0,0,0,0,0,1,0,0,0,0.0,0.0,0,0,,,2022,2498292.71,1118132.86,6.120808190014549,46.2069458970592
34200,46567,220304042,20220304,Dérapage ou perte de maîtrise,Collision avec un obstacle hors de la chaussée,Inattention et distraction - Manque d'attention momentané,Genève,Nuit,Beau temps,Avec dommages matériels,2499662.616,1119186.125,Route sèche,Route principale,60000.0,Vendredi,0,0,0,0,0,0,0,0,0,0,0,0,1,0,0,0,0.0,0.0,0,0,,,2022,2499662.62,1119186.13,6.138328570820121,46.21662527663557
34201,46568,220101060,20220101,Accident en parquant,Avec violation de l'obligation de déclarer,Cause inconnue - Véhicule stationné (omission de la déclaration obligatoire),Lancy,Inconnu,Autre,Avec dommages matériels,2499029.307,1114376.738,Autre,Route principale,0.0,Samedi,0,0,0,0,0,0,0,0,0,0,0,0,0,0,0,0,0.0,0.0,0,0,,,2022,2499029.31,1114376.74,6.131162820885949,46.17327312500648
34202,46569,220724065,20220724,Dérapage ou perte de maîtrise,Collision avec un obstacle sur la chaussée,Inattention et distraction - Manque d'attention momentané,Meyrin,Jour,Beau temps,Avec dommages matériels,2493578.221,1121051.401,Route sèche,Route principale,160000.0,Dimanche,0,0,0,0,0,0,0,0,0,0,0,0,1,0,0,0,0.0,0.0,1,0,,,2022,2493578.22,1121051.4,6.059068267744581,46.232466014873964
34203,46570,220913267,20220913,Accident par tamponnement,Collision avec un véhicule en marche,Inattention et distraction - Manque d'attention momentané,Genève,Jour,Beau temps,Avec blessés légers,2499025.984,1118306.599,Route sèche,Route secondaire,120000.0,Mardi,0,0,2,0,0,0,0,0,0,0,0,0,3,0,0,0,0.0,0.0,3,0,,,2022,2499025.98,1118306.6,6.130269928519437,46.20861912558322
34204,46571,221013008,20220930,Dérapage ou perte de maîtrise,Collision avec un obstacle en manoeuvrant,Conduite - Marche arrière imprudente,Thônex,Nuit,Beau temps,Avec dommages matériels,2504370.448,1115871.009,Route sèche,Route secondaire,210000.0,Vendredi,0,0,0,0,0,0,0,0,0,0,0,0,1,0,0,0,0.0,0.0,1,0,,,2022,2504370.45,1115871.01,6.200008279667515,46.18749391787874
34205,46572,220810142,20220731,Dérapage ou perte de maîtrise,Collision avec un obstacle hors de la chaussée,Cause inconnue - Cause inconnue,Le Grand-Saconnex,Jour,Beau temps,Avec dommages matériels,2499204.0,1121457.0,Route sèche,Route secondaire,110000.0,Dimanche,0,0,0,0,0,0,0,0,0,0,0,0,0,0,0,0,0.0,0.0,0,0,,,2022,2499204.0,1121457.0,6.131895381549047,46.23698166937217
34206,46573,220627372,20220617,Accident par tamponnement,Collision avec un véhicule en marche,Signalisation - Inobservation d'une marque,Genève,Nuit,Beau temps,Avec blessés légers,2501506.506,1118084.989,Route sèche,Route principale,210000.0,Vendredi,0,0,1,0,0,0,0,0,0,0,0,2,0,0,0,0,0.0,0.0,0,0,,,2022,2501506.51,1118084.99,6.162452555252885,46.2069939355442
34207,46574,220719178,20220706,Accident lors d'un dépassement ou lors d'un changement de voie de circulation,Collision lors du changement de voie vers la droite,Conduite - Manque d'égards en changeant de voie,Meyrin,Jour,Beau temps,Avec dommages matériels,2493027.879,1121284.991,Route sèche,Route principale,80000.0,Mercredi,0,0,0,0,0,0,0,0,0,0,0,0,2,0,0,0,0.0,0.0,0,0,,,2022,2493027.88,1121284.99,6.051881935409052,46.23447957761245
34208,46575,220709080,20220701,Accident en parquant,Collision avec un obstacle fixe (y compris véhicule correctement stationné),Conduite - Marche arrière imprudente,Genève,Nuit,Beau temps,Avec dommages matériels,2501010.193,1117271.528,Route sèche,Route principale,210000.0,Vendredi,0,0,0,0,0,0,0,0,0,0,0,0,1,0,0,0,0.0,0.0,0,0,,,2022,2501010.19,1117271.53,6.156195336551385,46.19960444604924
34209,46576,221026325,20220816,Accident en quittant une route,Collision en obliquant à gauche avec le trafic dans le même sens,Dépassement - Autre attitude fautive en rapport avec un dépassement,Lancy,Jour,Beau temps,Avec dommages matériels,2497262.08,1116079.58,Route sèche,Route principale,200000.0,Mardi,0,0,0,0,0,0,0,0,0,0,0,1,1,0,0,0,0.0,0.0,0,0,,,2022,2497262.08,1116079.58,6.107908552909973,46.188321348001146
34210,46577,220610096,20220501,Accident lors d'un dépassement ou lors d'un changement de voie de circulation,Collision lors du changement de voie vers la gauche,Conduite - Manque d'égards en changeant de voie,Genève,Nuit,Beau temps,Avec dommages matériels,2500623.028,1117145.045,Route sèche,Route principale,40000.0,Dimanche,0,0,0,0,0,0,0,0,0,0,0,0,2,0,0,0,0.0,0.0,0,0,,,2022,2500623.03,1117145.05,6.151207354791617,46.19840971604937
34211,46578,221008086,20221008,Accident lors d'un dépassement ou lors d'un changement de voie de circulation,Autre cas d'accident lors d'un dépassement ou lors d'un changement de voie de circulation,Dépassement - Autre attitude fautive en rapport avec un dépassement,Genève,Jour,Temps couvert,Avec blessés légers,2499104.791,1118317.782,Route humide,Route principale,170000.0,Samedi,0,0,1,0,0,0,0,0,0,0,0,1,1,0,0,0,0.0,0.0,0,0,,,2022,2499104.79,1118317.78,6.131288506861261,46.2087315168881
34212,46579,220527136,20220527,Accident par tamponnement,Collision avec un véhicule en marche,Inattention et distraction - Manque d'attention momentané,Plan-les-Ouates,Jour,Beau temps,Avec dommages matériels,2498761.176,1113941.094,Route sèche,Semi-autoroute,110000.0,Vendredi,0,0,0,0,0,0,0,0,0,0,0,0,1,1,0,0,0.0,0.0,1,0,,,2022,2498761.18,1113941.09,6.127785795201528,46.169314441624024
34213,46580,220205019,20220204,Accident par tamponnement,Autre cas de tamponnement,Cause inconnue - Cause inconnue,Pregny-Chambésy,Jour,Beau temps,Avec dommages matériels,2500295.032,1121957.645,Route sèche,Route secondaire,160000.0,Vendredi,0,0,0,0,0,0,0,0,0,0,0,0,1,1,0,0,0.0,0.0,0,0,,,2022,2500295.03,1121957.64,6.145930167052969,46.24164742943997
34214,46581,220130023,20220129,Accident en parquant,Collision avec un autre usager de la route,Conduite - Marche arrière imprudente,Genève,Jour,Beau temps,Avec dommages matériels,2500479.003,1117816.488,Route sèche,Autre,120000.0,Samedi,0,0,0,0,0,0,0,0,0,0,0,0,2,0,0,0,0.0,0.0,1,0,,,2022,2500479.0,1117816.49,6.149198610141877,46.20442759694761
34215,46963,221219001,20221218,Dérapage ou perte de maîtrise,Collision avec un autre usager de la route,Etat de la personne - Influence de l'alcool,Vernier,Nuit,Temps couvert,Avec blessés légers,2495585.06,1119429.578,Route sèche,Route principale,190000.0,Dimanche,0,0,1,0,0,0,0,0,0,0,0,0,2,0,0,0,0.0,0.0,0,0,,,2022,2495585.06,1119429.58,6.085441419931749,46.21819380060455
34216,46964,221006237,20220722,Accident en parquant,Avec violation de l'obligation de déclarer,Cause inconnue - Véhicule stationné (omission de la déclaration obligatoire),Genève,Nuit,Beau temps,Avec dommages matériels,2500213.398,1117615.71,Route sèche,Route secondaire,200000.0,Vendredi,0,0,0,0,0,0,0,0,0,0,0,0,1,0,0,0,0.0,0.0,0,0,,,2022,2500213.4,1117615.71,6.145800901729483,46.202582331314844
34217,46965,221105079,20221105,Accident par tamponnement,Collision avec un véhicule en marche,Etat de la personne - Influence de l'alcool,Genève,Nuit,Temps couvert,Avec blessés légers,2498326.741,1118141.218,Route sèche,Route principale,190000.0,Samedi,0,0,1,0,0,0,0,0,0,0,0,0,2,0,0,0,0.0,0.0,1,0,,,2022,2498326.74,1118141.22,6.121247218045181,46.207026237831755
34218,46966,220303144,20220303,Autres,Autres,Chargement ou passager du véhicule - Autre défaut concernant le chargement du véhicule ou le transport de personnes,Meyrin,Jour,Beau temps,Avec dommages matériels,2494980.189,1120864.116,Route sèche,Route secondaire,80000.0,Jeudi,0,0,0,0,0,0,0,0,0,0,0,0,1,0,1,0,0.0,0.0,0,0,,,2022,2494980.19,1120864.12,6.077280933417948,46.231002168110294
34219,46967,221124339,20221123,Accident en parquant,Collision avec un obstacle fixe (y compris véhicule correctement stationné),Conduite - Marche arrière imprudente,Onex,Nuit,Temps couvert,Avec dommages matériels,2496577.677,1116354.267,Route sèche,Route principale,220000.0,Mercredi,0,0,0,0,0,0,0,0,0,0,0,0,1,0,0,0,0.0,0.0,0,0,,,2022,2496577.68,1116354.27,6.098984578824676,46.190687070077914
34220,46968,220312089,20220312,Accident par tamponnement,"Collision avec véhicule à l'arrêt, en reculant",Conduite - Marche arrière imprudente,Genève,Jour,Beau temps,Avec dommages matériels,2498754.643,1120051.878,Route sèche,Route secondaire,100000.0,Samedi,0,0,0,0,0,0,0,0,0,0,0,0,1,0,0,1,0.0,0.0,0,1,,,2022,2498754.64,1120051.88,6.126375921789339,46.22427595889035
34221,46969,220701213,20220630,Accident par tamponnement,Collision avec véhicule à l'arrêt,Inattention et distraction - Manque d'attention momentané,Genève,Jour,Beau temps,Avec blessés légers,2501476.861,1117256.431,Route sèche,Route principale,140000.0,Jeudi,0,0,2,0,0,0,0,0,0,0,0,1,4,0,0,0,0.0,0.0,3,0,,,2022,2501476.86,1117256.43,6.162243342308718,46.19953718557077
34222,46970,220318003,20220317,Accident en quittant une route,Collision avec le trafic venant en sens inverse lors d'un demi-tour,Conduite - Demi-tour imprudent,Le Grand-Saconnex,Nuit,Beau temps,Avec blessés graves,2498312.677,1120042.613,Route sèche,Route principale,190000.0,Jeudi,0,0,0,1,0,0,0,0,0,0,0,1,1,0,0,0,0.0,0.0,0,0,,,2022,2498312.68,1120042.61,6.1206506494272706,46.224125846343135
34223,46971,220517201,20220507,Accident par tamponnement,Collision avec véhicule à l'arrêt,"Utilisation du véhicule - Manouvres incorrectes dans le véhicule (confusion frein - accélérateur, glisser de la pédale de frein dans les véhicules à transmission automatique, etc.)",Le Grand-Saconnex,Jour,Beau temps,Avec dommages matériels,2498518.385,1121044.977,Route sèche,Route secondaire,150000.0,Samedi,0,0,0,0,0,0,0,0,0,0,0,0,2,0,0,0,0.0,0.0,1,0,,,2022,2498518.39,1121044.98,6.123098270537529,46.23317260372965
34224,46972,220625007,20220625,Accident par tamponnement,Collision avec un véhicule en marche,Etat de la personne - Influence de l'alcool,Genève,Nuit,Temps couvert,Avec dommages matériels,2499847.251,1118237.123,Route sèche,Route principale,0.0,Samedi,0,0,0,0,0,0,0,0,0,0,0,0,2,0,0,0,0.0,0.0,0,0,,,2022,2499847.25,1118237.12,6.140924539530933,46.20811706942731
34225,46973,221125006,20221125,Dérapage ou perte de maîtrise,Collision avec un obstacle hors de la chaussée,Etat de la personne - Influence de l'alcool,Cologny,Nuit,Pluie,Avec dommages matériels,2502426.671,1118550.62,Route mouillée,Route secondaire,10000.0,Vendredi,0,0,0,0,0,0,0,0,0,0,0,0,1,0,0,0,0.0,0.0,0,0,,,2022,2502426.67,1118550.62,6.1742757558161,46.21131621532972
34226,46974,220921227,20220902,Accident par tamponnement,Collision avec véhicule à l'arrêt,Conduite - Suivre de trop près le véhicule qui précède,Genève,Jour,Beau temps,Avec dommages matériels,2500441.235,1117986.72,Route sèche,Route principale,160000.0,Vendredi,0,0,0,0,0,0,0,0,0,0,0,0,2,0,0,0,0.0,0.0,0,0,,,2022,2500441.23,1117986.72,6.148673016620961,46.205953117517915
34227,46975,220624184,20220624,Accident lors d'un dépassement ou lors d'un changement de voie de circulation,Frôlement latéral avec le véhicule dépassé,Dépassement - En dépassant de trop près (latéral),Genève,Jour,Temps couvert,Avec dommages matériels,2499363.581,1116695.597,Route humide,Route principale,80000.0,Vendredi,0,0,0,0,0,0,0,0,0,0,0,1,1,0,0,0,0.0,0.0,0,0,,,2022,2499363.58,1116695.6,6.134990917280376,46.19417985245823
34228,46976,220614295,20220614,Accident en quittant une route,"Collision en obliquant à gauche avec les usagers d'une voie séparée, d'une piste séparée, d'une piste cyclable/voie piétonne séparée, des rails de tramway",Signalisation lumineuse - Non-respect d'un feu rouge,Genève,Jour,Beau temps,Avec blessés graves,2498838.598,1117243.635,Route sèche,Route principale,170000.0,Mardi,0,0,1,1,0,0,0,0,0,0,0,1,0,0,0,0,0.0,0.0,0,0,,,2022,2498838.6,1117243.64,6.1280727791454,46.19903032515286
34229,46977,220310199,20220306,Dérapage ou perte de maîtrise,Collision avec un obstacle sur la chaussée,Inattention et distraction - Manque d'attention momentané,Lancy,Nuit,Beau temps,Avec dommages matériels,2498371.498,1114683.48,Route sèche,Route principale,50000.0,Dimanche,0,0,0,0,0,0,0,0,0,0,0,0,1,0,0,0,0.0,0.0,0,0,,,2022,2498371.5,1114683.48,6.122579619790603,46.1759329691379
34230,46978,220425052,20220309,Accident en parquant,Collision avec un obstacle fixe (y compris véhicule correctement stationné),Conduite - Marche arrière imprudente,Genève,Inconnu,Beau temps,Avec dommages matériels,2501348.355,1117710.484,Route sèche,Route principale,160000.0,Mercredi,0,0,0,0,0,0,0,0,0,0,0,0,1,0,0,0,0.0,0.0,0,0,,,2022,2501348.36,1117710.48,6.160482909791068,46.203602249056196
34231,46979,220408145,20220208,Accident en parquant,Collision avec un autre usager de la route,Inattention et distraction - Manque d'attention momentané,Chêne-Bourg,Aurore / crépuscule,Beau temps,Avec dommages matériels,2503841.453,1116674.723,Route sèche,Route secondaire,80000.0,Mardi,0,0,0,0,0,0,0,0,0,0,0,0,2,0,0,0,0.0,0.0,0,0,,,2022,2503841.45,1116674.72,6.192992065407703,46.19464740827521
34232,46980,220727066,20220716,Accident par tamponnement,"Collision avec véhicule à l'arrêt, en reculant",Conduite - Marche arrière imprudente,Carouge (GE),Jour,Beau temps,Avec dommages matériels,2499468.001,1114959.481,Route sèche,Route principale,150000.0,Samedi,0,0,0,0,0,0,0,0,0,0,0,1,1,0,0,0,0.0,0.0,0,0,,,2022,2499468.0,1114959.48,6.136717045390792,46.1785802035517
34233,47164,220822012,20220821,Dérapage ou perte de maîtrise,Collision avec un obstacle hors de la chaussée,Inattention et distraction - Manque d'attention momentané,Gy,Nuit,Beau temps,Avec dommages matériels,2508684.363,1122704.024,Route sèche,Route principale,210000.0,Dimanche,0,0,0,0,0,0,0,0,0,0,0,0,1,0,0,0,0.0,0.0,0,0,,,2022,2508684.36,1122704.02,6.2545376741063885,46.249553670664596
34234,47165,220213014,20220213,Dérapage ou perte de maîtrise,Collision avec un obstacle hors de la chaussée,Etat de la personne - Influence de l'alcool,Genève,Nuit,Beau temps,Avec blessés légers,2499172.733,1117653.238,Route sèche,Route principale,50000.0,Dimanche,0,0,1,0,0,0,0,0,0,0,0,0,1,0,0,0,0.0,0.0,0,0,,,2022,2499172.73,1117653.24,6.132312248690959,46.202764605833444
34235,47166,220927039,20220920,Dérapage ou perte de maîtrise,Collision avec un obstacle hors de la chaussée,"Etat de la personne - Excès de fatigue, endormissement (y compris endormissement passager)",Vandoeuvres,Nuit,Beau temps,Avec dommages matériels,2504659.859,1119730.119,Route sèche,Route secondaire,220000.0,Mardi,0,0,0,0,0,0,0,0,0,0,0,0,1,0,0,0,0.0,0.0,0,0,,,2022,2504659.86,1119730.12,6.20296787279342,46.22224570830771
34236,47167,220815338,20220603,Accident en parquant,Avec violation de l'obligation de déclarer,Cause inconnue - Véhicule stationné (omission de la déclaration obligatoire),Genève,Jour,Autre,Avec dommages matériels,2500134.903,1118285.29,Autre,Route secondaire,190000.0,Vendredi,0,0,0,0,0,0,0,0,0,0,0,0,0,0,0,0,0.0,0.0,0,0,,,2022,2500134.9,1118285.29,6.144640756757365,46.20859312710451
34237,47168,220515071,20220515,Dérapage ou perte de maîtrise,Collision avec un obstacle hors de la chaussée,Etat de la personne - Influence de l'alcool,Genthod,Jour,Beau temps,Avec dommages matériels,2500326.877,1124026.816,Route sèche,Route secondaire,70000.0,Dimanche,0,0,0,0,0,0,0,0,0,0,0,0,1,0,0,0,0.0,0.0,0,0,,,2022,2500326.88,1124026.82,6.14590039838691,46.26026317597488
34238,47169,220829069,20220627,Accident en parquant,Collision avec un obstacle fixe (y compris véhicule correctement stationné),Conduite - Marche arrière imprudente,Meyrin,Jour,Beau temps,Avec dommages matériels,2495410.613,1120877.161,Route sèche,Route principale,140000.0,Lundi,0,0,0,0,0,0,0,0,0,0,0,0,1,0,0,0,0.0,0.0,0,0,,,2022,2495410.61,1120877.16,6.082856401069253,46.23118659075105
34239,47170,220118237,20220118,Accident en parquant,Collision avec un obstacle fixe (y compris véhicule correctement stationné),Conduite - Marche arrière imprudente,Genève,Jour,Beau temps,Avec dommages matériels,2500830.178,1117386.347,Route sèche,Route principale,120000.0,Mardi,0,0,0,0,0,0,0,0,0,0,0,0,1,0,0,0,0.0,0.0,0,0,,,2022,2500830.18,1117386.35,6.1538392616188204,46.20061065134465
34240,47171,220306061,20220306,Accident en quittant une route,Collision avec le trafic dans le même sens lors d'un demi-tour,Conduite - Demi-tour imprudent,Genève,Jour,Beau temps,Avec dommages matériels,2500634.004,1119206.491,Route sèche,Route principale,150000.0,Dimanche,0,0,0,0,0,0,0,0,0,0,0,0,2,0,0,0,0.0,0.0,1,0,,,2022,2500634.0,1119206.49,6.150910512928247,46.21695272672025
34241,47172,220903061,20220903,Accident en quittant une route,Collision en obliquant à gauche avec le trafic venant en sens inverse,Priorité - Priorité en obliquant à gauche devant des véhicules venant en sens inverse,Thônex,Jour,Temps couvert,Avec blessés graves,2503745.012,1115583.482,Route sèche,Route principale,130000.0,Samedi,0,0,1,1,0,0,0,0,0,0,0,0,2,0,0,0,0.0,0.0,0,0,,,2022,2503745.01,1115583.48,6.191967912369837,46.18481850031771