,OBJECTID,ID_ACCIDENT,DATE_,GROUPE_ACCIDENT,TYPE,CAUSE,COMMUNE,CONDITIONS_LUMINEUSES,CONDITIONS_METEO,CONSEQUENCES,COOR_X,COOR_Y,ETAT_ROUTE,GENRE_ROUTE,HEURE,JOUR,NB_ENFANTS_IMPLIQUES,NB_ENFANTS_ECOLE,NB_BLESSES_LEGERS,NB_BLESSES_GRAVES,NB_TUES,NB_PIETONS,NB_BICYCLETTES,NB_VAE_25,NB_VAE_45,NB_CYCLOMOTEURS,NB_MOTOS_50,NB_MOTOS,NB_VOITURES_TOURISME,NB_VOITURES_LIVRAISON,NB_CAMIONS,NB_BUS,NB_TRAM,NB_TRAINS,NB_SENIORS,NB_TC,REF_GROUPE_CAUSE,TOTAL_PERSONNES,ANNEE,E,N,LATITUDE,LONGITUDE
34242,47173,220716035,20220716,Dérapage ou perte de maîtrise,Collision avec un obstacle hors de la chaussée,Inattention et distraction - Manque d'attention momentané,Genève,Jour,Beau temps,Avec blessés légers,2500986.242,1117147.549,Route sèche,Route principale,80000.0,Samedi,0,0,1,0,0,0,0,0,0,0,0,1,0,0,0,0,0.0,0.0,0,0,,,2022,2500986.24,1117147.55,6.155911407182051,46.19848579427424
34243,47174,220720119,20220712,Accident lors d'un dépassement ou lors d'un changement de voie de circulation,Collision lors du changement de voie vers la gauche,Conduite - Manque d'égards en changeant de voie,Genève,Jour,Beau temps,Avec dommages matériels,2500947.783,1117716.959,Route sèche,Route principale,80000.0,Mardi,0,0,0,0,0,0,0,0,0,0,0,0,2,0,0,0,0.0,0.0,0,0,,,2022,2500947.78,1117716.96,6.155292412033129,46.20360162543914
34244,47175,220316255,20220316,Accident lors d'un dépassement ou lors d'un changement de voie de circulation,Collision lors du changement de voie vers la droite,Conduite - Manque d'égards en changeant de voie,Genève,Jour,Beau temps,Avec blessés légers,2500892.65,1117242.228,Route sèche,Route principale,130000.0,Mercredi,0,0,1,0,0,0,0,0,0,0,0,1,1,0,0,0,0.0,0.0,0,0,,,2022,2500892.65,1117242.23,6.154679053307368,46.19932359247624
34245,47176,20209055,20220204,Accident en parquant,Avec violation de l'obligation de déclarer,Cause inconnue - Véhicule stationné (omission de la déclaration obligatoire),Genève,Inconnu,Autre,Avec dommages matériels,2500017.198,1118467.212,Autre,Autre,180000.0,Vendredi,0,0,0,0,0,0,0,0,0,0,0,0,0,0,0,0,0.0,0.0,0,0,,,2022,2500017.2,1118467.21,6.143076954141231,46.210211885877946
34246,47177,220626020,20220626,Dérapage ou perte de maîtrise,Collision avec un obstacle sur la chaussée,Inattention et distraction - Manque d'attention momentané,Genève,Jour,Temps couvert,Avec dommages matériels,2501712.419,1116753.306,Route mouillée,Route secondaire,80000.0,Dimanche,0,0,0,0,0,0,0,0,0,0,0,0,1,0,0,0,0.0,0.0,0,0,,,2022,2501712.42,1116753.31,6.165400495825507,46.195046400029064
34247,47178,220809198,20220725,Accident lors d'un dépassement ou lors d'un changement de voie de circulation,Frôlement latéral avec le véhicule dépassé,Dépassement - En dépassant de trop près (latéral),Genève,Jour,Beau temps,Avec dommages matériels,2499980.002,1117808.488,Route sèche,Route secondaire,180000.0,Lundi,0,0,0,0,0,0,0,0,0,0,0,0,1,0,0,1,0.0,0.0,0,1,,,2022,2499980.0,1117808.49,6.142736185884562,46.20428157911859
34248,47179,220831229,20220817,Dérapage ou perte de maîtrise,Collision avec un obstacle hors de la chaussée,Inattention et distraction - Manque d'attention momentané,Meyrin,Jour,Beau temps,Avec dommages matériels,2494768.004,1120132.642,Route sèche,Route principale,100000.0,Mercredi,0,0,0,0,0,0,0,0,0,0,0,0,1,0,0,0,0.0,0.0,0,0,,,2022,2494768.0,1120132.64,6.0746959412243315,46.224389856348985
34249,47180,220621007,20220621,Dérapage ou perte de maîtrise,Sans collision,"Vitesse - Poursuite, course",Genève,Nuit,Beau temps,Avec blessés légers,2500282.728,1118554.175,Route sèche,Route secondaire,30000.0,Mardi,0,0,2,0,0,0,0,0,0,0,0,1,0,0,0,0,0.0,0.0,0,0,,,2022,2500282.73,1118554.18,6.146498461754481,46.211033573315284
34250,47181,221021148,20221021,Accident en traversant une route,Collision avec le trafic traversant depuis la gauche,Priorité - Non-respect du signal de priorité «Cédez le passage»,Genève,Nuit,Pluie,Avec dommages matériels,2499157.898,1116194.02,Route mouillée,Route principale,60000.0,Vendredi,0,0,0,0,0,0,0,0,0,0,0,0,2,0,0,0,0.0,0.0,0,0,,,2022,2499157.9,1116194.02,6.132435329746515,46.18963765105397
34251,47525,221228003,20221227,Dérapage ou perte de maîtrise,Collision avec un obstacle sur la chaussée,"Entretien du véhicule - Visibilité insuffisante due au mauvais état du pare-brise, de l'essuie-glace ou de la visière du casque (saleté, givre, rayures, buée, etc.)",Chêne-Bourg,Nuit,Beau temps,Avec dommages matériels,2504261.828,1116555.309,Route sèche,Route principale,230000.0,Mardi,0,0,0,0,0,0,0,0,0,0,0,0,1,0,0,0,0.0,0.0,1,0,,,2022,2504261.83,1116555.31,6.198461315611233,46.1936333738138
34252,47526,220318061,20220308,Accident lors d'un dépassement ou lors d'un changement de voie de circulation,Frôlement latéral avec le véhicule dépassé,Dépassement - Moto circulant entre les colonnes,Carouge (GE),Jour,Beau temps,Avec dommages matériels,2499412.317,1114938.528,Route sèche,Route secondaire,160000.0,Mardi,0,0,0,0,0,0,0,0,0,0,0,1,1,0,0,0,0.0,0.0,0,0,,,2022,2499412.32,1114938.53,6.136000610432509,46.17838344643912
34253,47527,220826014,20220826,Dérapage ou perte de maîtrise,Sans collision,Inattention et distraction - Manque d'attention momentané,Genève,Nuit,Beau temps,Avec blessés graves,2498831.288,1116039.21,Route sèche,Route principale,0.0,Vendredi,0,0,0,1,0,0,0,0,0,0,0,0,0,0,0,0,0.0,0.0,0,0,,,2022,2498831.29,1116039.21,6.128239062767502,46.188196175358584
34254,47528,220520011,20220519,Accident par tamponnement,Collision avec véhicule à l'arrêt,Inattention et distraction - Manque d'attention momentané,Genève,Jour,Beau temps,Avec blessés légers,2500514.31,1119789.75,Route sèche,Route principale,100000.0,Jeudi,0,0,1,0,0,0,0,0,0,0,0,1,0,0,1,0,0.0,0.0,0,0,,,2022,2500514.31,1119789.75,6.1492352729360125,46.22218108638287
34255,47529,221206355,20221206,Accident par tamponnement,"Collision avec un véhicule en marche, en reculant",Conduite - Marche arrière imprudente,Genève,Nuit,Temps couvert,Avec blessés légers,2500943.088,1116698.087,Route sèche,Route secondaire,190000.0,Mardi,0,0,1,0,0,0,1,0,0,0,0,0,1,0,0,0,0.0,0.0,0,0,,,2022,2500943.09,1116698.09,6.1554478586946475,46.19443681917178
34256,47530,220904028,20220904,Accident par tamponnement,Collision avec véhicule à l'arrêt,Inattention et distraction - Manque d'attention momentané,Genève,Aurore / crépuscule,Beau temps,Avec dommages matériels,2499320.765,1120061.989,Route sèche,Route principale,60000.0,Dimanche,0,0,0,0,0,0,0,0,0,0,0,0,3,0,0,0,0.0,0.0,0,0,,,2022,2499320.77,1120061.99,6.133710153616975,46.224451952143575
34257,47531,220829001,20220828,Dérapage ou perte de maîtrise,Collision avec un obstacle hors de la chaussée,Inattention et distraction - Manque d'attention momentané,Carouge (GE),Jour,Beau temps,Avec blessés légers,2500699.47,1115048.415,Route sèche,Route principale,80000.0,Dimanche,0,0,1,0,0,0,0,0,0,0,0,0,1,0,0,0,0.0,0.0,0,0,,,2022,2500699.47,1115048.41,6.152643295770295,46.1795630325773
34258,47532,221214097,20221209,Dérapage ou perte de maîtrise,Collision avec un obstacle hors de la chaussée,Inattention et distraction - Manque d'attention momentané,Le Grand-Saconnex,Jour,Beau temps,Avec dommages matériels,2497383.696,1120739.096,Route sèche,Autre,110000.0,Vendredi,0,0,0,0,0,0,0,0,0,0,0,0,1,0,0,0,0.0,0.0,0,0,,,2022,2497383.7,1120739.1,6.108458944246062,46.23024907579891
34259,47533,220922067,20220914,Accident en parquant,Avec violation de l'obligation de déclarer,Cause inconnue - Véhicule stationné (omission de la déclaration obligatoire),Vernier,Jour,Beau temps,Avec dommages matériels,2497546.936,1118130.307,Route sèche,Autre,140000.0,Mercredi,0,0,0,0,0,0,0,0,0,0,0,0,0,0,0,0,0.0,0.0,0,0,,,2022,2497546.94,1118130.31,6.111147524271167,46.20680970690774
34260,47534,221222262,20221221,Accident en parquant,Avec violation de l'obligation de déclarer,Cause inconnue - Véhicule stationné (omission de la déclaration obligatoire),Le Grand-Saconnex,Jour,Pluie,Avec dommages matériels,2497383.696,1120739.096,Route mouillée,Autre,110000.0,Mercredi,0,0,0,0,0,0,0,0,0,0,0,0,0,0,0,0,0.0,0.0,0,0,,,2022,2497383.7,1120739.1,6.108458944246062,46.23024907579891
34261,47535,221025402,20221025,Dérapage ou perte de maîtrise,Collision avec un obstacle hors de la chaussée,"Etat de la personne - Excès de fatigue, endormissement (y compris endormissement passager)",Bernex,Jour,Temps couvert,Avec dommages matériels,2495148.619,1116094.051,Route sèche,Autoroute,170000.0,Mardi,0,0,0,0,0,0,0,0,0,0,0,0,1,0,0,0,0.0,0.0,0,0,,,2022,2495148.62,1116094.05,6.080535612331102,46.18812526380865
34262,47536,221115224,20221106,Accident par tamponnement,Collision avec véhicule à l'arrêt,Inattention et distraction - Manque d'attention momentané,Carouge (GE),Jour,Beau temps,Avec dommages matériels,2498866.477,1115888.178,Route sèche,Route secondaire,150000.0,Dimanche,0,0,0,0,0,0,0,0,0,0,0,0,2,0,0,0,0.0,0.0,1,0,,,2022,2498866.48,1115888.18,6.1287274890196155,46.18684305449827
34263,47537,221120005,20221119,Dérapage ou perte de maîtrise,Collision avec un obstacle hors de la chaussée,"Inattention et distraction - Distraction par le maniement d'appareils techniques dans la voiture (radio, système de navigation, chauffage, etc.)",Genève,Nuit,Temps couvert,Avec dommages matériels,2499380.321,1117353.491,Route sèche,Route principale,230000.0,Samedi,0,0,0,0,0,0,0,0,0,0,0,0,1,0,0,0,0.0,0.0,0,0,,,2022,2499380.32,1117353.49,6.135065936049295,46.20009965238404
34264,47538,221122327,20221122,Accident lors d'un dépassement ou lors d'un changement de voie de circulation,Collision lors du changement de voie vers la droite,Conduite - Manque d'égards en changeant de voie,Vernier,Nuit,Temps couvert,Avec blessés légers,2498150.505,1119167.943,Route humide,Route principale,180000.0,Mardi,0,0,1,0,0,0,0,0,0,0,0,1,1,0,0,0,0.0,0.0,0,0,,,2022,2498150.5,1119167.94,6.118739967791355,46.2162342132661
34265,47539,221108335,20221108,Accident impliquant des piétons,Piéton traversant la chaussée touché par un véhicule circulant en ligne droite,Comportement du piéton / du conducteur d'EAV - Traversée imprudente de la route,Lancy,Aurore / crépuscule,Autre,Avec blessés graves,2498658.126,1114317.448,Route sèche,Route principale,180000.0,Mardi,0,0,0,1,0,1,0,0,0,0,0,1,0,0,0,0,0.0,0.0,1,0,,,2022,2498658.13,1114317.45,6.126370111811492,46.172684027110776
34266,47540,220901214,20220901,Autres,Autres,Signalisation - Inobservation d'un signal,Meyrin,Jour,Beau temps,Avec dommages matériels,2495720.766,1120163.685,Route sèche,Route secondaire,120000.0,Jeudi,0,0,0,0,0,0,0,0,0,0,0,0,0,1,0,0,0.0,0.0,0,0,,,2022,2495720.77,1120163.68,6.0870357419725485,46.22481756553339
34267,47541,221112073,20221105,Dérapage ou perte de maîtrise,Collision avec un obstacle hors de la chaussée,Cause inconnue - Cause inconnue,Genthod,Jour,Autre,Avec dommages matériels,2501180.321,1124709.563,Autre,Autre,120000.0,Samedi,0,0,0,0,0,0,0,0,0,0,0,0,0,0,0,0,0.0,0.0,0,0,,,2022,2501180.32,1124709.56,6.156822533008113,46.26653015806639
34268,47542,221025397,20221023,Accident en parquant,Avec violation de l'obligation de déclarer,Cause inconnue - Véhicule stationné (omission de la déclaration obligatoire),Carouge (GE),Inconnu,Autre,Avec dommages matériels,2499678.291,1115622.893,Autre,Route principale,10000.0,Dimanche,0,0,0,0,0,0,0,0,0,0,0,0,0,0,0,0,0.0,0.0,0,0,,,2022,2499678.29,1115622.89,6.139297407569236,46.18457854934276
34269,46582,221010225,20221008,Accident en parquant,Avec violation de l'obligation de déclarer,Cause inconnue - Véhicule stationné (omission de la déclaration obligatoire),Vernier,Jour,Beau temps,Avec dommages matériels,2496369.205,1117816.226,Route sèche,Autre,90000.0,Samedi,0,0,0,0,0,0,0,0,0,0,0,0,0,0,0,0,0.0,0.0,0,0,,,2022,2496369.2,1117816.23,6.095960083301421,46.20380424515247
34270,46583,220124336,20220122,Collision frontale,Frôlement avec le trafic en sens inverse (sans dépassement),Inattention et distraction - Manque d'attention momentané,Vandoeuvres,Jour,Beau temps,Avec dommages matériels,2505372.484,1118672.208,Route sèche,Route principale,150000.0,Samedi,0,0,0,0,0,0,0,0,0,0,0,0,2,0,0,0,0.0,0.0,0,0,,,2022,2505372.48,1118672.21,6.212417038165754,46.21283106542871
34271,46584,220614262,20220614,Accident par tamponnement,Collision avec véhicule à l'arrêt,Inattention et distraction - Manque d'attention momentané,Genève,Jour,Beau temps,Avec blessés légers,2501381.221,1117035.711,Route sèche,Route principale,130000.0,Mardi,0,0,1,0,0,0,0,0,0,0,0,1,1,0,0,0,0.0,0.0,0,0,,,2022,2501381.22,1117035.71,6.161051138856203,46.19753791794577
34272,46585,220325126,20220325,Accident en traversant une route,Collision avec le trafic traversant depuis la gauche,Priorité - Autres attitude fautive en lien avec la priorité,Genève,Jour,Beau temps,Avec blessés légers,2499733.251,1118350.239,Route sèche,Route principale,80000.0,Vendredi,0,0,1,0,0,0,0,1,0,0,0,1,0,0,0,0,0.0,0.0,0,0,,,2022,2499733.25,1118350.24,6.139423358118508,46.209117516300786
34273,46586,220330162,20220326,Accident par tamponnement,Collision avec véhicule à l'arrêt,"Utilisation du véhicule - Manouvres incorrectes dans le véhicule (confusion frein - accélérateur, glisser de la pédale de frein dans les véhicules à transmission automatique, etc.)",Genève,Aurore / crépuscule,Beau temps,Avec dommages matériels,2499369.814,1118233.433,Route sèche,Route principale,180000.0,Samedi,0,0,0,0,0,0,0,0,0,0,0,0,2,0,0,0,0.0,0.0,0,0,,,2022,2499369.81,1118233.43,6.134740079962272,46.20801257188356
34274,46587,220525236,20220517,Accident en parquant,Collision avec un obstacle fixe (y compris véhicule correctement stationné),Conduite - Marche arrière imprudente,Vernier,Jour,Beau temps,Avec dommages matériels,2497286.0,1119604.71,Route sèche,Route secondaire,120000.0,Mardi,0,0,0,0,0,0,0,0,0,0,0,0,0,1,0,0,0.0,0.0,0,0,,,2022,2497286.0,1119604.71,6.107442561246998,46.22003109089108
34275,46588,220601022,20220531,Dérapage ou perte de maîtrise,"Lors de l'évitement, sans collision",Inattention et distraction - Manque d'attention momentané,Vernier,Jour,Temps couvert,Avec blessés graves,2496799.491,1119041.997,Route mouillée,Route principale,160000.0,Mardi,0,0,0,1,0,0,0,1,0,0,0,0,0,0,0,0,0.0,0.0,0,0,,,2022,2496799.49,1119042.0,6.101262948755553,46.21489537560772
34276,46589,220702073,20220628,Accident en parquant,Collision avec un obstacle fixe (y compris véhicule correctement stationné),Conduite - Marche arrière imprudente,Genève,Jour,Beau temps,Avec dommages matériels,2500348.242,1118342.156,Route sèche,Route secondaire,180000.0,Mardi,0,0,0,0,0,0,0,0,0,0,0,0,1,0,0,0,0.0,0.0,0,0,,,2022,2500348.24,1118342.16,6.147392472511498,46.20913630060744
34277,46590,220517493,20220517,Accident en traversant une route,Collision avec le trafic traversant depuis la gauche,Priorité - Non-respect du signal de priorité «Cédez le passage»,Bernex,Jour,Beau temps,Avec blessés légers,2491866.065,1114218.661,Route sèche,Route principale,170000.0,Mardi,0,0,1,0,0,0,0,1,0,0,0,0,1,0,0,0,0.0,0.0,0,0,,,2022,2491866.07,1114218.66,6.038460619547756,46.170737869396106
34278,46591,220117081,20220117,Dérapage ou perte de maîtrise,Collision avec un autre usager de la route,Inattention et distraction - Manque d'expérience pratique de la conduite,Cartigny,Nuit,Beau temps,Avec blessés graves,2491924.423,1114490.55,Route verglacée,Route secondaire,60000.0,Lundi,0,0,0,1,0,0,0,0,0,0,0,0,1,0,0,1,0.0,0.0,0,1,,,2022,2491924.42,1114490.55,6.039153131222997,46.17319266703577
34279,46592,220521007,20220520,Accident en parquant,Avec violation de l'obligation de déclarer,Cause inconnue - Véhicule stationné (omission de la déclaration obligatoire),Meyrin,Inconnu,Autre,Avec dommages matériels,2495167.678,1121823.867,Autre,Route principale,170000.0,Vendredi,0,0,0,0,0,0,0,0,0,0,0,0,0,0,0,0,0.0,0.0,0,0,,,2022,2495167.68,1121823.87,6.07949506061415,46.23966368883044
34280,46593,220721197,20220720,Dérapage ou perte de maîtrise,Collision avec un obstacle hors de la chaussée,Etat de la personne - Maladies physiques ou psychiques,Meinier,Jour,Beau temps,Avec dommages matériels,2505827.452,1121360.097,Route sèche,Route principale,170000.0,Mercredi,0,0,0,0,0,0,0,0,0,0,0,0,1,0,0,0,0.0,0.0,0,0,,,2022,2505827.45,1121360.1,6.217769029243403,46.237071239526635
34281,46594,221025076,20221014,Accident lors d'un dépassement ou lors d'un changement de voie de circulation,Frôlement latéral avec le véhicule dépassé,Dépassement - En dépassant de trop près (latéral),Meyrin,Jour,Pluie,Avec dommages matériels,2495466.23,1121400.508,Route mouillée,Route principale,180000.0,Vendredi,0,0,0,0,0,0,0,0,0,0,0,1,1,0,0,0,0.0,0.0,0,0,,,2022,2495466.23,1121400.51,6.083459921763611,46.23590239651007
34282,46595,220413121,20220412,Accident en parquant,Avec violation de l'obligation de déclarer,Cause inconnue - Véhicule stationné (omission de la déclaration obligatoire),Bellevue,Inconnu,Autre,Avec dommages matériels,2500989.469,1123384.52,Autre,Route principale,90000.0,Mardi,0,0,0,0,0,0,0,0,0,0,0,0,0,0,0,0,0.0,0.0,0,0,,,2022,2500989.47,1123384.52,6.154629067586312,46.25458408625825
34283,46596,220304160,20220227,Accident par tamponnement,Collision avec véhicule à l'arrêt,Conduite - Suivre de trop près le véhicule qui précède,Carouge (GE),Nuit,Temps couvert,Avec dommages matériels,2499688.044,1115140.694,Route sèche,Route principale,200000.0,Dimanche,0,0,0,0,0,0,0,0,0,0,0,0,2,0,0,0,0.0,0.0,0,0,,,2022,2499688.04,1115140.69,6.139527218655446,46.18024292664665
34284,46597,221001021,20220830,Accident en parquant,Collision avec un obstacle fixe (y compris véhicule correctement stationné),Conduite - Marche arrière imprudente,Onex,Jour,Beau temps,Avec dommages matériels,2496902.613,1116302.129,Route sèche,Route principale,210000.0,Mardi,0,0,0,0,0,0,0,0,0,0,0,0,0,1,0,0,0.0,0.0,0,0,,,2022,2496902.61,1116302.13,6.103204196356531,46.19026800774837
34285,46598,220218174,20220218,Accident en parquant,Collision avec un autre usager de la route,Etat de la personne - Influence de l'alcool,Genève,Nuit,Beau temps,Avec dommages matériels,2500889.54,1117382.274,Route sèche,Route principale,200000.0,Vendredi,0,0,0,0,0,0,0,0,0,0,0,0,2,0,0,0,0.0,0.0,1,0,,,2022,2500889.54,1117382.27,6.154609036351239,46.20058270837436
34286,46599,220521075,20220521,Accident par tamponnement,Collision avec véhicule à l'arrêt,Inattention et distraction - Manque d'attention momentané,Genève,Jour,Beau temps,Avec dommages matériels,2499659.286,1118356.468,Route sèche,Route principale,160000.0,Samedi,0,0,0,0,0,0,0,0,0,0,0,0,2,0,0,0,0.0,0.0,0,0,,,2022,2499659.29,1118356.47,6.13846384524648,46.209162514282895
34287,46981,220905215,20220903,Accident par tamponnement,Collision avec un véhicule en marche,Inattention et distraction - Manque d'attention momentané,Lancy,Jour,Temps couvert,Avec dommages matériels,2498647.548,1114309.452,Route humide,Route principale,180000.0,Samedi,0,0,0,0,0,0,0,0,0,0,0,0,2,0,0,0,0.0,0.0,0,0,,,2022,2498647.55,1114309.45,6.126234872083403,46.17261047833744
34288,46982,220407140,20220406,Accident par tamponnement,Collision avec véhicule à l'arrêt,Conduite - Suivre de trop près le véhicule qui précède,Genève,Jour,Temps couvert,Avec dommages matériels,2500684.539,1116708.973,Route sèche,Route principale,180000.0,Mercredi,4,0,0,0,0,0,0,0,0,0,0,0,3,0,0,0,0.0,0.0,0,0,,,2022,2500684.54,1116708.97,6.152096847689212,46.194496534888614
34289,46983,221213283,20221212,Accident par tamponnement,Collision avec un véhicule en marche,Inattention et distraction - Manque d'attention momentané,Vernier,Nuit,Temps couvert,Avec blessés graves,2496666.244,1119442.742,Route sèche,Autoroute,170000.0,Lundi,0,0,0,1,0,0,0,0,0,0,0,0,2,0,0,0,0.0,0.0,1,0,,,2022,2496666.24,1119442.74,6.099447725808805,46.21847927465664
34290,46984,220227032,20220227,Dérapage ou perte de maîtrise,Collision avec un obstacle hors de la chaussée,Etat de la personne - Influence de l'alcool,Onex,Jour,Beau temps,Avec blessés légers,2496697.129,1116043.581,Route sèche,Route principale,70000.0,Dimanche,0,0,1,0,0,0,0,0,0,0,0,0,1,0,0,0,0.0,0.0,0,0,,,2022,2496697.13,1116043.58,6.100600278726949,46.1879109987268
34291,46985,220928277,20220928,Collision frontale,Frôlement avec le trafic en sens inverse (sans dépassement),Conduite - Croisement longitudinal non conforme ou circulation trop à gauche,Collonge-Bellerive,Jour,Temps couvert,Avec dommages matériels,2504196.007,1121526.371,Route sèche,Autre,160000.0,Mercredi,0,0,0,0,0,0,0,0,0,0,0,0,2,0,0,0,0.0,0.0,0,0,,,2022,2504196.01,1121526.37,6.1965879671068675,46.23833607005794
34292,46986,220328332,20220328,Dérapage ou perte de maîtrise,Sans collision,Inattention et distraction - Manque d'attention momentané,Genève,Jour,Beau temps,Avec blessés légers,2500866.754,1117391.737,Route sèche,Route principale,130000.0,Lundi,0,0,1,0,0,0,1,0,0,0,0,0,0,0,0,0,0.0,0.0,0,0,,,2022,2500866.75,1117391.74,6.154311819428229,46.2006645249022
34293,46987,220819042,20220819,Accident par tamponnement,"Collision avec un véhicule en marche, en reculant",Conduite - Marche arrière imprudente,Genève,Jour,Beau temps,Avec dommages matériels,2499145.957,1116441.001,Route sèche,Route principale,70000.0,Vendredi,0,0,0,0,0,0,0,0,0,0,0,0,2,0,0,0,0.0,0.0,0,0,,,2022,2499145.96,1116441.0,6.132227356795911,46.19185728329694
34294,46988,220628149,20220626,Accident en parquant,Collision avec un obstacle fixe (y compris véhicule correctement stationné),Conduite - Marche arrière imprudente,Genève,Jour,Beau temps,Avec dommages matériels,2500733.99,1117191.018,Route sèche,Route secondaire,160000.0,Dimanche,0,0,0,0,0,0,0,0,0,0,0,0,1,0,0,0,0.0,0.0,0,0,,,2022,2500733.99,1117191.02,6.1526348202002445,46.19883958109482
34295,46989,220201265,20220201,Dérapage ou perte de maîtrise,"Lors de l'évitement, avec collision",Signalisation lumineuse - Non-respect d'un feu rouge,Genève,Jour,Temps couvert,Avec blessés graves,2500283.787,1116949.034,Route humide,Route principale,120000.0,Mardi,0,0,0,1,0,0,0,0,0,0,0,1,1,0,0,0,0.0,0.0,1,0,,,2022,2500283.79,1116949.03,6.146855127942014,46.196596406291704
34296,46990,220729006,20220728,Accident en traversant une route,Collision avec le trafic traversant depuis la gauche,Etat de la personne - Influence de l'alcool,Genève,Nuit,Beau temps,Avec blessés graves,2499734.887,1118057.774,Route sèche,Route principale,220000.0,Jeudi,0,0,0,1,0,0,1,0,0,0,0,0,1,0,0,0,0.0,0.0,0,0,,,2022,2499734.89,1118057.77,6.139507442529977,46.20648717892745
34297,46991,220729169,20220729,Accident en s'engageant sur une route,Collision en s'engageant depuis le bord de la route,Priorité - Autres attitude fautive en lien avec la priorité,Genève,Jour,Temps couvert,Avec dommages matériels,2500109.167,1118567.872,Route sèche,Route principale,120000.0,Vendredi,0,0,0,0,0,0,0,0,0,0,0,0,2,0,0,0,0.0,0.0,0,0,,,2022,2500109.17,1118567.87,6.144246929005713,46.21113093432813
34298,46992,221122041,20221121,Accident par tamponnement,Collision avec véhicule à l'arrêt,Inattention et distraction - Manque d'attention momentané,Versoix,Jour,Temps couvert,Avec dommages matériels,2501921.282,1127650.122,Route sèche,Route secondaire,140000.0,Lundi,0,0,0,0,0,0,0,0,0,0,0,0,2,0,0,0,0.0,0.0,1,0,,,2022,2501921.28,1127650.12,6.165812426507243,46.293087488506245
34299,46993,220603123,20220603,Accident en quittant une route,Collision en obliquant à gauche avec le trafic venant en sens inverse,Priorité - Priorité en obliquant à gauche devant des véhicules venant en sens inverse,Vernier,Jour,Temps couvert,Avec blessés graves,2495177.411,1119809.492,Route sèche,Route principale,120000.0,Vendredi,0,0,0,1,0,0,0,0,0,0,0,1,1,0,0,0,0.0,0.0,0,0,,,2022,2495177.41,1119809.49,6.080074011891483,46.221547350263
34300,46994,220615161,20220513,Accident en parquant,Collision avec un obstacle fixe (y compris véhicule correctement stationné),Conduite - Marche arrière imprudente,Genève,Jour,Beau temps,Avec dommages matériels,2500523.659,1117858.026,Route sèche,Autre,140000.0,Vendredi,0,0,0,0,0,0,0,0,0,0,0,0,1,0,0,0,0.0,0.0,0,0,,,2022,2500523.66,1117858.03,6.149768291163341,46.20480783413681
34301,46995,220514003,20220514,Dérapage ou perte de maîtrise,Sans collision,Etat de la personne - Influence de l'alcool,Genève,Nuit,Beau temps,Avec blessés légers,2498836.001,1117248.967,Route sèche,Route principale,0.0,Samedi,0,0,1,0,0,0,0,0,0,0,0,0,0,0,0,0,0.0,0.0,0,0,,,2022,2498836.0,1117248.97,6.128037946655291,46.19907787374286
34302,46996,220204219,20220204,Accident en s'engageant sur une route,Collision en obliquant à gauche avec le trafic venant de droite,Priorité - Priorité en obliquant à gauche devant des véhicules venant en sens inverse,Genève,Jour,Beau temps,Avec blessés légers,2499764.145,1118969.071,Route sèche,Route secondaire,160000.0,Vendredi,0,0,1,0,0,0,0,0,0,0,0,1,1,0,0,0,0.0,0.0,0,0,,,2022,2499764.14,1118969.07,6.139690609192975,46.214688108029215
34303,46997,220121140,20220114,Accident par tamponnement,Collision avec un véhicule en marche,Inattention et distraction - Manque d'attention momentané,Genève,Jour,Beau temps,Avec dommages matériels,2500350.105,1118115.313,Route sèche,Route principale,90000.0,Vendredi,0,0,0,0,0,0,0,0,0,0,0,0,0,0,0,1,0.0,0.0,0,1,,,2022,2500350.11,1118115.31,6.147465139840131,46.20709620266599
34304,46998,220823292,20220823,Accident par tamponnement,Collision avec un véhicule en marche,Inattention et distraction - Manque d'attention momentané,Meyrin,Jour,Beau temps,Avec blessés légers,2494647.432,1120601.099,Route sèche,Route principale,170000.0,Mardi,0,0,1,0,0,0,0,0,0,0,0,1,1,0,0,0,0.0,0.0,0,0,,,2022,2494647.43,1120601.1,6.073027680818071,46.22858440847853
34305,46999,220615190,20220614,Accident en parquant,Collision avec un obstacle fixe (y compris véhicule correctement stationné),Conduite - Marche arrière imprudente,Genève,Jour,Beau temps,Avec dommages matériels,2499483.922,1117720.228,Route sèche,Route secondaire,160000.0,Mardi,0,0,0,0,0,0,0,0,0,0,0,0,0,1,0,0,0.0,0.0,0,0,,,2022,2499483.92,1117720.23,6.136328906801946,46.20341374095136
34306,47182,220224045,20220224,Accident lors d'un dépassement ou lors d'un changement de voie de circulation,Frôlement latéral avec le véhicule dépassé,Dépassement - En dépassant de trop près (latéral),Genève,Nuit,Beau temps,Avec blessés graves,2500835.115,1117357.387,Route sèche,Route principale,60000.0,Jeudi,0,0,0,1,0,0,0,0,0,0,0,1,1,0,0,0,0.0,0.0,1,0,,,2022,2500835.11,1117357.39,6.153909273668622,46.20035090109198