,OBJECTID,ID_ACCIDENT,DATE_,GROUPE_ACCIDENT,TYPE,CAUSE,COMMUNE,CONDITIONS_LUMINEUSES,CONDITIONS_METEO,CONSEQUENCES,COOR_X,COOR_Y,ETAT_ROUTE,GENRE_ROUTE,HEURE,JOUR,NB_ENFANTS_IMPLIQUES,NB_ENFANTS_ECOLE,NB_BLESSES_LEGERS,NB_BLESSES_GRAVES,NB_TUES,NB_PIETONS,NB_BICYCLETTES,NB_VAE_25,NB_VAE_45,NB_CYCLOMOTEURS,NB_MOTOS_50,NB_MOTOS,NB_VOITURES_TOURISME,NB_VOITURES_LIVRAISON,NB_CAMIONS,NB_BUS,NB_TRAM,NB_TRAINS,NB_SENIORS,NB_TC,REF_GROUPE_CAUSE,TOTAL_PERSONNES,ANNEE,E,N,LATITUDE,LONGITUDE
34307,47183,220701187,20220701,Accident lors d'un dépassement ou lors d'un changement de voie de circulation,Collision en déboîtant devant un véhicule en train de dépasser,Dépassement - Dépassement par la droite,Chêne-Bougeries,Jour,Beau temps,Avec dommages matériels,2502759.043,1117153.807,Route sèche,Route principale,130000.0,Vendredi,0,0,0,0,0,0,0,0,0,0,1,0,1,0,0,0,0.0,0.0,0,0,,,2022,2502759.04,1117153.81,6.1788729489971255,46.19880086578826
34308,47184,220205010,20220204,Accident en parquant,Collision avec un obstacle fixe (y compris véhicule correctement stationné),Conduite - Marche arrière imprudente,Genève,Nuit,Beau temps,Avec dommages matériels,2500230.396,1118669.295,Route sèche,Route secondaire,210000.0,Vendredi,0,0,0,0,0,0,0,0,0,0,0,0,1,0,0,0,0.0,0.0,0,0,,,2022,2500230.4,1118669.3,6.1457958715324565,46.21206124041181
34309,47185,220220034,20220220,Dérapage ou perte de maîtrise,Collision avec un obstacle sur la chaussée,Etat de la personne - Influence de l'alcool,Le Grand-Saconnex,Jour,Temps couvert,Avec blessés graves,2498433.998,1120340.494,Route sèche,Route principale,70000.0,Dimanche,0,0,0,1,0,0,0,0,0,0,0,0,1,0,0,0,0.0,0.0,0,0,,,2022,2498434.0,1120340.49,6.122157941662775,46.22682342823685
34310,47186,220222002,20220222,Dérapage ou perte de maîtrise,Sans collision,Etat de la personne - Influence de l'alcool,Veyrier,Nuit,Pluie,Avec blessés légers,2500727.664,1114670.757,Route mouillée,Route principale,10000.0,Mardi,0,0,1,0,0,0,0,0,0,0,0,1,0,0,0,0,0.0,0.0,0,0,,,2022,2500727.66,1114670.76,6.153088556631541,46.176170468173105
34311,47187,220930010,20220929,Dérapage ou perte de maîtrise,Collision avec un obstacle hors de la chaussée,"Etat de la personne - Excès de fatigue, endormissement (y compris endormissement passager)",Vernier,Jour,Temps couvert,Avec dommages matériels,2495028.924,1118481.159,Route sèche,Autoroute,180000.0,Jeudi,0,0,0,0,0,0,0,0,0,0,0,0,1,0,0,0,0.0,0.0,2,0,,,2022,2495028.92,1118481.16,6.078448729464046,46.20957683910072
34312,47188,220323001,20220320,Dérapage ou perte de maîtrise,Collision avec un obstacle hors de la chaussée,Conduite - Marche arrière imprudente,Cologny,Jour,Beau temps,Avec dommages matériels,2502876.871,1118090.806,Route sèche,Autre,140000.0,Dimanche,0,0,0,0,0,0,0,0,0,0,0,0,1,0,0,0,0.0,0.0,1,0,,,2022,2502876.87,1118090.81,6.180204216148621,46.20724568841794
34313,47189,220507003,20220506,Dérapage ou perte de maîtrise,Collision avec un obstacle hors de la chaussée,Etat de la personne - Influence de l'alcool,Thônex,Nuit,Temps couvert,Avec dommages matériels,2504735.478,1116305.383,Route sèche,Route principale,230000.0,Vendredi,0,0,0,0,0,0,0,0,0,0,0,0,1,0,0,0,0.0,0.0,0,0,,,2022,2504735.48,1116305.38,6.204646920175817,46.19145266544905
34314,47190,220301242,20220301,Accident par tamponnement,Collision avec véhicule à l'arrêt,Conduite - Suivre de trop près le véhicule qui précède,Onex,Jour,Beau temps,Avec blessés graves,2496639.516,1115530.226,Route sèche,Route principale,130000.0,Mardi,0,0,0,1,0,0,0,0,0,0,0,1,1,0,0,0,0.0,0.0,0,0,,,2022,2496639.52,1115530.23,6.099967825546786,46.183284932422595
34315,47191,220619058,20220618,Accident lors d'un dépassement ou lors d'un changement de voie de circulation,Collision avec le véhicule dépassé en se rabattant,Dépassement - Autre attitude fautive en rapport avec un dépassement,Vandoeuvres,Jour,Beau temps,Avec dommages matériels,2504293.686,1119327.534,Route sèche,Route principale,110000.0,Samedi,0,0,0,0,0,0,0,0,0,0,0,0,2,0,0,0,0.0,0.0,0,0,,,2022,2504293.69,1119327.53,6.198305437271962,46.21857256816837
34316,47192,221021018,20221021,Dérapage ou perte de maîtrise,Collision avec un obstacle hors de la chaussée,Etat de la personne - Influence de l'alcool,Plan-les-Ouates,Nuit,Pluie,Avec dommages matériels,2496825.774,1113800.129,Route mouillée,Route secondaire,40000.0,Vendredi,0,0,0,0,0,0,0,0,0,0,0,0,1,0,0,0,0.0,0.0,0,0,,,2022,2496825.77,1113800.13,6.10276162672394,46.16775253026999
34317,47193,220223206,20220223,Dérapage ou perte de maîtrise,Collision avec un obstacle hors de la chaussée,"Vitesse - Inadaptée au tracé de la route (virage serré, proximité d'une intersection, etc.)",Genève,Jour,Beau temps,Avec blessés légers,2501840.687,1117743.845,Route sèche,Route principale,130000.0,Mercredi,2,0,3,0,0,0,0,0,0,0,0,0,1,0,0,0,0.0,0.0,0,0,,,2022,2501840.69,1117743.84,6.166853563197807,46.20397437566299
34318,47194,221008058,20221008,Accident par tamponnement,Collision avec un véhicule en marche,Dépassement - En dépassant de trop près (latéral),Genève,Jour,Temps couvert,Avec dommages matériels,2499090.689,1117606.597,Route humide,Route principale,110000.0,Samedi,0,0,0,0,0,0,0,0,0,0,0,0,2,0,0,0,0.0,0.0,1,0,,,2022,2499090.69,1117606.6,6.131259605398408,46.202332799370375
34319,47195,220923230,20220912,Accident en parquant,Avec violation de l'obligation de déclarer,Cause inconnue - Véhicule stationné (omission de la déclaration obligatoire),Genève,Inconnu,Autre,Avec dommages matériels,2501249.326,1117650.554,Autre,Route principale,170000.0,Lundi,0,0,0,0,0,0,0,0,0,0,0,0,0,0,0,0,0.0,0.0,0,0,,,2022,2501249.33,1117650.55,6.159212751514092,46.20304867399023
34320,47196,220808337,20220808,Accident en traversant une route,Collision avec le trafic traversant depuis la gauche,Priorité - Non-respect du signal de priorité «Cédez le passage»,Choulex,Jour,Beau temps,Avec blessés légers,2505553.718,1120738.871,Route sèche,Route secondaire,100000.0,Lundi,0,0,1,0,0,0,0,0,0,0,0,1,1,0,0,0,0.0,0.0,1,0,,,2022,2505553.72,1120738.87,6.214346754999567,46.23144515005062
34321,47197,221121373,20221118,Accident par tamponnement,Autre cas de tamponnement,Cause inconnue - Cause inconnue,Thônex,Jour,Temps couvert,Avec dommages matériels,2504567.762,1116396.939,Route sèche,Route secondaire,150000.0,Vendredi,0,0,0,0,0,0,0,0,0,0,0,1,0,1,0,0,0.0,0.0,0,0,,,2022,2504567.76,1116396.94,6.202456021954847,46.19225241409831
34322,47198,221114008,20221113,Accident en parquant,Collision avec un autre usager de la route,Conduite - Marche arrière imprudente,Genève,Nuit,Temps couvert,Avec dommages matériels,2500224.813,1118267.521,Route sèche,Route principale,220000.0,Dimanche,0,0,0,0,0,0,0,0,0,0,0,0,1,1,0,0,0.0,0.0,0,0,,,2022,2500224.81,1118267.52,6.145809356852725,46.20844664934942
34323,47199,220521084,20220521,Collision frontale,Collision frontale avec le trafic venant en sens inverse (sans dépassement),Etat de la personne - Influence de l'alcool,Satigny,Jour,Beau temps,Avec blessés légers,2489497.722,1119305.757,Route sèche,Route principale,160000.0,Samedi,0,0,1,0,0,0,0,0,1,0,0,0,0,0,0,0,0.0,0.0,0,0,,,2022,2489497.72,1119305.76,6.006596619808956,46.216106849960454
34324,47543,220213091,20220213,Dérapage ou perte de maîtrise,Collision avec un obstacle hors de la chaussée,Inattention et distraction - Manque d'attention momentané,Genève,Jour,Beau temps,Avec dommages matériels,2500019.613,1117488.126,Route sèche,Route principale,110000.0,Dimanche,0,0,0,0,0,0,0,0,0,0,0,0,1,0,0,0,0.0,0.0,0,0,,,2022,2500019.61,1117488.13,6.143317922090376,46.20140603519556
34325,47544,220502005,20220501,Accident lors d'un dépassement ou lors d'un changement de voie de circulation,Autre cas d'accident lors d'un dépassement ou lors d'un changement de voie de circulation,Dépassement - Moto circulant entre les colonnes,Lancy,Nuit,Beau temps,Avec blessés légers,2497594.996,1116458.484,Route sèche,Route principale,200000.0,Dimanche,0,0,1,0,0,0,0,0,0,0,0,1,1,0,0,0,0.0,0.0,0,0,,,2022,2497595.0,1116458.48,6.112136867511974,46.19178007441504
34326,47545,220921007,20220920,Accident en quittant une route,Collision avec le trafic dans le même sens lors d'un demi-tour,Conduite - Demi-tour imprudent,Genève,Nuit,Beau temps,Avec blessés graves,2502333.988,1117722.062,Route sèche,Route principale,200000.0,Mardi,0,0,0,1,0,0,0,0,0,0,0,1,1,0,0,0,0.0,0.0,0,0,,,2022,2502333.99,1117722.06,6.173248407695549,46.203850331122375
34327,47546,221125037,20221123,Accident en parquant,Avec violation de l'obligation de déclarer,Cause inconnue - Véhicule stationné (omission de la déclaration obligatoire),Genève,Inconnu,Autre,Avec dommages matériels,2499541.511,1118487.41,Autre,Route principale,90000.0,Mercredi,0,0,0,0,0,0,0,0,0,0,0,0,0,0,0,0,0.0,0.0,0,0,,,2022,2499541.51,1118487.41,6.136909781470908,46.210322643076395
34328,47547,220514026,20220513,Accident en traversant une route,Collision avec le trafic traversant depuis la gauche,Signalisation lumineuse - Non-respect d'un feu rouge,Vernier,Jour,Beau temps,Avec blessés graves,2496408.097,1119588.952,Route sèche,Route principale,170000.0,Vendredi,0,0,0,1,0,0,0,0,0,0,0,1,1,0,0,0,0.0,0.0,0,0,,,2022,2496408.1,1119588.95,6.096070433696502,46.21975458858925
34329,47548,221013227,20221013,Accident lors d'un dépassement ou lors d'un changement de voie de circulation,Collision lors du changement de voie vers la gauche,Conduite - Manque d'égards en changeant de voie,Cologny,Jour,Beau temps,Avec blessés légers,2502832.274,1117979.403,Route sèche,Route principale,130000.0,Jeudi,0,0,1,0,0,0,0,1,0,0,0,0,1,0,0,0,0.0,0.0,1,0,,,2022,2502832.27,1117979.4,6.1796496220529775,46.20623717199982
34330,47549,220430084,20220430,Dérapage ou perte de maîtrise,Sans collision,Inattention et distraction - Manque d'attention momentané,Versoix,Jour,Temps couvert,Avec blessés graves,2501908.742,1126470.774,Route humide,Route principale,170000.0,Samedi,0,0,0,1,0,0,1,0,0,0,0,0,0,0,0,0,0.0,0.0,0,0,,,2022,2501908.74,1126470.77,6.165898337542776,46.282478062679246
34331,47550,220926337,20220926,Accident en parquant,Collision avec une portière ouverte,Utilisation du véhicule - Ouverture imprudente de la portière,Le Grand-Saconnex,Jour,Temps couvert,Avec dommages matériels,2497576.817,1120964.726,Route sèche,Autre,140000.0,Lundi,0,0,0,0,0,0,0,0,0,0,0,0,1,0,1,0,0.0,0.0,0,0,,,2022,2497576.82,1120964.73,6.1109122648694205,46.23230793077442
34332,47551,221223001,20221222,Accident lors d'un dépassement ou lors d'un changement de voie de circulation,Collision avec le trafic venant en sens inverse,Dépassement - Autre attitude fautive en rapport avec un dépassement,Carouge (GE),Jour,Temps couvert,Avec blessés graves,2500048.112,1114923.774,Route humide,Route principale,80000.0,Jeudi,0,0,0,1,0,0,0,0,0,0,0,0,0,0,1,0,0.0,0.0,0,0,,,2022,2500048.11,1114923.77,6.1442359743965715,46.17834548234405
34333,47552,221101321,20221101,Dérapage ou perte de maîtrise,Collision avec un obstacle sur la chaussée,"Inattention et distraction - Distraction par le maniement d'appareils techniques dans la voiture (radio, système de navigation, chauffage, etc.)",Versoix,Jour,Beau temps,Avec dommages matériels,2500375.126,1127140.921,Route sèche,Autoroute,140000.0,Mardi,0,0,0,0,0,0,0,0,0,0,0,0,1,0,0,0,0.0,0.0,0,0,,,2022,2500375.13,1127140.92,6.14585966117646,46.28827979878698
34334,47553,220712092,20220712,Accident par tamponnement,Collision avec un véhicule en marche,Inattention et distraction - Manque d'attention momentané,Genève,Jour,Beau temps,Avec blessés graves,2500265.718,1116951.71,Route sèche,Route principale,80000.0,Mardi,0,0,0,1,0,0,1,0,0,0,0,0,1,0,0,0,0.0,0.0,0,0,,,2022,2500265.72,1116951.71,6.146620506761675,46.19661783081292
34335,47554,220920048,20220905,Accident par tamponnement,Collision avec véhicule à l'arrêt,Etat de la personne - Influence de l'alcool,Genève,Nuit,Beau temps,Avec dommages matériels,2497903.121,1118542.443,Route sèche,Route principale,210000.0,Lundi,0,0,0,0,0,0,0,0,0,0,0,0,2,0,0,0,0.0,0.0,0,0,,,2022,2497903.12,1118542.44,6.115671555550087,46.210570729803884
34336,47555,220822007,20220821,Dérapage ou perte de maîtrise,Sans collision,Inattention et distraction - Manque d'attention momentané,Genève,Nuit,Beau temps,Avec blessés graves,2499802.09,1119616.108,Route sèche,Route secondaire,220000.0,Dimanche,0,0,0,1,0,0,1,0,0,0,0,0,0,0,0,0,0.0,0.0,0,0,,,2022,2499802.09,1119616.11,6.1400433385406785,46.22051348445898
34337,47556,220111235,20220111,Accident impliquant des piétons,Piéton traversant la chaussée touché par un véhicule circulant en ligne droite,Priorité - Ne pas accorder la priorité à un passage pour piétons,Carouge (GE),Jour,Temps couvert,Avec blessés graves,2499741.813,1115852.783,Route sèche,Route secondaire,130000.0,Mardi,0,0,0,1,0,1,0,0,0,0,0,0,0,1,0,0,0.0,0.0,0,0,,,2022,2499741.81,1115852.78,6.140070608180588,46.1866557353152
34338,47557,220716023,20220715,Accident lors d'un dépassement ou lors d'un changement de voie de circulation,Collision lors du changement de voie vers la gauche,Conduite - Manque d'égards en changeant de voie,Genève,Jour,Beau temps,Avec blessés légers,2499765.403,1117746.332,Route sèche,Route principale,160000.0,Vendredi,0,0,1,0,0,0,0,0,0,0,0,1,1,0,0,0,0.0,0.0,0,0,,,2022,2499765.4,1117746.33,6.1399695759595945,46.20369052418898
34339,47558,220512012,20220511,Accident par tamponnement,Collision avec véhicule à l'arrêt,Inattention et distraction - Manque d'attention momentané,Thônex,Jour,Beau temps,Avec dommages matériels,2504845.708,1116397.159,Route sèche,Route principale,160000.0,Mercredi,0,0,0,0,0,0,0,0,0,0,0,0,2,0,0,0,0.0,0.0,0,0,,,2022,2504845.71,1116397.16,6.2060558343379695,46.19229378842257
34340,47559,220917013,20220917,Dérapage ou perte de maîtrise,Collision avec un obstacle hors de la chaussée,Etat de la personne - Influence de l'alcool,Bernex,Nuit,Temps couvert,Avec blessés légers,2494539.929,1116654.188,Route humide,Route secondaire,10000.0,Samedi,0,0,1,0,0,0,0,0,1,0,0,0,0,0,0,0,0.0,0.0,0,0,,,2022,2494539.93,1116654.19,6.072526510031143,46.19306810337093
34341,47560,220604012,20220604,Dérapage ou perte de maîtrise,Collision avec un obstacle hors de la chaussée,"Etat de la personne - Excès de fatigue, endormissement (y compris endormissement passager)",Meyrin,Nuit,Beau temps,Avec blessés légers,2497067.001,1120492.92,Route sèche,Route principale,10000.0,Samedi,0,0,1,0,0,0,0,0,0,0,0,0,1,0,0,0,0.0,0.0,0,0,,,2022,2497067.0,1120492.92,6.104408780862679,46.22798641485869
34342,46600,220603227,20220603,Accident par tamponnement,Collision avec véhicule à l'arrêt,Inattention et distraction - Manque d'attention momentané,Genève,Jour,Beau temps,Avec blessés légers,2498882.519,1118152.117,Route sèche,Route principale,170000.0,Vendredi,0,0,1,0,0,0,0,0,0,0,0,0,3,0,0,0,0.0,0.0,0,0,,,2022,2498882.52,1118152.12,6.1284448558895335,46.2072081129468
34343,46601,220601018,20220418,Accident impliquant des piétons,Piéton traversant la chaussée touché par un véhicule circulant en ligne droite,Priorité - Ne pas accorder la priorité à un passage pour piétons,Vernier,Jour,Beau temps,Avec blessés légers,2496366.273,1119473.712,Route sèche,Route principale,170000.0,Lundi,0,0,1,0,0,0,2,0,0,0,0,0,0,0,0,0,0.0,0.0,0,0,,,2022,2496366.27,1119473.71,6.095554014338671,46.218711637837686
34344,46602,220121014,20220120,Accident par tamponnement,Collision avec un véhicule en marche,Conduite - Suivre de trop près le véhicule qui précède,Carouge (GE),Nuit,Beau temps,Avec blessés graves,2499580.68,1114548.948,Route sèche,Route principale,190000.0,Jeudi,0,0,0,1,0,0,1,0,0,0,0,0,1,0,0,0,0.0,0.0,0,0,,,2022,2499580.68,1114548.95,6.138264267530889,46.17490458826514
34345,46603,220226025,20220226,Dérapage ou perte de maîtrise,Collision avec un obstacle hors de la chaussée,Etat de la personne - Influence de l'alcool,Genève,Aurore / crépuscule,Beau temps,Avec dommages matériels,2501775.007,1118281.989,Route sèche,Route principale,60000.0,Samedi,0,0,0,0,0,0,0,0,0,0,0,0,1,0,0,0,0.0,0.0,0,0,,,2022,2501775.01,1118281.99,6.165889469335834,46.20880512529359
34346,46604,220114171,20220108,Accident en parquant,Avec violation de l'obligation de déclarer,Cause inconnue - Véhicule stationné (omission de la déclaration obligatoire),Carouge (GE),Nuit,Autre,Avec dommages matériels,2499801.453,1115675.037,Autre,Route secondaire,0.0,Samedi,0,0,0,0,0,0,0,0,0,0,0,0,0,0,0,0,0.0,0.0,0,0,,,2022,2499801.45,1115675.04,6.140881075267092,46.18506596781786
34347,46605,220219030,20220219,Dérapage ou perte de maîtrise,Collision avec un obstacle hors de la chaussée,Etat de la personne - Influence de l'alcool,Cologny,Jour,Beau temps,Avec blessés légers,2502909.259,1119660.993,Route sèche,Route principale,80000.0,Samedi,0,0,1,0,0,0,0,0,0,0,0,1,0,0,0,0,0.0,0.0,0,0,,,2022,2502909.26,1119660.99,6.180297065581835,46.221373263725944
34348,46606,99900060816548,20220521,Accident en parquant,Avec violation de l'obligation de déclarer,Cause inconnue - Véhicule stationné (omission de la déclaration obligatoire),Genève,Nuit,Autre,Avec dommages matériels,2501607.371,1116976.505,Autre,Route secondaire,230000.0,Samedi,0,0,0,0,0,0,0,0,0,0,0,0,0,0,0,0,0.0,0.0,0,0,,,2022,2501607.37,1116976.5,6.163992849338195,46.197038495619836
34349,46607,220712001,20220711,Dérapage ou perte de maîtrise,"Lors de l'évitement, sans collision",Comportement du piéton / du conducteur d'EAV - Traversée imprudente de la route,Vernier,Nuit,Beau temps,Avec blessés graves,2497260.613,1119526.548,Route sèche,Route principale,220000.0,Lundi,0,0,0,1,0,1,1,0,0,0,0,0,0,0,0,0,0.0,0.0,0,0,,,2022,2497260.61,1119526.55,6.1071307770105205,46.21932421460401
34350,46608,221105014,20221104,Dérapage ou perte de maîtrise,"Lors de l'évitement, sans collision",Conduite - Manque d'égards en changeant de voie,Lancy,Jour,Temps couvert,Avec blessés légers,2497499.821,1117626.487,Route sèche,Route principale,140000.0,Vendredi,0,0,1,0,0,0,0,0,0,0,0,1,2,0,0,0,0.0,0.0,0,0,,,2022,2497499.82,1117626.49,6.110647745029954,46.20227101064583
34351,46609,220421343,20220421,Dérapage ou perte de maîtrise,Collision avec un obstacle hors de la chaussée,Inattention et distraction - Manque d'attention momentané,Genève,Jour,Beau temps,Avec dommages matériels,2499081.0,1119095.491,Route sèche,Route principale,200000.0,Jeudi,0,0,0,0,0,0,0,0,0,0,0,0,1,0,0,0,0.0,0.0,0,0,,,2022,2499081.0,1119095.49,6.130812094691032,46.215722942143145
34352,46610,220825013,20220825,Dérapage ou perte de maîtrise,Collision avec un obstacle hors de la chaussée,Etat de la personne - Influence de l'alcool,Genthod,Nuit,Beau temps,Avec dommages matériels,2501142.251,1123730.589,Route sèche,Route principale,10000.0,Jeudi,0,0,0,0,0,0,0,0,0,0,0,0,1,0,0,0,0.0,0.0,0,0,,,2022,2501142.25,1123730.59,6.156536598271206,46.257719290094315
34353,46611,220321004,20220320,Dérapage ou perte de maîtrise,"Lors de l'évitement, avec collision",Inattention et distraction - Manque d'expérience pratique de la conduite,Genève,Nuit,Beau temps,Avec dommages matériels,2500445.503,1117980.988,Route sèche,Route principale,220000.0,Dimanche,0,0,0,0,0,0,0,0,0,0,0,0,4,0,0,0,0.0,0.0,0,0,,,2022,2500445.5,1117980.99,6.148729554912606,46.205902212135186
34354,46612,220827081,20220827,Dérapage ou perte de maîtrise,Sans collision,Inattention et distraction - Manque d'attention momentané,Genève,Jour,Beau temps,Avec blessés légers,2498360.677,1117395.065,Route sèche,Route secondaire,150000.0,Samedi,0,0,1,0,0,0,0,0,0,0,0,1,0,0,0,0,0.0,0.0,0,0,,,2022,2498360.68,1117395.07,6.121849384848038,46.2003202513873
34355,46613,220321230,20220317,Dérapage ou perte de maîtrise,Collision avec un obstacle hors de la chaussée,Inattention et distraction - Manque d'attention momentané,Bernex,Jour,Beau temps,Avec blessés graves,2495548.16,1115035.932,Route sèche,Route principale,170000.0,Jeudi,0,0,0,1,0,0,0,0,0,0,0,1,0,0,0,0,0.0,0.0,0,0,,,2022,2495548.16,1115035.93,6.085946329168147,46.178670448205686
34356,46614,220111255,20220111,Accident lors d'un dépassement ou lors d'un changement de voie de circulation,Collision avec le véhicule dépassé en déboîtant,Dépassement - Dépassement par la droite,Vernier,Jour,Temps couvert,Avec dommages matériels,2494789.95,1118045.992,Route sèche,Autoroute,150000.0,Mardi,0,0,0,0,0,0,0,0,0,0,0,0,2,0,0,0,0.0,0.0,0,0,,,2022,2494789.95,1118045.99,6.0754509232734,46.20562545308605
34357,46615,4404,20220416,Dérapage ou perte de maîtrise,Collision avec un obstacle hors de la chaussée,"Etat de la personne - Excès de fatigue, endormissement (y compris endormissement passager)",Céligny,Jour,Beau temps,Avec dommages matériels,2502808.025,1134449.224,Route sèche,Autoroute,130000.0,Samedi,0,0,0,0,0,0,0,0,0,0,0,0,1,0,0,0,0.0,0.0,0,0,,,2022,2502808.02,1134449.22,6.175896158303118,46.354370766693975
34358,46616,220520223,20220519,Accident par tamponnement,Collision avec un véhicule en marche,Dépassement - Autre attitude fautive en rapport avec un dépassement,Genève,Jour,Beau temps,Avec dommages matériels,2501326.85,1117443.547,Route sèche,Route principale,160000.0,Jeudi,0,0,0,0,0,0,1,0,0,0,0,1,0,0,0,0,0.0,0.0,0,0,,,2022,2501326.85,1117443.55,6.160260697884563,46.20119821633807
34359,46617,221009057,20221009,Dérapage ou perte de maîtrise,"Lors de l'évitement, avec collision","Conduite - Arrêt (freinage) sans raison sur la chaussée, arrêt intempestif",Collonge-Bellerive,Jour,Beau temps,Avec blessés légers,2505773.517,1122595.0,Route sèche,Route principale,130000.0,Dimanche,0,0,1,0,0,0,1,0,0,0,0,0,1,0,0,0,0.0,0.0,0,0,,,2022,2505773.52,1122595.0,6.216820309079157,46.248171010087034
34360,46618,220904083,20220904,Dérapage ou perte de maîtrise,Sans collision,Etat de la personne - Influence de l'alcool,Cologny,Jour,Beau temps,Avec blessés légers,2502800.419,1117940.178,Route sèche,Route principale,200000.0,Dimanche,0,0,1,0,0,0,1,0,0,0,0,0,0,0,0,0,0.0,0.0,0,0,,,2022,2502800.42,1117940.18,6.179245182964034,46.2058798051927
34361,47000,220711457,20220711,Accident en parquant,Collision avec un obstacle fixe (y compris véhicule correctement stationné),Conduite - Marche arrière imprudente,Versoix,Jour,Beau temps,Avec dommages matériels,2501853.516,1125459.903,Route sèche,Route secondaire,200000.0,Lundi,0,0,0,0,0,0,0,0,0,0,0,0,1,0,0,0,0.0,0.0,0,0,,,2022,2501853.52,1125459.9,6.1653951244911545,46.27337778428778
34362,47001,221019086,20221018,Accident par tamponnement,Collision avec un véhicule en marche,Conduite - Suivre de trop près le véhicule qui précède,Plan-les-Ouates,Jour,Beau temps,Avec dommages matériels,2497583.552,1113082.421,Route sèche,Autoroute,180000.0,Mardi,0,0,0,0,0,0,0,0,0,0,0,0,1,1,0,0,0.0,0.0,0,0,,,2022,2497583.55,1113082.42,6.112728637900436,46.16141303791186
34363,47002,220828002,20220827,Accident en s'engageant sur une route,Collision en obliquant à gauche avec le trafic venant de gauche,Signalisation - Inobservation d'un signal,Genève,Nuit,Beau temps,Avec blessés graves,2500806.036,1117329.228,Route sèche,Route principale,220000.0,Samedi,0,0,0,1,0,0,0,0,0,0,0,1,1,0,0,0,0.0,0.0,0,0,,,2022,2500806.04,1117329.23,6.153538706829592,46.20009333033203
34364,47003,221013009,20220903,Accident par tamponnement,Collision avec véhicule à l'arrêt,Inattention et distraction - Manque d'attention momentané,Chêne-Bougeries,Nuit,Beau temps,Avec dommages matériels,2503443.641,1116975.609,Route sèche,Route principale,40000.0,Samedi,0,0,0,0,0,0,0,0,0,0,0,0,2,0,0,0,0.0,0.0,0,0,,,2022,2503443.64,1116975.61,6.187777408375265,46.197296732463414
34365,47004,220816253,20220816,Accident lors d'un dépassement ou lors d'un changement de voie de circulation,Frôlement latéral avec le véhicule dépassé,Dépassement - En dépassant de trop près (latéral),Jussy,Jour,Beau temps,Avec blessés légers,2511299.402,1119981.226,Route sèche,Route principale,90000.0,Mardi,0,0,1,0,0,0,1,0,0,0,0,1,1,0,0,0,0.0,0.0,0,0,,,2022,2511299.4,1119981.23,6.288960608216861,46.225413622601174
34366,47005,220401033,20220331,Accident en quittant une route,Collision en obliquant à gauche avec le trafic venant en sens inverse,Priorité - Priorité en obliquant à gauche devant des véhicules venant en sens inverse,Carouge (GE),Jour,Temps couvert,Avec blessés légers,2500677.806,1115534.645,Route sèche,Route principale,150000.0,Jeudi,0,0,1,0,0,0,0,0,0,0,0,1,2,0,0,0,0.0,0.0,0,0,,,2022,2500677.81,1115534.64,6.152259448285459,46.18393316993603
34367,47006,221112067,20221112,Accident en parquant,Collision avec une portière ouverte,Utilisation du véhicule - Ouverture imprudente de la portière,Genève,Jour,Temps couvert,Avec blessés légers,2499125.67,1118766.699,Route sèche,Route principale,120000.0,Samedi,0,0,1,0,0,0,0,1,0,0,0,0,1,0,0,0,0.0,0.0,0,0,,,2022,2499125.67,1118766.7,6.13146196366148,46.212772395071035
34368,47007,220324179,20220319,Dérapage ou perte de maîtrise,Collision avec un obstacle hors de la chaussée,Inattention et distraction - Manque d'attention momentané,Vernier,Nuit,Beau temps,Avec dommages matériels,2496495.096,1118265.489,Route sèche,Route secondaire,230000.0,Samedi,0,0,0,0,0,0,0,0,0,0,0,0,1,0,0,0,0.0,0.0,0,0,,,2022,2496495.1,1118265.49,6.09749134733258,46.207864414174715
34369,47008,220418004,20220418,Autres,Autres,Etat de la personne - Influence de l'alcool,Vernier,Nuit,Beau temps,Avec dommages matériels,2497376.236,1118263.162,Route sèche,Autre,20000.0,Lundi,0,0,0,0,0,0,0,0,0,0,0,0,2,0,0,0,0.0,0.0,0,0,,,2022,2497376.24,1118263.16,6.108906950249081,46.20797856139153
34370,47009,220722103,20220713,Accident impliquant des animaux,Collision avec un animal domestique (D),Inattention et distraction - Manque d'attention momentané,Versoix,Nuit,Beau temps,Avec dommages matériels,2502105.124,1125973.863,Route sèche,Route secondaire,220000.0,Mercredi,0,0,0,0,0,0,1,0,0,0,0,0,0,0,0,0,0.0,0.0,0,0,,,2022,2502105.12,1125973.86,6.1685504634157935,46.27803730287183
34371,47010,220630154,20220626,Accident par tamponnement,Collision avec véhicule à l'arrêt,Inattention et distraction - Manque d'attention momentané,Genève,Jour,Beau temps,Avec dommages matériels,2501647.514,1117307.845,Route sèche,Route principale,190000.0,Dimanche,0,0,0,0,0,0,0,0,0,0,0,0,2,0,0,0,0.0,0.0,0,0,,,2022,2501647.51,1117307.84,6.164442953640137,46.200024576155236