,OBJECTID,ID_ACCIDENT,DATE_,GROUPE_ACCIDENT,TYPE,CAUSE,COMMUNE,CONDITIONS_LUMINEUSES,CONDITIONS_METEO,CONSEQUENCES,COOR_X,COOR_Y,ETAT_ROUTE,GENRE_ROUTE,HEURE,JOUR,NB_ENFANTS_IMPLIQUES,NB_ENFANTS_ECOLE,NB_BLESSES_LEGERS,NB_BLESSES_GRAVES,NB_TUES,NB_PIETONS,NB_BICYCLETTES,NB_VAE_25,NB_VAE_45,NB_CYCLOMOTEURS,NB_MOTOS_50,NB_MOTOS,NB_VOITURES_TOURISME,NB_VOITURES_LIVRAISON,NB_CAMIONS,NB_BUS,NB_TRAM,NB_TRAINS,NB_SENIORS,NB_TC,REF_GROUPE_CAUSE,TOTAL_PERSONNES,ANNEE,E,N,LATITUDE,LONGITUDE
34372,47011,220419256,20220419,Dérapage ou perte de maîtrise,Collision avec un obstacle hors de la chaussée,Inattention et distraction - Manque d'attention momentané,Meinier,Jour,Beau temps,Avec dommages matériels,2506776.027,1122225.968,Route sèche,Route principale,140000.0,Mardi,0,0,0,0,0,0,0,0,0,0,0,0,1,0,0,0,0.0,0.0,0,0,,,2022,2506776.03,1122225.97,6.229891509931709,46.244991651579824
34373,47012,220401110,20220331,Dérapage ou perte de maîtrise,Collision avec un autre usager de la route,Inattention et distraction - Manque d'attention momentané,Genève,Jour,Temps couvert,Avec blessés légers,2501136.429,1115340.081,Route sèche,Route principale,160000.0,Jeudi,0,0,1,0,0,0,1,0,0,0,0,0,1,0,0,0,0.0,0.0,0,0,,,2022,2501136.43,1115340.08,6.158239460868489,46.182250804157015
34374,47013,220703062,20220619,Accident en parquant,Collision avec un obstacle fixe (y compris véhicule correctement stationné),Inattention et distraction - Manque d'attention momentané,Genève,Nuit,Beau temps,Avec dommages matériels,2500913.403,1117465.627,Route sèche,Route principale,40000.0,Dimanche,0,0,0,0,0,0,0,0,0,0,0,0,1,0,0,0,0.0,0.0,0,0,,,2022,2500913.4,1117465.63,6.154900406892856,46.20133599810315
34375,47014,220216238,20220216,Collision frontale,Collision frontale avec le trafic venant en sens inverse (sans dépassement),"Vitesse - Inadaptée au tracé de la route (virage serré, proximité d'une intersection, etc.)",Cologny,Jour,Pluie,Avec blessés légers,2502471.532,1118060.012,Route mouillée,Route principale,140000.0,Mercredi,0,0,1,0,0,0,0,0,0,0,0,0,3,0,0,0,0.0,0.0,0,0,,,2022,2502471.53,1118060.01,6.174959496630152,46.20690996830727
34376,47015,220612015,20220611,Accident par tamponnement,Collision avec véhicule à l'arrêt,Inattention et distraction - Manque d'attention momentané,Veyrier,Jour,Beau temps,Avec blessés graves,2501755.989,1114528.698,Route sèche,Route principale,190000.0,Samedi,2,0,0,1,0,0,0,0,0,0,0,1,1,0,0,0,0.0,0.0,0,0,,,2022,2501755.99,1114528.7,6.1664327609262966,46.175043726323686
34377,47016,220707246,20220707,Accident en parquant,Collision avec un autre usager de la route,Priorité - Autres attitude fautive en lien avec la priorité,Genève,Jour,Beau temps,Avec blessés légers,2500186.802,1116301.862,Route sèche,Route secondaire,130000.0,Jeudi,0,0,1,0,0,0,0,0,0,0,0,1,1,0,0,0,0.0,0.0,0,0,,,2022,2500186.8,1116301.86,6.145737229509169,46.19076112690835
34378,47017,221127019,20221127,Dérapage ou perte de maîtrise,Sans collision,Etat de la personne - Influence de l'alcool,Chêne-Bougeries,Nuit,Beau temps,Avec blessés graves,2503286.516,1116186.872,Route sèche,Route principale,50000.0,Dimanche,0,0,0,1,0,0,0,0,0,0,0,1,0,0,0,0,0.0,0.0,0,0,,,2022,2503286.52,1116186.87,6.1859056755812585,46.1901798694072
34379,47018,220728227,20220728,Dérapage ou perte de maîtrise,Collision avec un obstacle hors de la chaussée,Etat de la personne - Influence de l'alcool,Genève,Jour,Beau temps,Avec blessés légers,2499877.322,1117488.258,Route sèche,Route secondaire,160000.0,Jeudi,0,0,1,0,0,0,0,0,0,0,0,0,1,0,0,0,0.0,0.0,0,0,,,2022,2499877.32,1117488.26,6.1414747459028876,46.20138602712698
34380,47200,220304065,20220228,Accident par tamponnement,Collision avec véhicule à l'arrêt,Conduite - Suivre de trop près le véhicule qui précède,Lancy,Jour,Beau temps,Avec dommages matériels,2498335.0,1115606.581,Route sèche,Route principale,80000.0,Lundi,0,0,0,0,0,0,0,0,0,0,0,2,0,0,0,0,0.0,0.0,0,0,,,2022,2498335.0,1115606.58,6.121906148244559,46.18423010879378
34381,47201,220303111,20220302,Accident en parquant,Avec violation de l'obligation de déclarer,Cause inconnue - Véhicule stationné (omission de la déclaration obligatoire),Le Grand-Saconnex,Nuit,Beau temps,Avec dommages matériels,2497496.161,1120888.645,Route sèche,Autre,210000.0,Mercredi,0,0,0,0,0,0,0,0,0,0,0,0,0,0,0,0,0.0,0.0,0,0,,,2022,2497496.16,1120888.64,6.109883579669976,46.231611252169
34382,47202,220314080,20220314,Accident par tamponnement,Collision avec un véhicule en marche,Conduite - Suivre de trop près le véhicule qui précède,Confignon,Jour,Beau temps,Avec dommages matériels,2496164.487,1114010.573,Route sèche,Autoroute,70000.0,Lundi,0,0,0,0,0,0,0,0,0,0,0,0,2,0,0,0,0.0,0.0,0,0,,,2022,2496164.49,1114010.57,6.094154383073431,46.169543530588264
34383,47203,220427094,20220426,Accident impliquant des piétons,Piéton traversant la chaussée touché par un véhicule circulant en ligne droite,Comportement du piéton / du conducteur d'EAV - Traversée imprudente de la route,Bellevue,Jour,Beau temps,Avec blessés graves,2500602.755,1123812.89,Route sèche,Route principale,110000.0,Mardi,1,0,0,1,0,1,0,0,0,0,0,0,1,0,0,0,0.0,0.0,0,0,,,2022,2500602.75,1123812.89,6.149523395416702,46.25837989383293
34384,47204,220724024,20220724,Dérapage ou perte de maîtrise,Collision avec un obstacle hors de la chaussée,Inattention et distraction - Manque d'attention momentané,Bellevue,Jour,Beau temps,Avec tués,2499403.493,1123813.595,Route sèche,Autoroute,90000.0,Dimanche,0,0,0,0,2,0,0,0,0,0,0,0,1,0,0,0,0.0,0.0,0,0,,,2022,2499403.49,1123813.59,6.1339724243302785,46.2582076138596
34385,47205,220220017,20220220,Accident en traversant une route,Collision avec le trafic traversant depuis la droite,Priorité - Non-respect de la priorité de droite,Genève,Nuit,Beau temps,Avec dommages matériels,2500275.936,1118474.548,Route sèche,Route secondaire,40000.0,Dimanche,0,0,0,0,0,0,1,0,0,0,0,0,1,0,0,0,0.0,0.0,0,0,,,2022,2500275.94,1118474.55,6.146427510283267,46.210316343464385
34386,47206,220625026,20220625,Accident en parquant,Collision avec un obstacle fixe (y compris véhicule correctement stationné),Conduite - Marche arrière imprudente,Genève,Jour,Beau temps,Avec dommages matériels,2500253.984,1118497.397,Route sèche,Route secondaire,80000.0,Samedi,0,0,0,0,0,0,0,0,0,0,0,0,1,0,0,0,0.0,0.0,1,0,,,2022,2500253.98,1118497.4,6.14613812095112,46.21051860646856
34387,47207,220110175,20220103,Accident en parquant,Collision avec un obstacle fixe (y compris véhicule correctement stationné),Cause inconnue - Cause inconnue,Genève,Inconnu,Autre,Avec dommages matériels,2499406.78,1118872.235,Autre,Route principale,80000.0,Lundi,0,0,0,0,0,0,0,0,0,0,0,0,0,0,0,0,0.0,0.0,0,0,,,2022,2499406.78,1118872.23,6.135081315302395,46.2137637018441
34388,47208,220427172,20220426,Accident lors d'un dépassement ou lors d'un changement de voie de circulation,Collision lors du changement de voie vers la gauche,Conduite - Manque d'égards en changeant de voie,Genève,Jour,Beau temps,Avec dommages matériels,2501622.952,1118198.16,Route sèche,Route principale,160000.0,Mardi,0,0,0,0,0,0,0,0,0,0,0,0,2,0,0,0,0.0,0.0,1,0,,,2022,2501622.95,1118198.16,6.163937161341392,46.208028885038935
34389,47209,221004289,20221004,Accident par tamponnement,Collision avec véhicule à l'arrêt,Inattention et distraction - Manque d'attention momentané,Genève,Jour,Beau temps,Avec dommages matériels,2501876.026,1117180.164,Route sèche,Route principale,140000.0,Mardi,0,0,0,0,0,0,0,0,0,0,0,0,1,0,1,0,0.0,0.0,0,0,,,2022,2501876.03,1117180.16,6.1674298586394505,46.1989095638276
34390,47210,220724077,20220724,Accident par tamponnement,Collision avec un véhicule en marche,Inattention et distraction - Manque d'attention momentané,Genève,Aurore / crépuscule,Beau temps,Avec dommages matériels,2499745.751,1117352.372,Route sèche,Route principale,190000.0,Dimanche,0,0,0,0,0,0,0,0,0,0,0,0,2,0,0,0,0.0,0.0,0,0,,,2022,2499745.75,1117352.37,6.139799645510024,46.200144174547106
34391,47211,220910010,20220910,Dérapage ou perte de maîtrise,Collision avec un obstacle hors de la chaussée,Etat de la personne - Influence de l'alcool,Chêne-Bougeries,Nuit,Beau temps,Avec dommages matériels,2502427.292,1117149.866,Route sèche,Route secondaire,40000.0,Samedi,0,0,0,0,0,0,0,0,0,0,0,0,1,0,0,0,0.0,0.0,0,0,,,2022,2502427.29,1117149.87,6.1745766373845665,46.198717359070805
34392,47212,220425061,20220415,Accident en parquant,Avec violation de l'obligation de déclarer,Cause inconnue - Véhicule stationné (omission de la déclaration obligatoire),Thônex,Jour,Autre,Avec dommages matériels,2504276.013,1115906.483,Autre,Autre,120000.0,Vendredi,0,0,0,0,0,0,0,0,0,0,0,0,0,0,0,0,0.0,0.0,0,0,,,2022,2504276.01,1115906.48,6.198777982255812,46.18779951334086
34393,47213,220401135,20220322,Accident par tamponnement,"Collision avec un véhicule en marche, en reculant",Conduite - Marche arrière imprudente,Genève,Jour,Autre,Avec dommages matériels,2501084.323,1117356.968,Route sèche,Autre,140000.0,Mardi,0,0,0,0,0,0,0,0,0,0,0,0,2,0,0,0,0.0,0.0,0,0,,,2022,2501084.32,1117356.97,6.157137443221616,46.20038383864978
34394,47214,221005262,20221005,Accident lors d'un dépassement ou lors d'un changement de voie de circulation,Autre cas d'accident lors d'un dépassement ou lors d'un changement de voie de circulation,Dépassement - Moto circulant entre les colonnes,Collonge-Bellerive,Jour,Beau temps,Avec dommages matériels,2505695.016,1122446.887,Route sèche,Route principale,170000.0,Mercredi,0,0,0,0,0,0,0,0,0,0,0,1,1,0,0,0,0.0,0.0,0,0,,,2022,2505695.02,1122446.89,6.2158325476933,46.24682781415114
34395,47215,220503001,20220502,Accident par tamponnement,Collision avec véhicule à l'arrêt,Etat de la personne - Influence de l'alcool,Vernier,Nuit,Beau temps,Avec blessés légers,2497473.546,1119394.222,Route sèche,Route principale,210000.0,Lundi,0,0,1,0,0,0,0,0,0,0,0,1,1,0,0,0,0.0,0.0,0,0,,,2022,2497473.55,1119394.22,6.10991906094085,46.218166517064795
34396,47216,220417021,20220417,Dérapage ou perte de maîtrise,Sans collision,Etat de la personne - Influence de l'alcool,Lancy,Jour,Beau temps,Avec blessés légers,2499061.524,1114414.613,Route sèche,Route principale,70000.0,Dimanche,0,0,1,0,0,0,0,0,0,0,0,0,0,0,0,0,0.0,0.0,0,0,,,2022,2499061.52,1114414.61,6.131571654809391,46.17361857507687
34397,47217,220406256,20220406,Accident en parquant,Avec violation de l'obligation de déclarer,Cause inconnue - Véhicule stationné (omission de la déclaration obligatoire),Genève,Inconnu,Autre,Avec dommages matériels,2499118.298,1118568.294,Autre,Route principale,150000.0,Mercredi,0,0,0,0,0,0,0,0,0,0,0,0,0,0,0,0,0.0,0.0,0,0,,,2022,2499118.3,1118568.29,6.131409373994544,46.21098671955935
34398,47434,220704238,20220629,Accident lors d'un dépassement ou lors d'un changement de voie de circulation,Collision lors du changement de voie vers la droite,Conduite - Manque d'égards en changeant de voie,Carouge (GE),Jour,Beau temps,Avec dommages matériels,2500059.895,1115163.35,Route sèche,Route principale,60000.0,Mercredi,0,0,0,0,0,0,0,0,0,0,0,0,2,0,0,0,0.0,0.0,1,0,,,2022,2500059.89,1115163.35,6.144337247316948,46.180502102027255
34399,47435,221009003,20220928,Collision frontale,Frôlement avec le trafic en sens inverse (sans dépassement),Conduite - Croisement longitudinal non conforme ou circulation trop à gauche,Vernier,Jour,Beau temps,Avec dommages matériels,2495961.179,1119599.643,Route sèche,Route principale,150000.0,Mercredi,0,0,0,0,0,0,0,0,0,0,0,0,1,0,0,0,0.0,0.0,0,0,,,2022,2495961.18,1119599.64,6.090276999026156,46.2197816980141
34400,47436,220830331,20220830,Accident en s'engageant sur une route,Collision en s'engageant depuis le bord de la route,Priorité - Non-respect du signal de priorité «Cédez le passage»,Vernier,Jour,Pluie,Avec dommages matériels,2496342.667,1119132.829,Route mouillée,Autoroute,170000.0,Mardi,0,0,0,0,0,0,0,0,0,0,0,0,1,0,0,0,0.0,0.0,0,0,,,2022,2496342.67,1119132.83,6.0953239589164845,46.215642026406066
34401,47437,220311014,20220310,Accident lors d'un dépassement ou lors d'un changement de voie de circulation,Collision lors du changement de voie vers la droite,Conduite - Manque d'égards en changeant de voie,Genève,Jour,Beau temps,Avec blessés légers,2500501.364,1119473.57,Route sèche,Route principale,140000.0,Jeudi,0,0,1,0,0,0,0,0,0,0,0,1,1,0,0,0,0.0,0.0,0,0,,,2022,2500501.36,1119473.57,6.149134906174647,46.2193353232264
34402,47438,220420333,20220419,Accident en parquant,Collision avec un autre usager de la route,Conduite - Marche arrière imprudente,Genève,Jour,Beau temps,Avec dommages matériels,2500507.454,1117822.639,Route sèche,Autre,180000.0,Mardi,0,0,0,0,0,0,0,0,0,0,0,0,2,0,0,0,0.0,0.0,1,0,,,2022,2500507.45,1117822.64,6.149565846245033,46.20448712387403
34403,47439,220323203,20220323,Accident en quittant une route,Collision en obliquant à gauche avec le trafic venant en sens inverse,Priorité - Priorité en obliquant à gauche devant des véhicules venant en sens inverse,Meyrin,Jour,Beau temps,Avec blessés légers,2495389.226,1119728.645,Route sèche,Route principale,140000.0,Mercredi,0,0,1,0,0,0,0,0,0,0,0,1,1,0,0,0,0.0,0.0,0,0,,,2022,2495389.23,1119728.64,6.082836927556373,46.2208531707225
34404,47440,221005131,20221004,Dérapage ou perte de maîtrise,"Lors de l'évitement, sans collision",Priorité - Autres attitude fautive en lien avec la priorité,Genève,Jour,Temps couvert,Avec dommages matériels,2500851.754,1117674.487,Route sèche,Route principale,190000.0,Mardi,0,0,0,0,0,0,0,0,0,0,0,2,0,0,0,0,0.0,0.0,0,0,,,2022,2500851.75,1117674.49,6.154057459274211,46.20320547653119
34405,47441,220325010,20220325,Dérapage ou perte de maîtrise,Collision avec un obstacle hors de la chaussée,Etat de la personne - Influence de l'alcool,Genève,Nuit,Beau temps,Avec dommages matériels,2500689.304,1116090.189,Route sèche,Route principale,0.0,Vendredi,0,0,0,0,0,0,0,0,0,0,0,0,1,0,0,0,0.0,0.0,0,0,,,2022,2500689.3,1116090.19,6.152290102700505,46.1889316944435
34406,47442,221221189,20221221,Dérapage ou perte de maîtrise,Collision avec un autre usager de la route,Inattention et distraction - Manque d'attention momentané,Perly-Certoux,Jour,Temps couvert,Avec blessés légers,2496133.066,1112350.101,Route humide,Route principale,150000.0,Mercredi,0,0,1,0,0,0,0,0,0,0,0,1,1,0,0,0,0.0,0.0,1,0,,,2022,2496133.07,1112350.1,6.09411657163822,46.154603988175765
34407,47443,220326079,20220326,Collision frontale,Collision frontale avec le trafic venant en sens inverse (sans dépassement),Etat de la personne - Influence de l'alcool,Collonge-Bellerive,Jour,Beau temps,Avec blessés légers,2505266.226,1123753.645,Route sèche,Route principale,80000.0,Samedi,0,0,3,0,0,0,0,0,0,0,0,0,2,0,0,0,0.0,0.0,0,0,,,2022,2505266.23,1123753.64,6.2100078000618435,46.25852105008277
34408,47444,221230109,20221225,Dérapage ou perte de maîtrise,Collision avec un obstacle hors de la chaussée,Inattention et distraction - Distraction par des passagers ou des animaux dans la voiture,Choulex,Nuit,Temps couvert,Avec dommages matériels,2504662.696,1121011.013,Route humide,Route secondaire,200000.0,Dimanche,1,0,0,0,0,0,0,0,0,0,0,0,1,0,0,0,0.0,0.0,0,0,,,2022,2504662.7,1121011.01,6.20274279521697,46.233767063304086
34409,47445,220613212,20220609,Dérapage ou perte de maîtrise,Collision avec un obstacle hors de la chaussée,Etat de la personne - Maladies physiques ou psychiques,Aire-la-Ville,Jour,Beau temps,Avec dommages matériels,2492517.992,1116651.355,Route sèche,Route principale,180000.0,Jeudi,0,0,0,0,0,0,0,0,0,0,0,0,1,0,0,0,0.0,0.0,0,0,,,2022,2492517.99,1116651.36,6.046340585670505,46.19272247670846
34410,47446,220809002,20220808,Accident en s'engageant sur une route,Collision en obliquant à droite avec le trafic venant de gauche,Inattention et distraction - Manque d'attention momentané,Genève,Jour,Beau temps,Avec blessés légers,2499991.414,1117910.172,Route sèche,Route secondaire,180000.0,Lundi,0,0,1,0,0,0,1,0,0,0,0,0,1,0,0,0,0.0,0.0,1,0,,,2022,2499991.41,1117910.17,6.1428622048968,46.2051978243266
34411,47447,220427161,20220330,Accident lors d'un dépassement ou lors d'un changement de voie de circulation,Collision lors du changement de voie vers la droite,Conduite - Manque d'égards en changeant de voie,Genève,Jour,Beau temps,Avec dommages matériels,2501586.506,1116439.484,Route sèche,Route principale,120000.0,Mercredi,0,0,0,0,0,0,0,0,0,0,0,0,2,0,0,0,0.0,0.0,0,0,,,2022,2501586.51,1116439.48,6.1638358567125495,46.192205267178444
34412,47448,220905124,20220905,Accident par tamponnement,Collision avec véhicule à l'arrêt,Inattention et distraction - Manque d'attention momentané,Vernier,Jour,Beau temps,Avec blessés légers,2496531.065,1119359.041,Route sèche,Route principale,80000.0,Lundi,0,0,1,0,0,0,0,0,0,0,0,1,0,0,1,0,0.0,0.0,0,0,,,2022,2496531.07,1119359.04,6.097714837411187,46.21770565546905
34413,47449,220324247,20220324,Accident en traversant une route,Collision avec le trafic traversant depuis la gauche,Priorité - Non-respect du signal de priorité «Stop»,Genève,Jour,Beau temps,Avec dommages matériels,2500034.883,1116631.235,Route sèche,Autre,170000.0,Jeudi,0,0,0,0,0,0,0,0,0,0,0,0,1,0,0,0,1.0,0.0,0,1,,,2022,2500034.88,1116631.23,6.143699209051368,46.19370103175047
34414,47450,220304136,20220304,Accident en traversant une route,Collision avec le trafic traversant depuis la droite,Priorité - Non-respect du signal de priorité «Stop»,Genève,Jour,Beau temps,Avec blessés graves,2501089.505,1115285.481,Route sèche,Route principale,110000.0,Vendredi,0,0,0,1,0,0,0,0,0,0,0,1,1,0,0,0,0.0,0.0,0,0,,,2022,2501089.5,1115285.48,6.157643328263558,46.18175280956163
34415,47451,221027280,20221027,Accident impliquant des piétons,Piéton traversant la chaussée touché par un véhicule circulant en ligne droite,Comportement du piéton / du conducteur d'EAV - Traversée imprudente de la route,Onex,Jour,Beau temps,Avec blessés légers,2497114.026,1115819.535,Route sèche,Route principale,110000.0,Jeudi,0,0,1,0,0,1,0,0,0,0,0,0,0,0,0,0,1.0,0.0,1,1,,,2022,2497114.03,1115819.54,6.106048553925687,46.18595983563021
34416,46619,220426372,20220426,Accident en traversant une route,Collision avec le trafic traversant depuis la gauche,Inattention et distraction - Manque d'attention momentané,Satigny,Jour,Beau temps,Avec blessés graves,2490370.728,1118509.24,Route sèche,Route principale,170000.0,Mardi,0,0,0,1,0,0,1,0,0,0,0,0,1,0,0,0,0.0,0.0,0,0,,,2022,2490370.73,1118509.24,6.018095008977434,46.20908581192007
34417,46620,220113008,20220113,Dérapage ou perte de maîtrise,Collision avec un obstacle hors de la chaussée,Etat de la personne - Influence de l'alcool,Genève,Nuit,Beau temps,Avec dommages matériels,2501822.29,1116981.871,Route sèche,Route principale,10000.0,Jeudi,0,0,0,0,0,0,0,0,0,0,0,0,1,0,0,0,0.0,0.0,0,0,,,2022,2501822.29,1116981.87,6.166775469623141,46.19711821587588
34418,46621,220421332,20220421,Accident en quittant une route,"Collision en obliquant à gauche avec les usagers d'une voie séparée, d'une piste séparée, d'une piste cyclable/voie piétonne séparée, des rails de tramway",Etat de la personne - Influence de stupéfiants,Genève,Jour,Beau temps,Avec blessés légers,2499717.509,1118132.105,Route sèche,Route principale,160000.0,Jeudi,1,0,2,0,0,0,1,0,0,0,0,1,0,0,0,0,0.0,0.0,0,0,,,2022,2499717.51,1118132.11,6.13926631614375,46.20715322729691
34419,46622,220803317,20220803,Accident par tamponnement,"Collision avec véhicule à l'arrêt, en reculant",Conduite - Marche arrière imprudente,Genève,Jour,Beau temps,Avec blessés graves,2499612.68,1117067.957,Route sèche,Route principale,80000.0,Mercredi,0,0,0,1,0,0,1,0,0,0,0,0,1,0,0,0,0.0,0.0,0,0,,,2022,2499612.68,1117067.96,6.138137129750158,46.19756623108101
34420,46623,220422008,20220421,Accident impliquant des piétons,Piéton traversant la chaussée touché par un véhicule circulant en ligne droite,Signalisation lumineuse - Non-respect d'un feu rouge,Genève,Jour,Beau temps,Avec blessés graves,2501884.903,1118348.162,Route sèche,Route principale,190000.0,Jeudi,0,0,0,1,0,1,0,0,0,0,0,0,0,0,0,0,0.0,0.0,0,0,,,2022,2501884.9,1118348.16,6.16729921371376,46.20941633592815
34421,46624,220704272,20220704,Dérapage ou perte de maîtrise,Sans collision,Inattention et distraction - Manque d'attention momentané,Plan-les-Ouates,Jour,Beau temps,Avec blessés légers,2498482.409,1114119.021,Route sèche,Route principale,140000.0,Lundi,0,0,1,0,0,0,0,0,0,0,0,0,0,0,0,0,0.0,0.0,0,0,,,2022,2498482.41,1114119.02,6.124138246200647,46.170872785511555
34422,46625,220518169,20220518,Accident par tamponnement,Collision avec un véhicule en marche,Inattention et distraction - Manque d'attention momentané,Genève,Jour,Beau temps,Avec blessés légers,2501886.007,1118350.989,Route sèche,Route principale,90000.0,Mercredi,0,0,1,0,0,0,0,0,0,0,0,0,2,0,0,0,0.0,0.0,0,0,,,2022,2501886.01,1118350.99,6.167312999219194,46.20944195216207
34423,46626,220108019,20220104,Collision frontale,Frôlement avec le trafic en sens inverse (sans dépassement),Inattention et distraction - Manque d'attention momentané,Genève,Nuit,Pluie,Avec dommages matériels,2499778.05,1117480.939,Route mouillée,Route principale,220000.0,Mardi,0,0,0,0,0,0,0,0,0,0,0,0,1,0,0,1,0.0,0.0,0,1,,,2022,2499778.05,1117480.94,6.140190428079438,46.20130539599311
34424,46627,220225182,20220219,Accident en parquant,Avec violation de l'obligation de déclarer,Cause inconnue - Véhicule stationné (omission de la déclaration obligatoire),Le Grand-Saconnex,Inconnu,Autre,Avec dommages matériels,2497461.0,1120928.0,Autre,Autre,210000.0,Samedi,0,0,0,0,0,0,0,0,0,0,0,0,0,0,0,0,0.0,0.0,0,0,,,2022,2497461.0,1120928.0,6.109419230373398,46.231959903544784
34425,46628,220204150,20220123,Dérapage ou perte de maîtrise,Collision avec un obstacle en manoeuvrant,Conduite - Demi-tour imprudent,Genève,Nuit,Temps couvert,Avec dommages matériels,2500328.954,1117616.001,Route humide,Route principale,50000.0,Dimanche,0,0,0,0,0,0,0,0,0,0,0,0,1,0,0,0,0.0,0.0,0,0,,,2022,2500328.95,1117616.0,6.147297646657463,46.20260208219435
34426,46629,220407104,20220407,Dérapage ou perte de maîtrise,Collision avec un obstacle hors de la chaussée,Inattention et distraction - Manque d'attention momentané,Meyrin,Jour,Temps couvert,Avec dommages matériels,2496919.272,1120246.558,Route humide,Autoroute,80000.0,Jeudi,0,0,0,0,0,0,0,0,0,0,0,0,1,0,0,0,0.0,0.0,0,0,,,2022,2496919.27,1120246.56,6.102548700802279,46.2257479316062
34427,46630,220601287,20220601,Accident par tamponnement,Collision avec un véhicule en marche,"Etat de la personne - Excès de fatigue, endormissement (y compris endormissement passager)",Collonge-Bellerive,Jour,Temps couvert,Avec dommages matériels,2505243.199,1121812.587,Route sèche,Route principale,160000.0,Mercredi,0,0,0,0,0,0,0,0,0,0,0,0,2,0,0,0,0.0,0.0,1,0,,,2022,2505243.2,1121812.59,6.210103914880734,46.24105900715064
34428,46631,220203059,20220102,Accident en parquant,Avec violation de l'obligation de déclarer,Cause inconnue - Véhicule stationné (omission de la déclaration obligatoire),Onex,Jour,Temps couvert,Avec dommages matériels,2496916.661,1116505.76,Route humide,Route principale,170000.0,Dimanche,0,0,0,0,0,0,0,0,0,0,0,0,0,0,0,0,0.0,0.0,0,0,,,2022,2496916.66,1116505.76,6.103341202073516,46.19210166891149
34429,46632,220520009,20220519,Accident par tamponnement,"Collision avec véhicule à l'arrêt, en reculant",Conduite - Marche arrière imprudente,Genève,Nuit,Beau temps,Avec dommages matériels,2500033.645,1118251.935,Route sèche,Route principale,230000.0,Jeudi,0,0,0,0,0,0,0,0,0,0,0,0,2,0,0,0,0.0,0.0,1,0,,,2022,2500033.64,1118251.93,6.143336061649408,46.20827802254775
34430,46633,221227061,20221227,Dérapage ou perte de maîtrise,Autre cas de dérapage ou de perte de maîtrise,Inattention et distraction - Manque d'attention momentané,Le Grand-Saconnex,Jour,Beau temps,Avec blessés légers,2498434.513,1121815.527,Route sèche,Autoroute,130000.0,Mardi,1,0,1,0,0,0,0,0,0,0,0,0,2,0,0,0,0.0,0.0,1,0,,,2022,2498434.51,1121815.53,6.121843227851488,46.24009052013504
34431,46634,220923035,20220922,Collision frontale,Collision frontale avec le trafic venant en sens inverse (sans dépassement),Signalisation lumineuse - Non-respect d'un feu rouge,Carouge (GE),Jour,Beau temps,Avec blessés légers,2499447.668,1114965.814,Route sèche,Route principale,160000.0,Jeudi,0,0,1,0,0,0,0,0,0,0,0,1,0,0,0,0,0.0,0.0,0,0,,,2022,2499447.67,1114965.81,6.136452449670846,46.178634098437925
34432,46635,221215165,20221212,Accident en parquant,Avec violation de l'obligation de déclarer,Cause inconnue - Véhicule stationné (omission de la déclaration obligatoire),Versoix,Jour,Autre,Avec dommages matériels,2501600.0,1127099.0,Autre,Autre,130000.0,Lundi,0,0,0,0,0,0,0,0,0,0,0,0,0,0,0,0,0.0,0.0,0,0,,,2022,2501600.0,1127099.0,6.16176026071422,46.288083446536085
34433,46636,220201280,20220201,Accident en s'engageant sur une route,Collision en s'engageant depuis le bord de la route,Priorité - Autres attitude fautive en lien avec la priorité,Satigny,Jour,Temps couvert,Avec dommages matériels,2493227.484,1120168.645,Route sèche,Route secondaire,120000.0,Mardi,0,0,0,0,0,0,0,0,0,0,0,0,2,0,0,0,0.0,0.0,0,0,,,2022,2493227.48,1120168.64,6.054724576457159,46.224470641823274
34434,47019,221126075,20221126,Accident en s'engageant sur une route,Collision en obliquant à droite avec le trafic venant de gauche,Priorité - Non-respect du signal de priorité «Stop»,Genève,Jour,Beau temps,Avec tués,2499219.532,1119025.953,Route sèche,Route principale,140000.0,Samedi,0,0,0,0,1,0,0,0,0,0,0,1,1,0,0,0,0.0,0.0,0,0,,,2022,2499219.53,1119025.95,6.132622028386001,46.21511826216382
34435,47020,220525263,20220525,Accident par tamponnement,"Collision avec véhicule à l'arrêt, en reculant",Conduite - Marche arrière imprudente,Cologny,Jour,Beau temps,Avec blessés légers,2502724.613,1117680.581,Route sèche,Autre,180000.0,Mercredi,0,0,1,0,0,0,0,0,0,0,0,1,1,0,0,0,0.0,0.0,0,0,,,2022,2502724.61,1117680.58,6.178317200375384,46.203533882883754
34436,47021,220101043,20220101,Accident en parquant,Avec violation de l'obligation de déclarer,Cause inconnue - Véhicule stationné (omission de la déclaration obligatoire),Onex,Nuit,Beau temps,Avec dommages matériels,2496855.0,1116407.742,Route sèche,Route secondaire,10000.0,Samedi,0,0,0,0,0,0,0,0,0,0,0,0,0,0,0,0,0.0,0.0,0,0,,,2022,2496855.0,1116407.74,6.102564286008684,46.19121059276352
34437,47022,220712176,20220707,Accident en parquant,Collision avec un obstacle fixe (y compris véhicule correctement stationné),Conduite - Marche arrière imprudente,Genève,Jour,Beau temps,Avec dommages matériels,2499488.227,1117670.964,Route sèche,Autre,90000.0,Jeudi,0,0,0,0,0,0,0,0,0,0,0,0,1,0,0,0,0.0,0.0,1,0,,,2022,2499488.23,1117670.96,6.136395348215771,46.20297123341245