,OBJECTID,ID_ACCIDENT,DATE_,GROUPE_ACCIDENT,TYPE,CAUSE,COMMUNE,CONDITIONS_LUMINEUSES,CONDITIONS_METEO,CONSEQUENCES,COOR_X,COOR_Y,ETAT_ROUTE,GENRE_ROUTE,HEURE,JOUR,NB_ENFANTS_IMPLIQUES,NB_ENFANTS_ECOLE,NB_BLESSES_LEGERS,NB_BLESSES_GRAVES,NB_TUES,NB_PIETONS,NB_BICYCLETTES,NB_VAE_25,NB_VAE_45,NB_CYCLOMOTEURS,NB_MOTOS_50,NB_MOTOS,NB_VOITURES_TOURISME,NB_VOITURES_LIVRAISON,NB_CAMIONS,NB_BUS,NB_TRAM,NB_TRAINS,NB_SENIORS,NB_TC,REF_GROUPE_CAUSE,TOTAL_PERSONNES,ANNEE,E,N,LATITUDE,LONGITUDE
34438,47023,221111240,20221111,Accident en quittant une route,Collision en obliquant à droite avec le trafic dans le même sens,Priorité - Autres attitude fautive en lien avec la priorité,Genève,Jour,Beau temps,Avec blessés légers,2501246.36,1117491.931,Route sèche,Route principale,80000.0,Vendredi,0,0,1,0,0,1,0,0,0,0,0,1,0,0,1,0,0.0,0.0,0,0,,,2022,2501246.36,1117491.93,6.159207838191257,46.20162154600714
34439,47024,221226046,20221226,Accident par tamponnement,Collision avec véhicule à l'arrêt,Etat de la personne - Influence de l'alcool,Cologny,Jour,Beau temps,Avec dommages matériels,2503879.839,1121063.677,Route sèche,Route principale,100000.0,Lundi,0,0,0,0,0,0,0,0,0,0,0,0,2,0,0,0,0.0,0.0,0,0,,,2022,2503879.84,1121063.68,6.192585050221093,46.23412925196172
34440,47025,220821008,20220821,Dérapage ou perte de maîtrise,Sans collision,Etat de la personne - Influence de l'alcool,Cologny,Nuit,Temps couvert,Avec blessés légers,2504062.032,1121213.258,Route sèche,Route secondaire,30000.0,Dimanche,0,0,1,0,0,0,1,0,0,0,0,0,0,0,0,0,0.0,0.0,0,0,,,2022,2504062.03,1121213.26,6.194915704855321,46.235500687959224
34441,47026,220521049,20220520,Accident en quittant une route,Collision en obliquant à gauche avec le trafic venant en sens inverse,Priorité - Priorité en obliquant à gauche devant des véhicules venant en sens inverse,Meyrin,Jour,Beau temps,Avec dommages matériels,2495355.345,1119748.694,Route sèche,Route principale,160000.0,Vendredi,0,0,0,0,0,0,0,0,0,0,0,1,1,0,0,0,0.0,0.0,0,0,,,2022,2495355.34,1119748.69,6.082393285402522,46.221028229348114
34442,47027,221011202,20220927,Collision frontale,Collision frontale avec le trafic venant en sens inverse (sans dépassement),Priorité - Autres attitude fautive en lien avec la priorité,Carouge (GE),Jour,Beau temps,Avec blessés légers,2499744.927,1114558.498,Route sèche,Route secondaire,120000.0,Mardi,0,0,1,0,0,0,0,0,0,0,0,2,0,0,0,0,0.0,0.0,0,0,,,2022,2499744.93,1114558.5,6.14038878905772,46.17501498794211
34443,47028,220707199,20220707,Accident par tamponnement,Collision avec véhicule à l'arrêt,Inattention et distraction - Manque d'attention momentané,Meinier,Jour,Beau temps,Avec blessés légers,2506516.669,1122025.298,Route sèche,Route principale,80000.0,Jeudi,0,0,2,0,0,0,0,0,0,0,0,0,2,0,0,0,0.0,0.0,1,0,,,2022,2506516.67,1122025.3,6.226569403800202,46.243150670109095
34444,47029,220211078,20220125,Accident en parquant,Collision avec un obstacle fixe (y compris véhicule correctement stationné),Conduite - Marche arrière imprudente,Genève,Jour,Beau temps,Avec dommages matériels,2501471.0,1116470.0,Route sèche,Route principale,120000.0,Mardi,0,0,0,0,0,0,0,0,0,0,0,0,1,0,0,0,0.0,0.0,0,0,,,2022,2501471.0,1116470.0,6.162333408336919,46.192462858838034
34445,47030,220623034,20220618,Dérapage ou perte de maîtrise,Collision avec un obstacle sur la chaussée,Conduite - Marche arrière imprudente,Genève,Jour,Autre,Avec dommages matériels,2500500.681,1117828.407,Route sèche,Autre,160000.0,Samedi,0,0,0,0,0,0,0,0,0,0,0,0,1,0,0,0,0.0,0.0,0,0,,,2022,2500500.68,1117828.41,6.149476916101807,46.20453801940189
34446,47031,220326096,20220316,Accident en traversant une route,Collision avec le trafic traversant depuis la gauche,Priorité - Non-respect du signal de priorité «Stop»,Bellevue,Jour,Beau temps,Avec dommages matériels,2500270.514,1123967.045,Route sèche,Route secondaire,140000.0,Mercredi,0,0,0,0,0,0,0,0,0,0,0,0,2,0,0,0,0.0,0.0,0,0,,,2022,2500270.51,1123967.05,6.1451822183736295,46.25971721169799
34447,47032,220824011,20220822,Accident par tamponnement,Collision avec véhicule à l'arrêt,"Conduite - Arrêt (freinage) sans raison sur la chaussée, arrêt intempestif",Genève,Jour,Beau temps,Avec dommages matériels,2499907.502,1118601.99,Route sèche,Route principale,140000.0,Lundi,0,0,0,0,0,0,0,0,0,0,0,1,1,0,0,0,0.0,0.0,0,0,,,2022,2499907.5,1118601.99,6.141626818182662,46.21140781990515
34448,47033,220604025,20220604,Dérapage ou perte de maîtrise,Sans collision,Etat de la personne - Influence de l'alcool,Lancy,Jour,Beau temps,Avec blessés graves,2498514.248,1115963.483,Route sèche,Route principale,80000.0,Samedi,0,0,0,1,0,0,1,0,0,0,0,0,0,0,0,0,0.0,0.0,0,0,,,2022,2498514.25,1115963.48,6.124149764581545,46.18746725954311
34449,47034,220503349,20220503,Accident lors d'un dépassement ou lors d'un changement de voie de circulation,Frôlement latéral avec le véhicule dépassé,Etat de la personne - Influence de l'alcool,Meyrin,Jour,Beau temps,Avec dommages matériels,2494578.69,1120566.864,Route sèche,Route secondaire,190000.0,Mardi,0,0,0,0,0,0,0,0,0,0,0,0,2,0,0,0,0.0,0.0,1,0,,,2022,2494578.69,1120566.86,6.07214456862048,46.228265664379705
34450,47035,220620419,20220613,Dérapage ou perte de maîtrise,Collision avec un obstacle hors de la chaussée,Inattention et distraction - Manque d'attention momentané,Genève,Nuit,Beau temps,Avec dommages matériels,2502038.169,1117609.987,Route sèche,Route principale,0.0,Lundi,0,0,0,0,0,0,0,0,0,0,0,0,1,0,0,0,0.0,0.0,0,0,,,2022,2502038.17,1117609.99,6.169439841904523,46.20279928101571
34451,47036,220910102,20220910,Dérapage ou perte de maîtrise,Collision avec un autre usager de la route,Etat de la personne - Influence de l'alcool,Thônex,Nuit,Temps couvert,Avec dommages matériels,2504531.839,1116486.109,Route sèche,Route principale,200000.0,Samedi,0,0,0,0,0,0,0,0,0,0,0,0,2,0,0,0,0.0,0.0,1,0,,,2022,2504531.84,1116486.11,6.201972573646428,46.193049351728455
34452,47037,220516467,20220514,Accident lors d'un dépassement ou lors d'un changement de voie de circulation,Collision lors du changement de voie vers la droite,Conduite - Manque d'égards en changeant de voie,Genève,Jour,Beau temps,Avec dommages matériels,2501022.833,1117577.656,Route sèche,Route secondaire,180000.0,Samedi,0,0,0,0,0,0,0,0,0,0,0,0,2,0,0,0,0.0,0.0,0,0,,,2022,2501022.83,1117577.66,6.156294151182439,46.20235976091812
34453,47218,220303007,20220302,Accident en quittant une route,Collision en obliquant à gauche avec le trafic venant en sens inverse,Priorité - Priorité en obliquant à gauche devant des véhicules venant en sens inverse,Chêne-Bougeries,Jour,Beau temps,Avec blessés légers,2503144.661,1116240.395,Route sèche,Route principale,80000.0,Mercredi,0,0,1,0,0,0,0,0,0,0,0,1,1,0,0,0,0.0,0.0,0,0,,,2022,2503144.66,1116240.39,6.184057358971083,46.190640831554454
34454,47219,220527120,20220527,Accident impliquant des piétons,Piéton traversant la chaussée touché par un véhicule circulant en ligne droite,Inattention et distraction - Manque d'attention momentané,Genève,Jour,Beau temps,Avec blessés légers,2499954.752,1118069.988,Route sèche,Route principale,120000.0,Vendredi,0,0,2,0,0,1,1,0,0,0,0,0,0,0,0,0,0.0,0.0,1,0,,,2022,2499954.75,1118069.99,6.142353037735867,46.20662984929855
34455,47220,220202251,20220201,Accident en parquant,Collision avec un obstacle fixe (y compris véhicule correctement stationné),Conduite - Marche arrière imprudente,Genève,Jour,Temps couvert,Avec dommages matériels,2499345.995,1118746.807,Route humide,Route secondaire,170000.0,Mardi,0,0,0,0,0,0,0,0,0,0,0,0,1,0,0,0,0.0,0.0,0,0,,,2022,2499346.0,1118746.81,6.134320882711673,46.21262652973112
34456,47221,220703061,20220703,Accident par tamponnement,Collision avec véhicule à l'arrêt,Inattention et distraction - Manque d'attention momentané,Genève,Jour,Beau temps,Avec dommages matériels,2500836.601,1117015.018,Route sèche,Route principale,150000.0,Dimanche,0,0,0,0,0,0,0,0,0,0,0,0,2,0,0,0,0.0,0.0,0,0,,,2022,2500836.6,1117015.02,6.154001301336049,46.197271712137265
34457,47222,220410063,20220410,Accident en parquant,Collision avec un obstacle fixe (y compris véhicule correctement stationné),Conduite - Marche arrière imprudente,Genève,Jour,Beau temps,Avec dommages matériels,2499798.303,1118125.422,Route sèche,Route secondaire,100000.0,Dimanche,0,0,0,0,0,0,0,0,0,0,0,0,1,0,0,0,0.0,0.0,1,0,,,2022,2499798.3,1118125.42,6.1403143731024725,46.207105103286665
34458,47223,220221333,20220221,Accident en traversant une route,Collision avec le trafic traversant depuis la gauche,Signalisation lumineuse - Non-respect d'un feu rouge,Carouge (GE),Nuit,Pluie,Avec blessés légers,2499164.111,1114723.583,Route mouillée,Route secondaire,70000.0,Lundi,0,0,1,0,0,0,0,0,1,0,0,0,1,0,0,0,0.0,0.0,0,0,,,2022,2499164.11,1114723.58,6.132833189766781,46.17641294377485
34459,47224,220416010,20220416,Dérapage ou perte de maîtrise,Collision avec un obstacle sur la chaussée,Etat de la personne - Influence de l'alcool,Genève,Nuit,Beau temps,Avec blessés légers,2500455.0,1117830.0,Route sèche,Autre,20000.0,Samedi,0,0,1,0,0,0,0,0,0,0,0,0,1,0,0,0,0.0,0.0,0,0,,,2022,2500455.0,1117830.0,6.148884827816244,46.20454555736966
34460,47225,220116009,20220116,Dérapage ou perte de maîtrise,Collision avec un obstacle hors de la chaussée,Inattention et distraction - Manque d'attention momentané,Veyrier,Nuit,Autre,Avec dommages matériels,2500791.548,1113583.772,Route sèche,Route principale,40000.0,Dimanche,0,0,0,0,0,0,0,0,0,0,0,0,1,0,0,0,0.0,0.0,0,0,,,2022,2500791.55,1113583.77,6.154146546860713,46.1664031002063
34461,47226,221020190,20221020,Accident impliquant des piétons,Autre cas d'accident impliquant des piétons,Inattention et distraction - Manque d'attention momentané,Chêne-Bourg,Jour,Pluie,Avec blessés graves,2504044.262,1116650.672,Route mouillée,Route secondaire,90000.0,Jeudi,0,0,0,1,0,1,1,0,0,0,0,0,0,0,0,0,0.0,0.0,0,0,,,2022,2504044.26,1116650.67,6.195623803180754,46.19446006843845
34462,47227,221109089,20221109,Dérapage ou perte de maîtrise,Sans collision,Inattention et distraction - Manque d'attention momentané,Perly-Certoux,Aurore / crépuscule,Pluie,Avec blessés graves,2496284.652,1112484.072,Route mouillée,Route principale,70000.0,Mercredi,0,0,0,1,0,0,0,0,0,0,0,1,0,0,0,0,0.0,0.0,0,0,,,2022,2496284.65,1112484.07,6.096048635888725,46.15583233125265
34463,47228,221104203,20221104,Accident par tamponnement,Collision avec véhicule à l'arrêt,Conduite - Suivre de trop près le véhicule qui précède,Chêne-Bougeries,Jour,Pluie,Avec blessés légers,2502618.716,1117547.37,Route mouillée,Route principale,110000.0,Vendredi,0,0,1,0,0,0,0,0,0,0,0,0,2,0,0,0,0.0,0.0,0,0,,,2022,2502618.72,1117547.37,6.176973287438559,46.20232040269143
34464,47229,221003403,20221003,Dérapage ou perte de maîtrise,Sans collision,Inattention et distraction - Manque d'attention momentané,Vernier,Jour,Beau temps,Avec blessés légers,2497300.756,1119492.879,Route sèche,Route principale,160000.0,Lundi,0,0,1,0,0,0,0,0,0,0,0,1,0,0,0,0,0.0,0.0,0,0,,,2022,2497300.76,1119492.88,6.107658438697377,46.21902751302811
34465,47230,220329004,20220328,Accident lors d'un dépassement ou lors d'un changement de voie de circulation,Collision lors du changement de voie vers la droite,Conduite - Manque d'égards en changeant de voie,Meyrin,Nuit,Beau temps,Avec blessés légers,2495465.322,1120556.13,Route sèche,Route principale,210000.0,Lundi,0,0,1,0,0,0,0,0,0,0,0,1,1,0,0,0,0.0,0.0,0,0,,,2022,2495465.32,1120556.13,6.083637430511717,46.228307675303526
34466,47231,220503355,20220427,Collision frontale,Frôlement avec le trafic en sens inverse (sans dépassement),Inattention et distraction - Manque d'attention momentané,Genève,Jour,Beau temps,Avec dommages matériels,2499271.582,1118357.814,Route sèche,Route principale,180000.0,Mercredi,0,0,0,0,0,0,0,0,0,0,0,0,1,1,0,0,0.0,0.0,0,0,,,2022,2499271.58,1118357.81,6.133440661556604,46.20911657644949
34467,47232,220628011,20220627,Dérapage ou perte de maîtrise,Collision avec un obstacle en manoeuvrant,Conduite - Marche arrière imprudente,Onex,Nuit,Beau temps,Avec dommages matériels,2496569.851,1115026.754,Route sèche,Route principale,220000.0,Lundi,1,0,0,0,0,0,0,0,0,0,0,0,1,0,0,0,0.0,0.0,0,0,,,2022,2496569.85,1115026.75,6.099177142644838,46.17874578263173
34468,47233,220320063,20220320,Dérapage ou perte de maîtrise,Collision avec un obstacle hors de la chaussée,Inattention et distraction - Manque d'attention momentané,Chêne-Bourg,Jour,Beau temps,Avec dommages matériels,2504116.367,1116273.412,Route sèche,Route secondaire,150000.0,Dimanche,0,0,0,0,0,0,0,0,0,0,0,0,1,0,0,0,0.0,0.0,0,0,,,2022,2504116.37,1116273.41,6.196635242033832,46.19107710527297
34469,47234,220505203,20220505,Accident impliquant des piétons,Piéton touché par un véhicule obliquant à gauche,Inattention et distraction - Manque d'attention momentané,Genève,Jour,Pluie,Avec blessés graves,2500614.004,1117676.737,Route mouillée,Route principale,120000.0,Jeudi,0,0,0,1,0,1,0,0,0,0,0,0,1,0,0,0,0.0,0.0,2,0,,,2022,2500614.0,1117676.74,6.150977186380037,46.20319060509144
34470,47235,220518138,20220427,Dérapage ou perte de maîtrise,Collision avec un obstacle sur la chaussée,Etat de la personne - Influence de l'alcool,Genève,Nuit,Beau temps,Avec dommages matériels,2500676.588,1117473.814,Route sèche,Route secondaire,40000.0,Mercredi,0,0,0,0,0,0,0,0,0,0,0,0,1,0,0,0,0.0,0.0,0,0,,,2022,2500676.59,1117473.81,6.151831153993354,46.20137462523766
34471,47452,220718238,20220625,Accident par tamponnement,Collision avec véhicule à l'arrêt,Etat de la personne - Influence de l'alcool,Versoix,Nuit,Beau temps,Avec dommages matériels,2502092.581,1126002.871,Route sèche,Route secondaire,230000.0,Samedi,0,0,0,0,0,0,0,0,0,0,0,0,1,0,0,0,0.0,0.0,0,0,,,2022,2502092.58,1126002.87,6.168381695032539,46.27829640283262
34472,47453,221017451,20221017,Accident en traversant une route,Autre cas d'accident en traversant une route,Conduite - Autre attitude fautive lors des mouvements dans la circulation,Genève,Nuit,Beau temps,Avec blessés légers,2499889.677,1117992.742,Route sèche,Route secondaire,190000.0,Lundi,0,0,1,0,0,0,0,0,0,0,0,0,1,0,0,0,0.0,0.0,0,0,,,2022,2499889.68,1117992.74,6.14152664576237,46.20592534636175
34473,47454,221027110,20221026,Accident en parquant,Avec violation de l'obligation de déclarer,Cause inconnue - Véhicule stationné (omission de la déclaration obligatoire),Genève,Inconnu,Autre,Avec dommages matériels,2501348.445,1115986.259,Autre,Route principale,130000.0,Mercredi,0,0,0,0,0,0,0,0,0,0,0,0,0,0,0,0,0.0,0.0,0,0,,,2022,2501348.45,1115986.26,6.160848411533063,46.188093938937946
34474,47455,220606012,20220604,Accident en parquant,Avec violation de l'obligation de déclarer,Cause inconnue - Véhicule stationné (omission de la déclaration obligatoire),Genève,Inconnu,Autre,Avec dommages matériels,2498607.0,1119362.0,Autre,Route principale,190000.0,Samedi,0,0,0,0,0,0,0,0,0,0,0,0,0,0,0,0,0.0,0.0,0,0,,,2022,2498607.0,1119362.0,6.124612636749696,46.21804868080237
34475,47456,220926013,20220926,Dérapage ou perte de maîtrise,Collision avec un obstacle sur la chaussée,Etat de la personne - Influence de l'alcool,Genève,Nuit,Temps couvert,Avec dommages matériels,2501969.935,1117310.097,Route humide,Route principale,50000.0,Lundi,0,0,0,0,0,0,0,0,0,0,0,0,1,0,0,0,0.0,0.0,0,0,,,2022,2501969.93,1117310.1,6.168618852154493,46.20009199735863
34476,47457,220402108,20220402,Dérapage ou perte de maîtrise,Collision avec un obstacle hors de la chaussée,Etat de la personne - Influence de l'alcool,Lancy,Jour,Temps couvert,Avec dommages matériels,2499131.845,1114366.874,Route sèche,Route principale,170000.0,Samedi,0,0,0,0,0,0,0,0,0,0,0,0,0,1,0,0,0.0,0.0,0,0,,,2022,2499131.84,1114366.87,6.132492381678605,46.17319973507405
34477,47458,220204223,20220204,Accident par tamponnement,Collision avec un véhicule en marche,Etat de la personne - Influence de l'alcool,Bernex,Nuit,Temps couvert,Avec dommages matériels,2494992.738,1116566.817,Route sèche,Autoroute,200000.0,Vendredi,0,0,0,0,0,0,0,0,0,0,0,0,2,0,0,0,0.0,0.0,0,0,,,2022,2494992.74,1116566.82,6.0784106385044865,46.19235314634868
34478,47459,220718453,20220718,Accident par tamponnement,Collision avec un véhicule en marche,Etat de la personne - Influence de l'alcool,Genève,Jour,Beau temps,Avec blessés légers,2498640.287,1119450.191,Route sèche,Route principale,180000.0,Lundi,0,0,1,0,0,0,0,0,0,0,0,1,1,0,0,0,0.0,0.0,0,0,,,2022,2498640.29,1119450.19,6.125024825990263,46.21884691356265
34479,47460,220703060,20220702,Accident en parquant,Collision avec un obstacle fixe (y compris véhicule correctement stationné),Conduite - Marche arrière imprudente,Genève,Jour,Beau temps,Avec dommages matériels,2501834.839,1117658.677,Route sèche,Autre,110000.0,Samedi,0,0,0,0,0,0,0,0,0,0,0,0,1,0,0,0,0.0,0.0,1,0,,,2022,2501834.84,1117658.68,6.1667956925915375,46.20320755706517
34480,47461,220721280,20220721,Dérapage ou perte de maîtrise,Collision avec un obstacle sur la chaussée,Inattention et distraction - Manque d'attention momentané,Meyrin,Jour,Beau temps,Avec blessés légers,2495367.07,1120303.983,Route sèche,Route principale,150000.0,Jeudi,0,0,1,0,0,0,0,0,1,0,0,0,0,0,0,0,0.0,0.0,0,0,,,2022,2495367.07,1120303.98,6.082420712642996,46.22602447965078
34481,47462,221021164,20220530,Dérapage ou perte de maîtrise,Collision avec un obstacle sur la chaussée,Etat de l'infrastructure - Chantier mal signalé ou mal éclairé,Bernex,Nuit,Beau temps,Avec dommages matériels,2495010.304,1113908.867,Route sèche,Route principale,230000.0,Lundi,0,0,0,0,0,0,0,0,0,0,0,0,1,0,0,0,0.0,0.0,0,0,,,2022,2495010.3,1113908.87,6.079235415844148,46.168449659208704
34482,47463,220517319,20220517,Dérapage ou perte de maîtrise,Collision avec un obstacle hors de la chaussée,Etat de la personne - Influence de l'alcool,Genève,Jour,Beau temps,Avec dommages matériels,2499736.888,1116870.585,Route sèche,Autre,100000.0,Mardi,0,0,0,0,0,0,1,0,0,0,0,0,0,0,0,0,0.0,0.0,0,0,,,2022,2499736.89,1116870.59,6.139788352665706,46.19580954976787
34483,47464,230101060,20221231,Accident en parquant,Avec violation de l'obligation de déclarer,Cause inconnue - Véhicule stationné (omission de la déclaration obligatoire),Genève,Inconnu,Autre,Avec dommages matériels,2500291.946,1118217.604,Autre,Route principale,200000.0,Samedi,0,0,0,0,0,0,0,0,0,0,0,0,0,0,0,0,0.0,0.0,0,0,,,2022,2500291.95,1118217.6,6.1466898318478735,46.20800761289689
34484,47465,220703020,20220702,Accident en s'engageant sur une route,Collision en s'engageant depuis le bord de la route,Priorité - Autres attitude fautive en lien avec la priorité,Le Grand-Saconnex,Jour,Beau temps,Avec blessés légers,2498011.518,1120734.938,Route sèche,Route principale,170000.0,Samedi,0,0,1,0,0,0,0,0,0,0,0,1,1,0,0,0,0.0,0.0,0,0,,,2022,2498011.52,1120734.94,6.116596565749758,46.23030724994991
34485,47466,220318215,20220318,Accident par tamponnement,Collision avec véhicule à l'arrêt,Etat de la personne - Influence de l'alcool,Vernier,Jour,Beau temps,Avec dommages matériels,2496525.493,1119248.241,Route sèche,Semi-autoroute,170000.0,Vendredi,0,0,0,0,0,0,0,0,0,0,0,0,2,1,0,0,0.0,0.0,0,0,,,2022,2496525.49,1119248.24,6.097667111531403,46.216708229105855
34486,47467,220111064,20220105,Accident en s'engageant sur une route,Collision en obliquant à gauche avec le trafic venant de droite,Priorité - Non-respect du signal de priorité «Stop»,Le Grand-Saconnex,Nuit,Beau temps,Avec dommages matériels,2498252.498,1120878.996,Route sèche,Route principale,210000.0,Mercredi,0,0,0,0,0,0,0,0,0,0,0,0,2,0,0,0,0.0,0.0,1,0,,,2022,2498252.5,1120879.0,6.119688299617273,46.231639509611796
34487,47468,220416026,20220415,Dérapage ou perte de maîtrise,Collision avec un obstacle hors de la chaussée,Inattention et distraction - Manque d'attention momentané,Lancy,Jour,Beau temps,Avec dommages matériels,2498406.839,1115352.516,Route sèche,Route principale,130000.0,Vendredi,0,0,0,0,0,0,0,0,0,0,0,0,1,0,0,0,0.0,0.0,0,0,,,2022,2498406.84,1115352.52,6.122891685745862,46.18195586843079
34488,47469,220604049,20220319,Accident en parquant,Collision avec un obstacle fixe (y compris véhicule correctement stationné),Inattention et distraction - Manque d'attention momentané,Genève,Nuit,Beau temps,Avec dommages matériels,2499716.633,1116952.958,Route sèche,Route secondaire,220000.0,Samedi,0,0,0,0,0,0,0,0,0,0,0,0,1,0,0,0,0.0,0.0,0,0,,,2022,2499716.63,1116952.96,6.139508249522722,46.196547393502925
34489,47470,220604072,20220604,Dérapage ou perte de maîtrise,Collision avec un obstacle hors de la chaussée,Inattention et distraction - Manque d'attention momentané,Genève,Jour,Beau temps,Avec dommages matériels,2500609.494,1118685.011,Route sèche,Route secondaire,160000.0,Samedi,0,0,0,0,0,0,0,0,0,0,0,0,1,0,0,0,0.0,0.0,0,0,,,2022,2500609.49,1118685.01,6.1507040242615085,46.212258708323105
34490,46637,220203047,20220128,Accident lors d'un dépassement ou lors d'un changement de voie de circulation,Collision avec le véhicule dépassé par la droite,Dépassement - Dépassement par la droite,Genève,Jour,Beau temps,Avec dommages matériels,2499762.324,1117777.324,Route sèche,Route principale,140000.0,Vendredi,0,0,0,0,0,0,0,0,0,0,0,0,2,0,0,0,0.0,0.0,0,0,,,2022,2499762.32,1117777.32,6.139923022157015,46.20396880027387
34491,46638,220413231,20220413,Accident par tamponnement,Collision avec véhicule à l'arrêt,Conduite - Suivre de trop près le véhicule qui précède,Genève,Jour,Beau temps,Avec dommages matériels,2501066.005,1117163.986,Route sèche,Route principale,130000.0,Mercredi,1,0,0,0,0,0,0,0,0,0,0,0,2,0,0,0,0.0,0.0,0,0,,,2022,2501066.0,1117163.99,6.156941039189182,46.198645404585335
34492,46639,220621403,20220616,Collision frontale,Collision frontale avec le trafic venant en sens inverse (sans dépassement),Influence externe - Eblouissement du soleil,Genève,Jour,Beau temps,Avec blessés légers,2499060.45,1117642.565,Route sèche,Route secondaire,190000.0,Jeudi,0,0,1,0,0,0,1,0,0,0,0,1,0,0,0,0,0.0,0.0,0,0,,,2022,2499060.45,1117642.57,6.13086010821185,46.202651786022855
34493,46640,220208038,20220207,Accident lors d'un dépassement ou lors d'un changement de voie de circulation,Frôlement latéral avec le véhicule sur la voie voisine,Conduite - Autre attitude fautive lors des mouvements dans la circulation,Genève,Jour,Beau temps,Avec blessés légers,2498839.321,1116960.843,Route humide,Route principale,150000.0,Lundi,0,0,1,0,0,0,0,0,0,0,0,1,1,0,0,0,0.0,0.0,0,0,,,2022,2498839.32,1116960.84,6.128143385116719,46.19648683432942
34494,46641,220107070,20220107,Accident lors d'un dépassement ou lors d'un changement de voie de circulation,Collision lors du changement de voie vers la gauche,Conduite - Manque d'égards en changeant de voie,Genève,Jour,Beau temps,Avec dommages matériels,2501151.668,1117566.563,Route sèche,Route secondaire,80000.0,Vendredi,0,0,0,0,0,0,0,0,0,0,0,1,1,0,0,0,0.0,0.0,0,0,,,2022,2501151.67,1117566.56,6.157965461068301,46.20227888090314
34495,46642,221004200,20220928,Dérapage ou perte de maîtrise,Collision avec un obstacle hors de la chaussée,Inattention et distraction - Manque d'attention momentané,Le Grand-Saconnex,Jour,Pluie,Avec dommages matériels,2498370.178,1121002.07,Route mouillée,Route principale,160000.0,Mercredi,0,0,0,0,0,0,0,0,0,0,0,0,1,0,0,0,0.0,0.0,0,0,,,2022,2498370.18,1121002.07,6.121186678342593,46.23276425383149
34496,46643,220512231,20220512,Accident en quittant une route,"Collision en obliquant à gauche avec les usagers d'une voie séparée, d'une piste séparée, d'une piste cyclable/voie piétonne séparée, des rails de tramway",Priorité - Autres attitude fautive en lien avec la priorité,Bernex,Jour,Beau temps,Avec blessés graves,2492315.887,1114403.207,Route sèche,Route principale,130000.0,Jeudi,0,0,0,1,0,0,1,0,0,0,0,0,0,1,0,0,0.0,0.0,0,0,,,2022,2492315.89,1114403.21,6.044241417226182,46.17246990302631
34497,46644,220629247,20220629,Accident en s'engageant sur une route,Collision en obliquant à gauche avec le trafic venant de gauche,Priorité - Non-respect du signal de priorité «Stop»,Genève,Jour,Beau temps,Avec blessés légers,2498269.528,1118534.78,Route sèche,Route secondaire,190000.0,Mercredi,0,0,1,0,0,0,0,0,0,0,0,1,1,0,0,0,0.0,0.0,0,0,,,2022,2498269.53,1118534.78,6.120420282160129,46.21055739031414
34498,46645,220904018,20220904,Dérapage ou perte de maîtrise,Sans collision,Etat de la personne - Influence de stupéfiants,Genève,Nuit,Temps couvert,Avec blessés légers,2501477.744,1117695.145,Route sèche,Route secondaire,20000.0,Dimanche,0,0,1,0,0,0,0,0,0,0,0,0,0,0,0,0,0.0,0.0,0,0,,,2022,2501477.74,1117695.14,6.162162141758559,46.20348324989966
34499,46646,220622140,20220613,Accident en parquant,Avec violation de l'obligation de déclarer,Inattention et distraction - Manque d'attention momentané,Le Grand-Saconnex,Jour,Beau temps,Avec dommages matériels,2497870.476,1121227.504,Route sèche,Autre,70000.0,Lundi,0,0,0,0,0,0,0,0,0,0,0,0,1,0,0,0,0.0,0.0,0,0,,,2022,2497870.48,1121227.5,6.114660758150829,46.234716072808844
34500,46647,220111081,20220110,Accident en parquant,Collision avec un obstacle fixe (y compris véhicule correctement stationné),Inattention et distraction - Manque d'attention momentané,Lancy,Jour,Temps couvert,Avec dommages matériels,2498005.919,1115251.283,Route sèche,Route secondaire,100000.0,Lundi,0,0,0,0,0,0,0,0,0,0,0,0,1,0,0,0,0.0,0.0,1,0,,,2022,2498005.92,1115251.28,6.117722369055511,46.180984597874655
34501,46648,20220704019,20220703,Dérapage ou perte de maîtrise,Collision avec un obstacle hors de la chaussée,"Vitesse - Inadaptée au tracé de la route (virage serré, proximité d'une intersection, etc.)",Le Grand-Saconnex,Jour,Beau temps,Avec dommages matériels,2498180.0,1121870.0,Route sèche,Route secondaire,130000.0,Dimanche,0,0,0,0,0,0,0,0,0,0,0,0,1,0,0,0,0.0,0.0,0,0,,,2022,2498180.0,1121870.0,6.118532215145328,46.24054191446378
34502,46649,220323228,20220323,Accident lors d'un dépassement ou lors d'un changement de voie de circulation,Autre cas d'accident lors d'un dépassement ou lors d'un changement de voie de circulation,Dépassement - Moto circulant entre les colonnes,Chêne-Bougeries,Jour,Beau temps,Avec dommages matériels,2503463.476,1117014.092,Route sèche,Route principale,160000.0,Mercredi,0,0,0,0,0,0,0,0,0,0,0,1,1,0,0,0,0.0,0.0,0,0,,,2022,2503463.48,1117014.09,6.18802643085065,46.197645688162844