,OBJECTID,ID_ACCIDENT,DATE_,GROUPE_ACCIDENT,TYPE,CAUSE,COMMUNE,CONDITIONS_LUMINEUSES,CONDITIONS_METEO,CONSEQUENCES,COOR_X,COOR_Y,ETAT_ROUTE,GENRE_ROUTE,HEURE,JOUR,NB_ENFANTS_IMPLIQUES,NB_ENFANTS_ECOLE,NB_BLESSES_LEGERS,NB_BLESSES_GRAVES,NB_TUES,NB_PIETONS,NB_BICYCLETTES,NB_VAE_25,NB_VAE_45,NB_CYCLOMOTEURS,NB_MOTOS_50,NB_MOTOS,NB_VOITURES_TOURISME,NB_VOITURES_LIVRAISON,NB_CAMIONS,NB_BUS,NB_TRAM,NB_TRAINS,NB_SENIORS,NB_TC,REF_GROUPE_CAUSE,TOTAL_PERSONNES,ANNEE,E,N,LATITUDE,LONGITUDE
34503,46650,220220071,20220220,Dérapage ou perte de maîtrise,Collision avec un obstacle sur la chaussée,Etat de la personne - Influence de l'alcool,Versoix,Nuit,Beau temps,Avec blessés légers,2500982.117,1127553.212,Route sèche,Route principale,210000.0,Dimanche,0,0,1,0,0,0,0,0,0,0,0,0,1,0,0,0,0.0,0.0,0,0,,,2022,2500982.12,1127553.21,6.153647126240178,46.292077930561
34504,46651,220325157,20220325,Accident par tamponnement,Collision avec un véhicule en marche,Conduite - Suivre de trop près le véhicule qui précède,Genève,Jour,Beau temps,Avec blessés légers,2500516.99,1119782.236,Route sèche,Route principale,100000.0,Vendredi,0,0,1,0,0,0,1,0,0,0,0,0,1,0,0,0,0.0,0.0,0,0,,,2022,2500516.99,1119782.24,6.149271603327478,46.22211393527824
34505,46652,220716022,20220716,Dérapage ou perte de maîtrise,Collision avec un obstacle hors de la chaussée,Etat de la personne - Influence de l'alcool,Bellevue,Nuit,Beau temps,Avec blessés graves,2499517.617,1124800.274,Route sèche,Autoroute,40000.0,Samedi,0,0,0,1,0,0,0,0,0,0,0,0,1,0,0,0,0.0,0.0,0,0,,,2022,2499517.62,1124800.27,6.135239469788099,46.26709927257516
34506,46653,220113329,20220113,Accident lors d'un dépassement ou lors d'un changement de voie de circulation,Collision avec le trafic venant en sens inverse,Dépassement - En dépassant de trop près (latéral),Bardonnex,Nuit,Temps couvert,Avec dommages matériels,2499396.082,1111221.496,Route sèche,Route principale,180000.0,Jeudi,0,0,0,0,0,0,0,0,0,0,0,0,2,0,0,1,0.0,0.0,0,1,,,2022,2499396.08,1111221.5,6.13659029439534,46.14494880024569
34507,46654,220405006,20220405,Accident par tamponnement,Collision avec un véhicule en marche,Etat de la personne - Influence de l'alcool,Genève,Nuit,Beau temps,Avec dommages matériels,2498659.193,1117975.565,Route sèche,Route secondaire,20000.0,Mardi,0,0,0,0,0,0,1,0,0,0,0,0,0,1,0,0,0.0,0.0,0,0,,,2022,2498659.19,1117975.57,6.1255899969959895,46.20558652934839
34508,47038,220419224,20220419,Accident par tamponnement,Collision avec un véhicule en marche,Inattention et distraction - Manque d'attention momentané,Perly-Certoux,Jour,Beau temps,Avec blessés graves,2495016.757,1113149.309,Route sèche,Route principale,100000.0,Mardi,0,0,0,1,0,0,0,0,0,0,0,0,2,0,0,0,0.0,0.0,1,0,,,2022,2495016.76,1113149.31,6.0794896429964185,46.16161901103718
34509,47039,220131107,20220113,Dérapage ou perte de maîtrise,Collision avec un autre usager de la route,Conduite - Suivre de trop près le véhicule qui précède,Confignon,Jour,Beau temps,Avec dommages matériels,2495707.823,1114606.231,Route sèche,Autoroute,170000.0,Jeudi,0,0,0,0,0,0,0,0,0,0,0,0,3,0,0,0,0.0,0.0,0,0,,,2022,2495707.82,1114606.23,6.088109510449695,46.1748303957433
34510,47040,220710005,20220709,Dérapage ou perte de maîtrise,Sans collision,Etat de la personne - Influence de l'alcool,Chêne-Bougeries,Nuit,Beau temps,Avec blessés graves,2503705.564,1116821.491,Route sèche,Route principale,220000.0,Samedi,0,0,0,1,0,0,0,0,1,0,0,0,0,0,0,0,0.0,0.0,0,0,,,2022,2503705.56,1116821.49,6.191201747679141,46.19594807461459
34511,47041,220902055,20220902,Accident en quittant une route,Collision en obliquant à droite avec le trafic dans le même sens,Priorité - Non-respect de la priorité de droite,Genève,Jour,Beau temps,Avec blessés légers,2498866.012,1118162.502,Route sèche,Route principale,80000.0,Vendredi,0,0,1,0,0,0,0,0,0,1,0,0,1,0,0,0,0.0,0.0,0,0,,,2022,2498866.01,1118162.5,6.128228722580375,46.20729899039198
34512,47042,220322284,20220312,Accident impliquant des animaux,Autres cas d'accident impliquant des animaux,Influence de tiers - Présence d'animaux sauvages sur la chaussée,Veyrier,Nuit,Beau temps,Avec dommages matériels,2501510.952,1115310.387,Route sèche,Route principale,30000.0,Samedi,0,0,0,0,0,0,0,0,0,0,0,0,1,0,0,0,0.0,0.0,0,0,,,2022,2501510.95,1115310.39,6.163095367549372,46.18203871646282
34513,47043,221020208,20221020,Accident en traversant une route,Collision avec le trafic traversant depuis la gauche,Priorité - Non-respect du signal de priorité «Cédez le passage»,Perly-Certoux,Jour,Pluie,Avec blessés légers,2495439.99,1112747.975,Route mouillée,Route principale,80000.0,Jeudi,0,0,1,0,0,0,1,0,0,0,0,0,1,0,0,0,0.0,0.0,0,0,,,2022,2495439.99,1112747.98,6.085057627681455,46.15807526580658
34514,47044,220802005,20220801,Accident en quittant une route,"Collision en obliquant à droite avec les usagers d'une voie séparée, d'une piste séparée, d'une piste cyclable/voie piétonne séparée, des rails de tramway",Priorité - Autres attitude fautive en lien avec la priorité,Genève,Nuit,Beau temps,Avec blessés légers,2500312.188,1118239.618,Route sèche,Route secondaire,220000.0,Lundi,0,0,1,0,0,0,0,0,0,0,0,1,0,1,0,0,0.0,0.0,0,0,,,2022,2500312.19,1118239.62,6.146947338168958,46.20820867121949
34515,47045,220920222,20220919,Accident par tamponnement,Collision avec un véhicule en marche,Conduite - Suivre de trop près le véhicule qui précède,Vernier,Jour,Beau temps,Avec dommages matériels,2496061.481,1119010.477,Route sèche,Autoroute,170000.0,Lundi,0,0,0,0,0,0,0,0,0,0,0,0,1,2,0,0,0.0,0.0,0,0,,,2022,2496061.48,1119010.48,6.091707917116785,46.21449814944676
34516,47046,220214379,20220214,Accident en traversant une route,Collision avec le trafic traversant depuis la droite,Priorité - Non-respect du signal de priorité «Stop»,Meyrin,Jour,Pluie,Avec blessés légers,2495360.839,1120300.291,Route mouillée,Route principale,140000.0,Lundi,0,0,1,0,0,0,0,0,0,0,0,0,1,1,0,0,0.0,0.0,0,0,,,2022,2495360.84,1120300.29,6.082340804989033,46.225990320708235
34517,47047,220305081,20220305,Accident par tamponnement,Collision avec un véhicule en marche,Inattention et distraction - Manque d'attention momentané,Genève,Jour,Beau temps,Avec dommages matériels,2501315.887,1117449.992,Route sèche,Route principale,120000.0,Samedi,0,0,0,0,0,0,0,0,0,0,0,1,1,0,0,0,0.0,0.0,0,0,,,2022,2501315.89,1117449.99,6.16011736640052,46.20125453145003
34518,47048,221216088,20221216,Accident par tamponnement,Collision avec véhicule à l'arrêt,Conduite - Suivre de trop près le véhicule qui précède,Genève,Nuit,Pluie,Avec blessés graves,2499146.653,1117740.842,Route mouillée,Route principale,70000.0,Vendredi,0,0,0,1,0,0,0,0,0,0,0,0,2,0,0,0,0.0,0.0,0,0,,,2022,2499146.65,1117740.84,6.131955486463257,46.203548598594736
34519,47049,220511277,20220511,Accident impliquant des piétons,Piéton traversant la chaussée touché par un véhicule circulant en ligne droite,Comportement du piéton / du conducteur d'EAV - Traversée imprudente de la route,Genève,Jour,Beau temps,Avec blessés légers,2499901.039,1116680.98,Route sèche,Route principale,150000.0,Mercredi,0,0,1,0,0,1,0,0,0,0,0,1,0,0,0,0,0.0,0.0,0,0,,,2022,2499901.04,1116680.98,6.141955096898957,46.19412858830975
34520,47050,220523122,20220520,Dérapage ou perte de maîtrise,Collision avec un obstacle hors de la chaussée,Inattention et distraction - Manque d'attention momentané,Carouge (GE),Nuit,Beau temps,Avec dommages matériels,2499977.339,1115598.579,Route sèche,Route principale,210000.0,Vendredi,0,0,0,0,0,0,0,1,0,0,0,0,0,0,0,0,0.0,0.0,0,0,,,2022,2499977.34,1115598.58,6.143175151215903,46.18440444470258
34521,47051,220422003,20220421,Dérapage ou perte de maîtrise,Sans collision,Etat de la personne - Influence de l'alcool,Genève,Nuit,Beau temps,Avec blessés légers,2500495.036,1116836.349,Route sèche,Route principale,230000.0,Jeudi,0,0,1,0,0,0,0,0,0,1,0,0,0,0,0,0,0.0,0.0,0,0,,,2022,2500495.04,1116836.35,6.149615325854273,46.19561421928935
34522,47052,220305035,20220303,Accident en parquant,Avec violation de l'obligation de déclarer,Cause inconnue - Véhicule stationné (omission de la déclaration obligatoire),Carouge (GE),Inconnu,Autre,Avec dommages matériels,2499328.915,1115894.545,Autre,Route principale,130000.0,Jeudi,0,0,0,0,0,0,0,0,0,0,0,0,0,0,0,0,0.0,0.0,0,0,,,2022,2499328.91,1115894.55,6.134714575685648,46.18696973940392
34523,47053,220721249,20220716,Accident par tamponnement,Autre cas de tamponnement,Cause inconnue - Cause inconnue,Lancy,Nuit,Beau temps,Avec dommages matériels,2497286.226,1116090.774,Route sèche,Route secondaire,220000.0,Samedi,0,0,0,0,0,0,0,0,0,0,0,1,1,0,0,0,0.0,0.0,0,0,,,2022,2497286.23,1116090.77,6.108218840571317,46.18842568360029
34524,47054,220421307,20220421,Accident lors d'un dépassement ou lors d'un changement de voie de circulation,Collision lors du changement de voie vers la droite,Conduite - Manque d'égards en changeant de voie,Genève,Jour,Beau temps,Avec dommages matériels,2501150.395,1117312.983,Route sèche,Route principale,120000.0,Jeudi,0,0,0,0,0,0,0,0,0,0,0,0,2,1,0,0,0.0,0.0,0,0,,,2022,2501150.39,1117312.98,6.158002580833777,46.199997893524056
34525,47055,220703057,20220616,Accident lors d'un dépassement ou lors d'un changement de voie de circulation,Collision avec le véhicule dépassé par la droite,Dépassement - Dépassement par la droite,Genève,Jour,Beau temps,Avec dommages matériels,2501908.62,1117691.02,Route sèche,Route principale,180000.0,Jeudi,0,0,0,0,0,0,0,0,0,0,0,0,1,0,0,1,0.0,0.0,1,1,,,2022,2501908.62,1117691.02,6.167744639248362,46.20350920675824
34526,47236,220913010,20220912,Accident en quittant une route,Collision en obliquant à gauche avec le trafic venant en sens inverse,Priorité - Priorité en obliquant à gauche devant des véhicules venant en sens inverse,Vernier,Jour,Beau temps,Avec blessés graves,2497407.277,1118167.438,Route sèche,Route secondaire,180000.0,Lundi,0,0,0,1,0,0,0,0,0,0,0,1,1,0,0,0,0.0,0.0,0,0,,,2022,2497407.28,1118167.44,6.109330114039585,46.207122364525695
34527,47237,221008067,20220929,Dérapage ou perte de maîtrise,Sans collision,Cause inconnue - Cause inconnue,Genève,Jour,Beau temps,Avec blessés légers,2501058.005,1117605.818,Route sèche,Route principale,150000.0,Jeudi,0,0,1,0,0,0,0,0,0,0,0,1,0,0,0,0,0.0,0.0,0,0,,,2022,2501058.0,1117605.82,6.156743764620692,46.20261822052456
34528,47238,220722250,20220722,Accident par tamponnement,Collision avec un véhicule en marche,Dépassement - En dépassant de trop près (latéral),Genève,Jour,Beau temps,Avec dommages matériels,2501600.387,1117975.71,Route sèche,Route principale,130000.0,Vendredi,0,0,0,0,0,0,0,0,0,0,0,0,2,0,0,0,0.0,0.0,1,0,,,2022,2501600.39,1117975.71,6.1636917982486565,46.20602477624966
34529,47239,220705016,20220704,Accident en s'engageant sur une route,Collision en obliquant à gauche avec le trafic venant de gauche,Priorité - Non-respect du signal de priorité «Stop»,Lancy,Nuit,Beau temps,Avec blessés légers,2498088.943,1115428.032,Route sèche,Route principale,220000.0,Lundi,0,0,1,0,0,0,0,0,0,0,0,1,1,0,0,0,0.0,0.0,0,0,,,2022,2498088.94,1115428.03,6.118758795885981,46.18258692881445
34530,47240,221026076,20221023,Accident en parquant,Collision avec un obstacle fixe (y compris véhicule correctement stationné),Conduite - Marche arrière imprudente,Genève,Jour,Temps couvert,Avec dommages matériels,2498137.903,1119134.936,Route sèche,Route principale,170000.0,Dimanche,0,0,0,0,0,0,0,0,0,0,0,0,1,0,0,0,0.0,0.0,0,0,,,2022,2498137.9,1119134.94,6.118583915604619,46.215935490811
34531,47241,220408001,20220407,Accident lors d'un dépassement ou lors d'un changement de voie de circulation,Collision avec le véhicule dépassé en se rabattant,Dépassement - En dépassant de trop près (latéral),Bernex,Nuit,Pluie,Avec blessés légers,2495537.491,1115022.981,Route mouillée,Route principale,200000.0,Jeudi,0,0,1,0,0,0,0,0,0,0,0,1,1,0,0,0,0.0,0.0,1,0,,,2022,2495537.49,1115022.98,6.085811070676501,46.17855231546148
34532,47242,220721271,20220721,Accident en s'engageant sur une route,Collision en obliquant à gauche avec le trafic venant de gauche,Priorité - Non-respect du signal de priorité «Stop»,Le Grand-Saconnex,Jour,Beau temps,Avec blessés légers,2498626.805,1121187.383,Route sèche,Route principale,120000.0,Jeudi,0,0,1,0,0,0,0,0,0,0,0,1,1,0,0,0,0.0,0.0,0,0,,,2022,2498626.8,1121187.38,6.124472408171929,46.23446976485664
34533,47243,221114021,20221112,Accident en parquant,Collision avec une portière ouverte,Utilisation du véhicule - Ouverture imprudente de la portière,Genève,Jour,Temps couvert,Avec dommages matériels,2500098.584,1118539.931,Route sèche,Route secondaire,160000.0,Samedi,0,0,0,0,0,0,0,0,0,0,0,0,2,0,0,0,0.0,0.0,0,0,,,2022,2500098.58,1118539.93,6.144115709148629,46.21087805751464
34534,47244,220816212,20220813,Accident par tamponnement,Collision avec véhicule à l'arrêt,Inattention et distraction - Manque d'attention momentané,Genève,Nuit,Temps couvert,Avec dommages matériels,2499913.903,1118203.452,Route sèche,Route principale,30000.0,Samedi,0,0,0,0,0,0,0,0,0,0,0,0,2,0,0,0,0.0,0.0,0,0,,,2022,2499913.9,1118203.45,6.14179521556533,46.20782415660751
34535,47245,221229055,20221225,Accident en parquant,Collision avec un obstacle fixe (y compris véhicule correctement stationné),Etat de la personne - Influence de l'alcool,Genève,Nuit,Temps couvert,Avec dommages matériels,2500235.843,1118460.561,Route sèche,Route secondaire,40000.0,Dimanche,0,0,0,0,0,0,0,0,0,0,0,0,1,0,0,0,0.0,0.0,0,0,,,2022,2500235.84,1118460.56,6.145910981932608,46.21018456129625
34536,47246,220525003,20220512,Accident lors d'un dépassement ou lors d'un changement de voie de circulation,Frôlement latéral avec le véhicule sur la voie voisine,Dépassement - En dépassant de trop près (latéral),Genève,Jour,Beau temps,Avec dommages matériels,2500378.433,1118086.232,Route sèche,Route principale,80000.0,Jeudi,0,0,0,0,0,0,0,0,0,0,0,1,2,0,0,0,0.0,0.0,0,0,,,2022,2500378.43,1118086.23,6.147838228389524,46.20683884393953
34537,47247,221005053,20221003,Accident en parquant,Avec violation de l'obligation de déclarer,Cause inconnue - Véhicule stationné (omission de la déclaration obligatoire),Onex,Jour,Beau temps,Avec dommages matériels,2496717.82,1115690.997,Route sèche,Autre,110000.0,Lundi,0,0,0,0,0,0,0,0,0,0,0,0,0,0,0,0,0.0,0.0,0,0,,,2022,2496717.82,1115691.0,6.100946186126128,46.18474297308513
34538,47248,220702067,20220702,Accident en s'engageant sur une route,Collision en obliquant à gauche avec le trafic venant de droite,Priorité - Non-respect du signal de priorité «Stop»,Cologny,Jour,Beau temps,Avec blessés légers,2503118.483,1119213.732,Route sèche,Route secondaire,140000.0,Samedi,0,0,1,0,0,0,0,0,0,0,0,1,1,0,0,0,0.0,0.0,0,0,,,2022,2503118.48,1119213.73,6.1831011003541585,46.21738060208673
34539,47249,220614014,20220609,Accident par tamponnement,"Collision avec véhicule à l'arrêt, en reculant",Conduite - Marche arrière imprudente,Bernex,Jour,Beau temps,Avec dommages matériels,2495417.716,1115097.787,Route sèche,Autoroute,110000.0,Jeudi,0,0,0,0,0,0,0,0,0,0,0,0,1,1,0,0,0.0,0.0,0,0,,,2022,2495417.72,1115097.79,6.084243557399284,46.17920656117107
34540,47250,220308119,20220227,Accident en parquant,Avec violation de l'obligation de déclarer,Cause inconnue - Véhicule stationné (omission de la déclaration obligatoire),Genève,Nuit,Autre,Avec dommages matériels,2500367.183,1118913.043,Autre,Route principale,200000.0,Dimanche,0,0,0,0,0,0,0,0,0,0,0,0,0,0,0,0,0.0,0.0,0,0,,,2022,2500367.18,1118913.04,6.147515947107474,46.21427382124045
34541,47251,221105085,20221105,Accident en s'engageant sur une route,Collision en obliquant à gauche avec le trafic venant de droite,Inattention et distraction - Manque d'attention momentané,Genève,Nuit,Beau temps,Avec blessés graves,2501258.71,1117822.323,Route sèche,Route principale,200000.0,Samedi,0,0,0,1,0,0,0,0,0,0,0,1,2,0,0,0,0.0,0.0,0,0,,,2022,2501258.71,1117822.32,6.159297919728603,46.204595020059536
34542,47252,221112011,20221104,Accident en traversant une route,Collision avec le trafic traversant depuis la droite,Conduite - Manque d'égards en changeant de voie,Genève,Jour,Beau temps,Avec dommages matériels,2500154.482,1118331.3,Route sèche,Route secondaire,160000.0,Vendredi,0,0,0,0,0,0,0,0,0,0,0,0,1,1,0,0,0.0,0.0,0,0,,,2022,2500154.48,1118331.3,6.144884574879147,46.20900986714382
34543,47253,220708006,20220707,Accident par tamponnement,Collision avec véhicule à l'arrêt,Inattention et distraction - Manque d'attention momentané,Genève,Jour,Beau temps,Avec blessés légers,2499980.93,1118303.217,Route sèche,Route principale,190000.0,Jeudi,0,0,1,0,0,0,0,1,0,0,0,0,1,0,0,0,0.0,0.0,0,0,,,2022,2499980.93,1118303.22,6.14264220521721,46.20873150254473
34544,47471,221024016,20221017,Accident par tamponnement,Collision avec véhicule à l'arrêt,Inattention et distraction - Manque d'attention momentané,Genève,Jour,Beau temps,Avec dommages matériels,2500688.834,1117038.314,Route sèche,Route secondaire,110000.0,Lundi,0,0,0,0,0,0,0,0,0,0,0,0,2,0,0,0,0.0,0.0,1,0,,,2022,2500688.83,1117038.31,6.152082354741988,46.19745937889357
34545,47472,221116201,20221101,Accident par tamponnement,Collision avec un véhicule en marche,Inattention et distraction - Manque d'attention momentané,Lancy,Jour,Temps couvert,Avec dommages matériels,2498228.078,1115530.898,Route sèche,Route principale,120000.0,Mardi,0,0,0,0,0,0,0,0,0,0,0,0,1,0,1,0,0.0,0.0,1,0,,,2022,2498228.08,1115530.9,6.120538096599235,46.183533245789555
34546,47473,220913386,20220913,Accident impliquant des piétons,Piéton traversant la chaussée touché par un véhicule circulant en ligne droite,Priorité - Ne pas accorder la priorité à un passage pour piétons,Genève,Jour,Beau temps,Avec blessés graves,2500294.456,1118562.397,Route sèche,Route secondaire,150000.0,Mardi,0,0,0,1,0,1,0,0,0,0,0,0,1,0,0,0,0.0,0.0,1,0,,,2022,2500294.46,1118562.4,6.146648676475012,46.211109247297045
34547,47474,220131007,20220130,Dérapage ou perte de maîtrise,Collision avec un obstacle sur la chaussée,Inattention et distraction - Manque d'attention momentané,Versoix,Nuit,Beau temps,Avec dommages matériels,2501799.146,1126321.437,Route sèche,Route secondaire,190000.0,Dimanche,0,0,0,0,0,0,0,0,0,0,0,0,1,0,0,0,0.0,0.0,0,0,,,2022,2501799.15,1126321.44,6.164508152563097,46.281118899691826
34548,47475,220403029,20220403,Dérapage ou perte de maîtrise,Sans collision,Etat de la personne - Influence de l'alcool,Genève,Nuit,Beau temps,Avec blessés graves,2502097.226,1117849.097,Route humide,Route principale,50000.0,Dimanche,0,0,0,1,0,0,0,0,0,0,0,1,0,0,0,0,0.0,0.0,0,0,,,2022,2502097.23,1117849.1,6.170154740961792,46.20495854114182
34549,47476,221018314,20220908,Accident en parquant,Collision avec un obstacle fixe (y compris véhicule correctement stationné),Inattention et distraction - Manque d'attention momentané,Genève,Jour,Beau temps,Avec dommages matériels,2500500.042,1117847.625,Route sèche,Autre,130000.0,Jeudi,0,0,0,0,0,0,0,0,0,0,0,0,1,0,0,0,0.0,0.0,0,0,,,2022,2500500.04,1117847.63,6.149464527904951,46.204710796702614
34550,47477,220503305,20220430,Accident en parquant,Collision avec un obstacle fixe (y compris véhicule correctement stationné),Inattention et distraction - Manque d'attention momentané,Genève,Inconnu,Autre,Avec dommages matériels,2501307.115,1117418.682,Autre,Autre,170000.0,Samedi,0,0,0,0,0,0,0,0,0,0,0,0,1,0,0,0,0.0,0.0,1,0,,,2022,2501307.11,1117418.68,6.1600102548660365,46.200971627811136
34551,47478,220813075,20220811,Accident lors d'un dépassement ou lors d'un changement de voie de circulation,Collision lors du changement de voie vers la gauche,Conduite - Manque d'égards en changeant de voie,Genève,Jour,Beau temps,Avec dommages matériels,2500767.758,1117378.42,Route sèche,Route principale,150000.0,Jeudi,0,0,0,0,0,0,0,0,0,0,0,0,1,0,1,0,0.0,0.0,0,0,,,2022,2500767.76,1117378.42,6.153032402097981,46.200530114787234
34552,47479,221017052,20221016,Accident en traversant une route,Collision avec le trafic traversant depuis la droite,Priorité - Non-respect de la priorité de droite,Genève,Jour,Beau temps,Avec blessés légers,2500059.145,1116223.75,Route sèche,Route secondaire,170000.0,Dimanche,0,0,1,0,0,0,0,0,0,0,0,1,1,0,0,0,0.0,0.0,0,0,,,2022,2500059.14,1116223.75,6.144100629965729,46.1900396138464
34553,47480,220414103,20220414,Accident en parquant,Collision avec un autre usager de la route,Inattention et distraction - Manque d'attention momentané,Meyrin,Aurore / crépuscule,Beau temps,Avec blessés légers,2496261.66,1119953.472,Route sèche,Route principale,60000.0,Jeudi,0,0,1,0,0,0,0,1,0,0,0,0,1,0,0,0,0.0,0.0,0,0,,,2022,2496261.66,1119953.47,6.094091839279711,46.22301059596664
34554,47481,220630083,20220630,Dérapage ou perte de maîtrise,Collision avec un obstacle hors de la chaussée,Etat de la personne - Influence de l'alcool,Carouge (GE),Jour,Beau temps,Avec blessés graves,2499640.435,1114520.306,Route sèche,Autre,50000.0,Jeudi,2,0,3,2,0,0,0,0,0,0,0,0,1,0,0,0,0.0,0.0,0,0,,,2022,2499640.43,1114520.31,6.139044011730656,46.17465590855458
34555,47482,220928282,20220928,Dérapage ou perte de maîtrise,Collision avec un obstacle hors de la chaussée,"Utilisation du véhicule - Manouvres incorrectes dans le véhicule (confusion frein - accélérateur, glisser de la pédale de frein dans les véhicules à transmission automatique, etc.)",Carouge (GE),Nuit,Pluie,Avec blessés légers,2498885.0,1115842.374,Route mouillée,Autre,60000.0,Mercredi,0,0,1,0,0,0,0,0,0,0,0,0,1,0,0,0,0.0,0.0,0,0,,,2022,2498885.0,1115842.37,6.128977240437299,46.18643380914531
34556,47483,220619081,20220613,Accident lors d'un dépassement ou lors d'un changement de voie de circulation,Collision avec le véhicule dépassé en déboîtant,Inattention et distraction - Manque d'attention momentané,Chêne-Bougeries,Jour,Beau temps,Avec dommages matériels,2503705.564,1116821.491,Route sèche,Route principale,60000.0,Lundi,0,0,0,0,0,0,0,0,0,0,0,0,2,0,0,0,0.0,0.0,0,0,,,2022,2503705.56,1116821.49,6.191201747679141,46.19594807461459
34557,47484,220513006,20220512,Dérapage ou perte de maîtrise,Collision avec un obstacle en manoeuvrant,Inattention et distraction - Manque d'attention momentané,Genève,Jour,Beau temps,Avec dommages matériels,2498386.214,1119443.403,Route sèche,Route secondaire,70000.0,Jeudi,0,0,0,0,0,0,0,0,0,0,0,0,0,1,0,0,0.0,0.0,0,0,,,2022,2498386.21,1119443.4,6.121734048034101,46.218747472534915
34558,47485,221103276,20221103,Accident en s'engageant sur une route,Collision en s'engageant depuis le bord de la route,Priorité - Autres attitude fautive en lien avec la priorité,Perly-Certoux,Jour,Pluie,Avec blessés graves,2496199.819,1112467.572,Route mouillée,Route secondaire,160000.0,Jeudi,0,0,0,1,0,0,0,0,0,0,0,1,1,0,0,0,0.0,0.0,0,0,,,2022,2496199.82,1112467.57,6.09495438650182,46.1556708441623
34559,47486,221214296,20221214,Accident impliquant des piétons,Piéton traversant la chaussée touché par un véhicule circulant en ligne droite,Signalisation lumineuse - Non-respect d'un feu rouge,Genève,Nuit,Pluie,Avec blessés légers,2501950.161,1117295.613,Route mouillée,Route principale,190000.0,Mercredi,0,0,1,0,0,1,0,0,1,0,0,0,0,0,0,0,0.0,0.0,0,0,,,2022,2501950.16,1117295.61,6.168365810551755,46.199958785044686
34560,47487,220702057,20220702,Accident impliquant des piétons,Piéton touché par un véhicule obliquant à droite,Priorité - Ne pas accorder la priorité à un passage pour piétons,Lancy,Jour,Beau temps,Avec blessés légers,2497344.495,1115903.483,Route sèche,Route principale,150000.0,Samedi,1,0,1,0,0,1,0,0,0,0,0,0,0,1,0,0,0.0,0.0,0,0,,,2022,2497344.5,1115903.48,6.109014621575268,46.186750039935475
34561,47488,220925005,20220925,Dérapage ou perte de maîtrise,Collision avec un obstacle hors de la chaussée,Etat de la personne - Influence de l'alcool,Bernex,Nuit,Pluie,Avec dommages matériels,2495258.49,1115941.983,Route mouillée,Autoroute,10000.0,Dimanche,0,0,0,0,0,0,0,0,0,0,0,0,1,0,0,0,0.0,0.0,0,0,,,2022,2495258.49,1115941.98,6.081992548888362,46.18677463184564
34562,46655,220209106,20220124,Dérapage ou perte de maîtrise,Collision avec un obstacle hors de la chaussée,Cause inconnue - Cause inconnue,Carouge (GE),Jour,Autre,Avec dommages matériels,2498917.968,1115386.452,Autre,Route secondaire,100000.0,Lundi,0,0,0,0,0,0,0,0,0,0,0,0,0,0,0,0,0.0,0.0,0,0,,,2022,2498917.97,1115386.45,6.1295028659708795,46.18233806866983
34563,46656,220917085,20220917,Accident en traversant une route,Collision avec le trafic traversant depuis la droite,Signalisation lumineuse - Non-respect d'un feu rouge,Genève,Jour,Beau temps,Avec blessés légers,2499730.069,1118098.806,Route sèche,Route principale,150000.0,Samedi,0,0,1,0,0,0,0,0,0,0,0,1,1,0,0,0,0.0,0.0,0,0,,,2022,2499730.07,1118098.81,6.139436183454585,46.20685558867055
34564,46657,220621008,20220620,Accident par tamponnement,Collision avec véhicule à l'arrêt,Conduite - Suivre de trop près le véhicule qui précède,Satigny,Jour,Beau temps,Avec blessés légers,2491047.355,1118293.774,Route sèche,Route principale,180000.0,Lundi,0,0,1,0,0,0,1,0,0,0,0,0,1,0,0,0,0.0,0.0,0,0,,,2022,2491047.36,1118293.77,6.026911031504176,46.20725785565695
34565,46658,221006315,20221006,Accident en parquant,Avec violation de l'obligation de déclarer,Cause inconnue - Véhicule stationné (omission de la déclaration obligatoire),Genève,Inconnu,Autre,Avec dommages matériels,2500027.024,1118371.532,Autre,Autre,180000.0,Jeudi,0,0,0,0,0,0,0,0,0,0,0,0,0,0,0,0,0.0,0.0,0,0,,,2022,2500027.02,1118371.53,6.143224676440196,46.20935276494595
34566,46659,220211217,20220211,Accident en parquant,Avec violation de l'obligation de déclarer,Cause inconnue - Cause inconnue,Genève,Inconnu,Autre,Avec dommages matériels,2500014.66,1118463.777,Autre,Autre,80000.0,Vendredi,0,0,0,0,0,0,0,0,0,0,0,0,0,0,0,0,0.0,0.0,0,0,,,2022,2500014.66,1118463.78,6.143044781962322,46.21018065733875
34567,46660,220612007,20220604,Accident en parquant,Avec violation de l'obligation de déclarer,Cause inconnue - Véhicule stationné (omission de la déclaration obligatoire),Le Grand-Saconnex,Inconnu,Autre,Avec dommages matériels,2497461.0,1120928.0,Autre,Autre,120000.0,Samedi,0,0,0,0,0,0,0,0,0,0,0,0,0,0,0,0,0.0,0.0,0,0,,,2022,2497461.0,1120928.0,6.109419230373398,46.231959903544784
34568,46661,220326014,20220326,Dérapage ou perte de maîtrise,Collision avec un obstacle hors de la chaussée,"Vitesse - Poursuite, course",Genève,Nuit,Beau temps,Avec dommages matériels,2499731.752,1116313.074,Route sèche,Route secondaire,50000.0,Samedi,0,0,0,0,0,0,0,0,0,0,0,0,1,0,0,0,0.0,0.0,0,0,,,2022,2499731.75,1116313.07,6.139841503284576,46.19079424802206