,OBJECTID,ID_ACCIDENT,DATE_,GROUPE_ACCIDENT,TYPE,CAUSE,COMMUNE,CONDITIONS_LUMINEUSES,CONDITIONS_METEO,CONSEQUENCES,COOR_X,COOR_Y,ETAT_ROUTE,GENRE_ROUTE,HEURE,JOUR,NB_ENFANTS_IMPLIQUES,NB_ENFANTS_ECOLE,NB_BLESSES_LEGERS,NB_BLESSES_GRAVES,NB_TUES,NB_PIETONS,NB_BICYCLETTES,NB_VAE_25,NB_VAE_45,NB_CYCLOMOTEURS,NB_MOTOS_50,NB_MOTOS,NB_VOITURES_TOURISME,NB_VOITURES_LIVRAISON,NB_CAMIONS,NB_BUS,NB_TRAM,NB_TRAINS,NB_SENIORS,NB_TC,REF_GROUPE_CAUSE,TOTAL_PERSONNES,ANNEE,E,N,LATITUDE,LONGITUDE
34569,46662,220708225,20220520,Accident lors d'un dépassement ou lors d'un changement de voie de circulation,Collision lors du changement de voie vers la gauche,Conduite - Manque d'égards en changeant de voie,Genève,Jour,Beau temps,Avec dommages matériels,2499810.875,1117433.092,Route sèche,Route principale,140000.0,Vendredi,0,0,0,0,0,0,0,0,0,0,0,0,1,0,1,0,0.0,0.0,0,0,,,2022,2499810.88,1117433.09,6.14062595978161,46.200879909321934
34570,46663,220329164,20220325,Accident en traversant une route,Collision avec le trafic traversant depuis la droite,Signalisation - Inobservation d'un signal,Genève,Nuit,Beau temps,Avec blessés légers,2500080.752,1115991.233,Route sèche,Route secondaire,210000.0,Vendredi,1,0,1,0,0,0,0,0,0,0,0,0,2,0,0,0,0.0,0.0,0,0,,,2022,2500080.75,1115991.23,6.144430247042689,46.18795145558513
34571,46664,220409020,20220408,Accident impliquant des piétons,Piéton traversant la chaussée touché par un véhicule circulant en ligne droite,Priorité - Ne pas accorder la priorité à un passage pour piétons,Plan-les-Ouates,Jour,Beau temps,Avec blessés légers,2497401.216,1114273.155,Route sèche,Route principale,140000.0,Vendredi,0,0,1,0,0,1,0,0,0,0,0,0,1,0,0,0,0.0,0.0,0,0,,,2022,2497401.22,1114273.16,6.110107191761294,46.17209511636109
34572,46665,220311049,20220310,Collision frontale,Collision frontale avec le trafic venant en sens inverse (sans dépassement),Inattention et distraction - Manque d'attention momentané,Cologny,Jour,Beau temps,Avec blessés graves,2503710.032,1119877.0,Route sèche,Route principale,150000.0,Jeudi,0,0,1,1,0,0,0,0,0,0,0,0,3,0,0,0,0.0,0.0,1,0,,,2022,2503710.03,1119877.0,6.190629125434917,46.22343138001495
34573,46666,220325014,20220325,Accident lors d'un dépassement ou lors d'un changement de voie de circulation,Frôlement latéral avec le véhicule sur la voie voisine,Etat de la personne - Influence de l'alcool,Genève,Nuit,Beau temps,Avec dommages matériels,2499569.095,1117009.662,Route sèche,Route principale,20000.0,Vendredi,0,0,0,0,0,0,0,0,0,0,0,0,2,0,0,0,0.0,0.0,0,0,,,2022,2499569.09,1117009.66,6.137585070312079,46.19703534975686
34574,46667,220504023,20220503,Accident en traversant une route,Collision avec le trafic traversant depuis la droite,Priorité - Non-respect de la priorité de droite,Genève,Jour,Pluie,Avec blessés graves,2498587.724,1120216.131,Route mouillée,Route secondaire,150000.0,Mardi,0,0,0,1,0,0,0,0,0,0,0,1,1,0,0,0,0.0,0.0,0,0,,,2022,2498587.72,1120216.13,6.124177113576804,46.225728109345326
34575,46668,220912027,20220401,Dérapage ou perte de maîtrise,Collision avec un obstacle en manoeuvrant,Inattention et distraction - Manque d'attention momentané,Plan-les-Ouates,Nuit,Beau temps,Avec dommages matériels,2498349.166,1114098.645,Route sèche,Route principale,30000.0,Vendredi,0,0,0,0,0,0,0,0,0,0,0,0,0,0,1,0,0.0,0.0,0,0,,,2022,2498349.17,1114098.64,6.122417734232647,46.17066935861096
34576,46669,220316003,20220315,Dérapage ou perte de maîtrise,Collision avec un obstacle hors de la chaussée,Etat de la personne - Influence de l'alcool,Genève,Nuit,Beau temps,Avec blessés légers,2499967.303,1118043.122,Route sèche,Route principale,230000.0,Mardi,0,0,1,0,0,0,0,0,0,0,0,0,0,0,0,0,0.0,0.0,0,0,,,2022,2499967.3,1118043.12,6.142521378764273,46.20639003835288
34577,46670,220117154,20220117,Collision frontale,Frôlement avec le trafic en sens inverse (sans dépassement),Conduite - Croisement longitudinal non conforme ou circulation trop à gauche,Genève,Jour,Temps couvert,Avec blessés légers,2499502.759,1119795.655,Route sèche,Route secondaire,90000.0,Lundi,0,0,1,0,0,0,0,1,0,0,0,0,1,0,0,0,0.0,0.0,0,0,,,2022,2499502.76,1119795.66,6.136125936418197,46.22208372542737
34578,46671,220314304,20220314,Dérapage ou perte de maîtrise,Collision avec un obstacle sur la chaussée,Signalisation - Inobservation d'un signal,Meyrin,Jour,Beau temps,Avec dommages matériels,2494112.056,1120614.605,Route sèche,Route secondaire,100000.0,Lundi,0,0,0,0,0,0,0,0,0,0,0,0,1,0,0,0,0.0,0.0,1,0,,,2022,2494112.06,1120614.61,6.066086366177325,46.22862176732464
34579,46672,221001009,20220930,Accident impliquant des piétons,Piéton traversant la chaussée touché par un véhicule circulant en ligne droite,Comportement du piéton / du conducteur d'EAV - Traversée imprudente de la route,Genève,Jour,Beau temps,Avec blessés graves,2499571.227,1116235.379,Route sèche,Route secondaire,180000.0,Vendredi,1,1,0,1,0,1,0,0,0,0,0,0,1,0,0,0,0.0,0.0,0,0,,,2022,2499571.23,1116235.38,6.13777932863326,46.19007151987368
34580,47056,221223049,20221223,Collision frontale,Collision frontale avec le trafic venant en sens inverse (sans dépassement),"Inattention et distraction - Distraction par le maniement d'appareils techniques dans la voiture (radio, système de navigation, chauffage, etc.)",Genève,Aurore / crépuscule,Pluie,Avec dommages matériels,2498874.669,1117286.906,Route humide,Route principale,70000.0,Vendredi,0,0,0,0,0,0,0,0,0,0,0,0,2,0,0,0,0.0,0.0,0,0,,,2022,2498874.67,1117286.91,6.128530615511953,46.19942493696154
34581,47057,221201016,20221201,Dérapage ou perte de maîtrise,Collision avec un obstacle hors de la chaussée,"Vitesse - Poursuite, course",Vernier,Nuit,Temps couvert,Avec dommages matériels,2497168.595,1119149.359,Route humide,Route secondaire,0.0,Jeudi,0,0,0,0,0,0,0,0,0,0,0,0,1,0,0,0,0.0,0.0,0,0,,,2022,2497168.59,1119149.36,6.106021558196774,46.21591757841554
34582,47058,221114170,20221109,Accident impliquant des piétons,Piéton traversant la chaussée touché par un véhicule circulant en ligne droite,Priorité - Autres attitude fautive en lien avec la priorité,Genève,Jour,Pluie,Avec blessés légers,2500517.677,1117555.548,Route mouillée,Route secondaire,120000.0,Mercredi,0,0,1,0,0,1,0,0,0,0,0,0,1,0,0,0,0.0,0.0,0,0,,,2022,2500517.68,1117555.55,6.149755295643579,46.202086328313676
34583,47059,221001005,20220930,Accident en traversant une route,Collision avec le trafic traversant depuis la gauche,Priorité - Non-respect du signal de priorité «Cédez le passage»,Lancy,Nuit,Beau temps,Avec dommages matériels,2498079.185,1114752.194,Route sèche,Route secondaire,230000.0,Vendredi,0,0,0,0,0,0,0,0,0,0,0,2,0,0,0,0,0.0,0.0,0,0,,,2022,2498079.18,1114752.19,6.118779863594467,46.17650673344293
34584,47060,221019010,20221018,Collision frontale,Collision frontale avec le trafic venant en sens inverse (sans dépassement),Conduite - Manque d'égards en changeant de voie,Thônex,Aurore / crépuscule,Beau temps,Avec blessés graves,2504878.784,1116854.445,Route sèche,Autre,190000.0,Mardi,0,0,1,1,0,0,2,0,0,0,0,0,0,0,0,0,0.0,0.0,0,0,,,2022,2504878.78,1116854.45,6.206390972026918,46.19641155459974
34585,47061,220408144,20220407,Accident en parquant,Collision avec une portière ouverte,Utilisation du véhicule - Ouverture imprudente de la portière,Genève,Jour,Temps couvert,Avec blessés légers,2500668.378,1117260.106,Route mouillée,Route principale,140000.0,Jeudi,0,0,1,0,0,0,1,0,0,0,0,0,1,0,0,0,0.0,0.0,0,0,,,2022,2500668.38,1117260.11,6.151770280336031,46.199451312092485
34586,47062,220622300,20220622,Accident par tamponnement,Collision avec un véhicule en marche,Inattention et distraction - Manque d'attention momentané,Genève,Jour,Temps couvert,Avec blessés légers,2502161.858,1117306.821,Route humide,Route principale,70000.0,Mercredi,0,0,1,0,0,0,0,0,0,0,0,1,1,1,0,0,0.0,0.0,0,0,,,2022,2502161.86,1117306.82,6.171105653061863,46.200090456308075
34587,47063,220612018,20220612,Dérapage ou perte de maîtrise,Collision avec un obstacle en manoeuvrant,Etat de la personne - Influence de l'alcool,Genève,Nuit,Autre,Avec dommages matériels,2500519.661,1117864.404,Route sèche,Autre,40000.0,Dimanche,0,0,0,0,0,0,0,0,0,0,0,0,1,0,0,0,0.0,0.0,0,0,,,2022,2500519.66,1117864.4,6.149715116227253,46.20486453639988
34588,47064,220309014,20220307,Accident en parquant,Avec violation de l'obligation de déclarer,Cause inconnue - Véhicule stationné (omission de la déclaration obligatoire),Vernier,Nuit,Beau temps,Avec dommages matériels,2496209.852,1119404.135,Route sèche,Route secondaire,180000.0,Lundi,0,0,0,0,0,0,0,0,0,0,0,0,0,0,0,0,0.0,0.0,0,0,,,2022,2496209.85,1119404.14,6.093542688295715,46.2180617666788
34589,47065,220903014,20220903,Dérapage ou perte de maîtrise,Collision avec un obstacle hors de la chaussée,Etat de la personne - Influence de l'alcool,Genève,Nuit,Pluie,Avec dommages matériels,2499160.097,1116696.774,Route mouillée,Route principale,30000.0,Samedi,0,0,0,0,0,0,0,0,0,0,0,0,1,0,0,0,0.0,0.0,0,0,,,2022,2499160.1,1116696.77,6.1323552487052195,46.194159887807885
34590,47066,221109193,20221109,Collision frontale,Collision frontale avec le trafic venant en sens inverse (sans dépassement),Signalisation - Inobservation d'une marque,Genève,Jour,Pluie,Avec blessés graves,2500720.199,1118883.354,Route mouillée,Route principale,120000.0,Mercredi,0,0,0,1,0,0,0,0,0,0,0,1,0,1,0,0,0.0,0.0,0,0,,,2022,2500720.2,1118883.35,6.152096187752859,46.214059018446676
34591,47067,220423008,20220423,Dérapage ou perte de maîtrise,Sans collision,Etat de la personne - Influence de l'alcool,Dardagny,Nuit,Temps couvert,Avec blessés légers,2489469.544,1115419.179,Route sèche,Route principale,0.0,Samedi,0,0,1,0,0,0,0,1,0,0,0,0,0,0,0,0,0.0,0.0,0,0,,,2022,2489469.54,1115419.18,6.007151658373328,46.18114593224901
34592,47068,220122077,20220117,Accident en parquant,Collision avec un obstacle fixe (y compris véhicule correctement stationné),Cause inconnue - Cause inconnue,Genève,Inconnu,Autre,Avec dommages matériels,2500230.145,1118274.171,Autre,Route principale,180000.0,Lundi,0,0,0,0,0,0,0,0,0,0,0,0,0,0,0,0,0.0,0.0,0,0,,,2022,2500230.14,1118274.17,6.145876986057515,46.208507253127195
34593,47069,220214005,20220213,Accident par tamponnement,Collision avec véhicule à l'arrêt,Inattention et distraction - Manque d'attention momentané,Genève,Nuit,Beau temps,Avec dommages matériels,2500063.898,1118247.012,Route sèche,Route principale,210000.0,Dimanche,0,0,0,0,0,0,0,0,0,0,0,1,2,0,0,0,0.0,0.0,2,0,,,2022,2500063.9,1118247.01,6.14372913674269,46.20823826994559
34594,47070,220424022,20220408,Accident lors d'un dépassement ou lors d'un changement de voie de circulation,Collision lors du changement de voie vers la droite,Conduite - Manque d'égards en changeant de voie,Meyrin,Nuit,Pluie,Avec dommages matériels,2493219.387,1121210.0,Route mouillée,Route principale,60000.0,Vendredi,0,0,0,0,0,0,0,0,0,0,0,0,2,0,0,0,0.0,0.0,0,0,,,2022,2493219.39,1121210.0,6.054381288910236,46.233835565693724
34595,47071,221108219,20221108,Accident par tamponnement,Collision avec un véhicule en marche,Conduite - Suivre de trop près le véhicule qui précède,Bernex,Jour,Beau temps,Avec dommages matériels,2495423.903,1115240.641,Route sèche,Autoroute,80000.0,Mardi,0,0,0,0,0,0,0,0,0,0,0,0,0,2,0,0,0.0,0.0,0,0,,,2022,2495423.9,1115240.64,6.084291598698762,46.18049235022907
34596,47072,221106066,20221106,Dérapage ou perte de maîtrise,Collision avec un obstacle hors de la chaussée,Etat de la personne - Influence de l'alcool,Lancy,Nuit,Beau temps,Avec dommages matériels,2498137.098,1115163.324,Route humide,Route secondaire,190000.0,Dimanche,0,0,0,0,0,0,0,0,0,0,0,0,1,0,0,0,0.0,0.0,0,0,,,2022,2498137.1,1115163.32,6.119440139585155,46.18021334036901
34597,47073,220122093,20220121,Accident par tamponnement,Collision avec un véhicule en marche,Conduite - Suivre de trop près le véhicule qui précède,Carouge (GE),Jour,Beau temps,Avec blessés légers,2500070.474,1115172.034,Route sèche,Route principale,100000.0,Vendredi,0,0,1,0,0,0,0,0,0,0,0,0,3,0,0,0,0.0,0.0,0,0,,,2022,2500070.47,1115172.03,6.144472385614855,46.18058174529952
34598,47254,220808094,20220804,Accident en parquant,Collision avec un obstacle fixe (y compris véhicule correctement stationné),Conduite - Marche arrière imprudente,Genève,Jour,Beau temps,Avec dommages matériels,2500317.257,1119017.565,Route sèche,Route principale,140000.0,Jeudi,0,0,0,0,0,0,0,0,0,0,0,0,1,0,0,0,0.0,0.0,0,0,,,2022,2500317.26,1119017.57,6.146846822832205,46.215206601775634
34599,47255,221120037,20221120,Accident par tamponnement,Collision avec un véhicule en marche,Conduite - Suivre de trop près le véhicule qui précède,Versoix,Jour,Beau temps,Avec blessés légers,2500304.219,1128636.151,Route sèche,Autoroute,80000.0,Dimanche,0,0,1,0,0,0,0,0,0,0,0,1,1,0,0,0,0.0,0.0,0,0,,,2022,2500304.22,1128636.15,6.144619211972501,46.301717970335446
34600,47256,221127016,20221127,Dérapage ou perte de maîtrise,Collision avec un obstacle sur la chaussée,Inattention et distraction - Manque d'attention momentané,Genève,Nuit,Beau temps,Avec dommages matériels,2499891.1,1118172.92,Route sèche,Route principale,60000.0,Dimanche,0,0,0,0,0,0,0,0,0,0,0,0,1,0,0,0,0.0,0.0,0,0,,,2022,2499891.1,1118172.92,6.141506390965167,46.20754616319114
34601,47257,221119115,20221119,Dérapage ou perte de maîtrise,Collision avec un obstacle hors de la chaussée,Inattention et distraction - Manque d'attention momentané,Cartigny,Nuit,Temps couvert,Avec dommages matériels,2489901.296,1114656.613,Route humide,Route principale,190000.0,Samedi,0,0,0,0,0,0,0,0,0,0,0,0,1,0,0,0,0.0,0.0,0,0,,,2022,2489901.3,1114656.61,6.012921905993851,46.17435812035168
34602,47258,220612078,20220612,Dérapage ou perte de maîtrise,Collision avec un obstacle hors de la chaussée,"Etat de la personne - Excès de fatigue, endormissement (y compris endormissement passager)",Genthod,Jour,Beau temps,Avec dommages matériels,2500382.744,1123920.471,Route sèche,Route principale,170000.0,Dimanche,0,0,0,0,0,0,0,0,0,0,0,0,1,0,0,0,0.0,0.0,0,0,,,2022,2500382.74,1123920.47,6.146647507895931,46.25931491070553
34603,47259,220916023,20220907,Accident en parquant,Avec violation de l'obligation de déclarer,Cause inconnue - Véhicule stationné (omission de la déclaration obligatoire),Genève,Jour,Beau temps,Avec dommages matériels,2500916.504,1117548.987,Route sèche,Autre,170000.0,Mercredi,0,0,0,0,0,0,0,0,0,0,0,0,0,0,0,0,0.0,0.0,0,0,,,2022,2500916.5,1117548.99,6.154922867474527,46.20208622750318
34604,47260,220901016,20220827,Dérapage ou perte de maîtrise,Collision avec un obstacle hors de la chaussée,Inattention et distraction - Manque d'attention momentané,Genève,Nuit,Beau temps,Avec dommages matériels,2499774.613,1118171.866,Route sèche,Route secondaire,50000.0,Samedi,0,0,0,0,0,0,0,0,0,0,0,0,1,0,0,0,0.0,0.0,0,0,,,2022,2499774.61,1118171.87,6.139997497781448,46.20751935968336
34605,47261,221204024,20221204,Dérapage ou perte de maîtrise,Collision avec un obstacle sur la chaussée,Etat de la personne - Influence de l'alcool,Genève,Nuit,Beau temps,Avec blessés graves,2499226.92,1117667.968,Route sèche,Autre,60000.0,Dimanche,0,0,0,1,0,0,0,0,0,0,0,0,0,0,0,0,0.0,0.0,0,0,,,2022,2499226.92,1117667.97,6.133011032934243,46.202905218343865
34606,47262,220101017,20220101,Collision frontale,Collision frontale avec le trafic venant en sens inverse (sans dépassement),Inattention et distraction - Manque d'attention momentané,Genève,Aurore / crépuscule,Beau temps,Avec dommages matériels,2500118.481,1118589.575,Route sèche,Route principale,70000.0,Samedi,0,0,0,0,0,0,0,0,0,0,0,0,2,0,0,0,0.0,0.0,0,0,,,2022,2500118.48,1118589.57,6.144362902323927,46.21132749587068
34607,47263,221223107,20221222,Dérapage ou perte de maîtrise,Collision avec un obstacle hors de la chaussée,Inattention et distraction - Manque d'attention momentané,Meyrin,Nuit,Temps couvert,Avec dommages matériels,2495057.837,1120769.602,Route humide,Route secondaire,200000.0,Jeudi,0,0,0,0,0,0,0,0,0,0,0,0,1,0,0,0,0.0,0.0,1,0,,,2022,2495057.84,1120769.6,6.0783085753906265,46.230164163270004
34608,47264,221102278,20221102,Accident par tamponnement,Collision avec un véhicule en marche,Conduite - Suivre de trop près le véhicule qui précède,Collex-Bossy,Aurore / crépuscule,Beau temps,Avec dommages matériels,2497977.499,1126138.49,Route sèche,Route secondaire,170000.0,Mercredi,0,0,0,0,0,0,0,0,0,0,0,1,1,0,0,0,0.0,0.0,0,0,,,2022,2497977.5,1126138.49,6.11497233916011,46.27890343430487
34609,47265,221124007,20221108,Accident en parquant,Avec violation de l'obligation de déclarer,Cause inconnue - Véhicule stationné (omission de la déclaration obligatoire),Carouge (GE),Inconnu,Autre,Avec dommages matériels,2499867.895,1115913.639,Autre,Route principale,90000.0,Mardi,0,0,0,0,0,0,0,0,0,0,0,0,0,0,0,0,0.0,0.0,0,0,,,2022,2499867.89,1115913.64,6.141690289944313,46.18722191869685
34610,47266,221030033,20221017,Accident en parquant,Collision avec un obstacle fixe (y compris véhicule correctement stationné),Inattention et distraction - Manque d'attention momentané,Genève,Jour,Beau temps,Avec dommages matériels,2500473.615,1118707.248,Route sèche,Route secondaire,120000.0,Lundi,0,0,0,0,0,0,0,0,0,0,0,0,0,1,0,0,0.0,0.0,0,0,,,2022,2500473.61,1118707.25,6.1489388100671105,46.212438635935364
34611,47267,220208175,20220207,Accident en parquant,Collision avec une portière ouverte,Utilisation du véhicule - Ouverture imprudente de la portière,Genève,Jour,Beau temps,Avec dommages matériels,2501027.05,1116698.434,Route sèche,Route secondaire,140000.0,Lundi,0,0,0,0,0,0,0,0,0,0,0,0,2,0,0,0,0.0,0.0,0,0,,,2022,2501027.05,1116698.43,6.156535223602028,46.19445224228852
34612,47268,220402006,20220401,Accident par tamponnement,Collision avec véhicule à l'arrêt,Inattention et distraction - Manque d'attention momentané,Genève,Nuit,Chute de neige,Avec blessés légers,2498821.862,1117226.148,Route enneigée,Route principale,230000.0,Vendredi,0,0,1,0,0,0,0,0,0,0,0,0,2,0,0,0,0.0,0.0,1,0,,,2022,2498821.86,1117226.15,6.127859738974934,46.198870494990054
34613,47269,220821058,20220820,Accident par tamponnement,Collision avec véhicule à l'arrêt,Inattention et distraction - Manque d'attention momentané,Genève,Jour,Beau temps,Avec dommages matériels,2500929.797,1117650.675,Route sèche,Route principale,120000.0,Samedi,0,0,0,0,0,0,0,0,0,0,0,1,1,0,0,0,0.0,0.0,0,0,,,2022,2500929.8,1117650.68,6.155073567205141,46.203002827464765
34614,47270,220830113,20220830,Accident en s'engageant sur une route,Collision en s'engageant depuis le bord de la route,Priorité - Autres attitude fautive en lien avec la priorité,Vernier,Jour,Beau temps,Avec blessés graves,2495808.218,1118955.868,Route sèche,Route secondaire,70000.0,Mardi,1,0,0,2,0,0,0,0,1,0,0,0,0,1,0,0,0.0,0.0,0,0,,,2022,2495808.22,1118955.87,6.0884387660172345,46.21396775889321
34615,47271,220216251,20220214,Accident par tamponnement,Collision avec véhicule à l'arrêt,Conduite - Suivre de trop près le véhicule qui précède,Genève,Jour,Pluie,Avec dommages matériels,2500444.26,1116405.493,Route mouillée,Route principale,130000.0,Lundi,0,0,0,0,0,0,0,0,0,0,0,1,1,0,0,0,0.0,0.0,0,0,,,2022,2500444.26,1116405.49,6.149049487165799,46.19173138455994
34616,47489,221029014,20221029,Accident par tamponnement,Collision avec véhicule à l'arrêt,Etat de la personne - Influence de l'alcool,Genève,Nuit,Temps couvert,Avec dommages matériels,2498849.676,1116689.299,Route sèche,Route principale,40000.0,Samedi,0,0,0,0,0,0,0,0,0,0,0,0,1,1,0,0,0.0,0.0,0,0,,,2022,2498849.68,1116689.3,6.128336399110426,46.19404607040107
34617,47490,221215009,20221215,Dérapage ou perte de maîtrise,Sans collision,Etat de la personne - Influence de l'alcool,Lancy,Nuit,Temps couvert,Avec blessés légers,2498397.97,1115879.665,Route humide,Route secondaire,0.0,Jeudi,0,0,1,0,0,0,0,1,0,0,0,0,0,0,0,0,0.0,0.0,0,0,,,2022,2498397.97,1115879.66,6.122662162377748,46.18669579562704
34618,47491,220919087,20220916,Accident en parquant,Avec violation de l'obligation de déclarer,Cause inconnue - Véhicule stationné (omission de la déclaration obligatoire),Genève,Inconnu,Autre,Avec dommages matériels,2498727.0,1119099.0,Autre,Route secondaire,140000.0,Vendredi,0,0,0,0,0,0,0,0,0,0,0,0,0,0,0,0,0.0,0.0,0,0,,,2022,2498727.0,1119099.0,6.126224615232302,46.215701262250356
34619,47492,221121261,20221027,Accident lors d'un dépassement ou lors d'un changement de voie de circulation,Frôlement latéral avec le véhicule sur la voie voisine,Dépassement - En dépassant de trop près (latéral),Vandoeuvres,Jour,Beau temps,Avec dommages matériels,2505286.474,1119174.197,Route sèche,Route principale,140000.0,Jeudi,0,0,0,0,0,0,0,0,0,0,0,0,2,0,0,0,0.0,0.0,1,0,,,2022,2505286.47,1119174.2,6.211200747590657,46.217334098642084
34620,47493,221203028,20221128,Accident lors d'un dépassement ou lors d'un changement de voie de circulation,Frôlement latéral avec le véhicule sur la voie voisine,Dépassement - En dépassant de trop près (latéral),Genève,Jour,Temps couvert,Avec dommages matériels,2498852.65,1117256.929,Route sèche,Route principale,90000.0,Lundi,0,0,0,0,0,0,1,0,0,0,0,0,0,1,0,0,0.0,0.0,0,0,,,2022,2498852.65,1117256.93,6.128251887289802,46.199151973967254
34621,47494,220819210,20220819,Accident impliquant des piétons,Piéton traversant la chaussée touché par un véhicule circulant en ligne droite,Comportement du piéton / du conducteur d'EAV - Traversée imprudente de la route,Genève,Jour,Beau temps,Avec blessés légers,2499853.576,1117346.838,Route sèche,Route principale,130000.0,Vendredi,0,0,1,0,0,1,0,0,0,0,0,0,0,0,0,0,1.0,0.0,0,1,,,2022,2499853.58,1117346.84,6.141197571409004,46.200110507771306
34622,47495,220629006,20220628,Dérapage ou perte de maîtrise,Collision avec un obstacle hors de la chaussée,Inattention et distraction - Manque d'expérience pratique de la conduite,Onex,Jour,Beau temps,Avec blessés légers,2496564.983,1115085.733,Route sèche,Route secondaire,190000.0,Mardi,0,0,1,0,0,0,0,0,0,0,0,0,1,0,0,0,0.0,0.0,0,0,,,2022,2496564.98,1115085.73,6.099101027552823,46.17927551597132
34623,47496,221121422,20221121,Dérapage ou perte de maîtrise,Sans collision,Inattention et distraction - Manque d'attention momentané,Vernier,Jour,Pluie,Avec blessés légers,2495496.185,1119306.621,Route mouillée,Route secondaire,160000.0,Lundi,0,0,1,0,0,0,0,0,0,0,0,1,0,0,0,0,0.0,0.0,0,0,,,2022,2495496.18,1119306.62,6.084317319041886,46.21707405122732
34624,47497,220919318,20220919,Accident en traversant une route,Collision avec le trafic traversant depuis la gauche,Priorité - Non-respect du signal de priorité «Stop»,Genève,Nuit,Beau temps,Avec blessés légers,2499254.693,1118317.194,Route sèche,Route principale,200000.0,Lundi,0,0,1,0,0,0,0,0,0,0,0,0,2,0,0,0,0.0,0.0,0,0,,,2022,2499254.69,1118317.19,6.133230616357089,46.208748694453284
34625,47498,221103134,20221102,Accident en parquant,Avec violation de l'obligation de déclarer,Cause inconnue - Véhicule stationné (omission de la déclaration obligatoire),Vernier,Inconnu,Autre,Avec dommages matériels,2494773.374,1118994.695,Autre,Route principale,150000.0,Mercredi,0,0,0,0,0,0,0,0,0,0,0,0,0,0,0,0,0.0,0.0,0,0,,,2022,2494773.37,1118994.7,6.075022214425326,46.21415578542549
34626,47499,220819233,20220818,Accident par tamponnement,Collision avec un véhicule en marche,Conduite - Suivre de trop près le véhicule qui précède,Genève,Nuit,Temps couvert,Avec dommages matériels,2499662.251,1116555.985,Route sèche,Route principale,200000.0,Jeudi,0,0,0,0,0,0,0,0,0,0,0,0,1,1,0,0,0.0,0.0,0,0,,,2022,2499662.25,1116555.98,6.13888921641681,46.19296869946256
34627,47500,220717005,20220717,Accident par tamponnement,Collision avec véhicule à l'arrêt,Etat de la personne - Influence de l'alcool,Genève,Nuit,Beau temps,Avec dommages matériels,2500828.771,1117684.467,Route sèche,Route secondaire,20000.0,Dimanche,0,0,0,0,0,0,0,0,0,0,0,0,2,0,0,0,0.0,0.0,0,0,,,2022,2500828.77,1117684.47,6.153757657592354,46.20329185072837
34628,47501,220821009,20220821,Accident par tamponnement,Collision avec véhicule à l'arrêt,Etat de la personne - Influence de l'alcool,Genève,Nuit,Beau temps,Avec dommages matériels,2500222.503,1118840.49,Route sèche,Route principale,50000.0,Dimanche,0,0,0,0,0,0,0,0,0,0,0,0,1,1,0,0,0.0,0.0,0,0,,,2022,2500222.5,1118840.49,6.145656910562305,46.21359981542513
34629,47502,220514079,20220504,Accident en parquant,Collision avec un obstacle fixe (y compris véhicule correctement stationné),Conduite - Marche arrière imprudente,Meyrin,Nuit,Beau temps,Avec dommages matériels,2495515.903,1121336.113,Route sèche,Route principale,220000.0,Mercredi,0,0,0,0,0,0,0,0,0,0,0,0,1,0,0,0,0.0,0.0,1,0,,,2022,2495515.9,1121336.11,6.08411815322194,46.2353308919573
34630,47503,220611106,20220611,Dérapage ou perte de maîtrise,Collision avec un obstacle hors de la chaussée,Etat de la personne - Influence de l'alcool,Carouge (GE),Jour,Beau temps,Avec dommages matériels,2499626.226,1114585.29,Route sèche,Route principale,170000.0,Samedi,0,0,0,0,0,0,0,0,0,0,0,0,2,0,0,0,0.0,0.0,0,0,,,2022,2499626.23,1114585.29,6.138846203548371,46.17523824227643
34631,47504,220616015,20220612,Dérapage ou perte de maîtrise,Collision avec un obstacle sur la chaussée,Dépassement - Autre attitude fautive en rapport avec un dépassement,Bellevue,Aurore / crépuscule,Beau temps,Avec dommages matériels,2499687.006,1123468.409,Route sèche,Autoroute,200000.0,Dimanche,0,0,0,0,0,0,0,0,0,0,0,0,1,0,0,0,0.0,0.0,0,0,,,2022,2499687.01,1123468.41,6.137723153762663,46.2551453445315
34632,47505,220706403,20220706,Accident en quittant une route,Collision en obliquant à gauche avec le trafic venant en sens inverse,Priorité - Priorité en obliquant à gauche devant des véhicules venant en sens inverse,Vernier,Jour,Beau temps,Avec blessés légers,2497039.419,1119039.323,Route sèche,Route principale,140000.0,Mercredi,0,0,1,0,0,0,0,0,0,0,0,1,1,0,0,0,0.0,0.0,0,0,,,2022,2497039.42,1119039.32,6.104372210501334,46.21490806946852
34633,47506,220826165,20220805,Accident en parquant,Avec violation de l'obligation de déclarer,Cause inconnue - Véhicule stationné (omission de la déclaration obligatoire),Genève,Jour,Autre,Avec dommages matériels,2501578.839,1117996.645,Autre,Route secondaire,160000.0,Vendredi,0,0,0,0,0,0,0,0,0,0,0,0,0,0,0,0,0.0,0.0,0,0,,,2022,2501578.84,1117996.64,6.163408212217668,46.20620987420135