,OBJECTID,ID_ACCIDENT,DATE_,GROUPE_ACCIDENT,TYPE,CAUSE,COMMUNE,CONDITIONS_LUMINEUSES,CONDITIONS_METEO,CONSEQUENCES,COOR_X,COOR_Y,ETAT_ROUTE,GENRE_ROUTE,HEURE,JOUR,NB_ENFANTS_IMPLIQUES,NB_ENFANTS_ECOLE,NB_BLESSES_LEGERS,NB_BLESSES_GRAVES,NB_TUES,NB_PIETONS,NB_BICYCLETTES,NB_VAE_25,NB_VAE_45,NB_CYCLOMOTEURS,NB_MOTOS_50,NB_MOTOS,NB_VOITURES_TOURISME,NB_VOITURES_LIVRAISON,NB_CAMIONS,NB_BUS,NB_TRAM,NB_TRAINS,NB_SENIORS,NB_TC,REF_GROUPE_CAUSE,TOTAL_PERSONNES,ANNEE,E,N,LATITUDE,LONGITUDE
34634,46673,220825180,20220820,Accident en parquant,Collision avec un obstacle fixe (y compris véhicule correctement stationné),Cause inconnue - Véhicule stationné (omission de la déclaration obligatoire),Meyrin,Jour,Beau temps,Avec dommages matériels,2494784.452,1120375.984,Route sèche,Autre,150000.0,Samedi,0,0,0,0,0,0,0,0,0,0,0,0,1,0,0,0,0.0,0.0,1,0,,,2022,2494784.45,1120375.98,6.074854215851643,46.22658109249398
34635,46674,220101014,20220101,Dérapage ou perte de maîtrise,Collision avec un obstacle hors de la chaussée,Etat de la personne - Influence de l'alcool,Genève,Aurore / crépuscule,Beau temps,Avec dommages matériels,2499643.099,1117185.756,Route sèche,Route principale,70000.0,Samedi,0,0,0,0,0,0,0,0,0,0,0,0,1,0,0,0,0.0,0.0,0,0,,,2022,2499643.1,1117185.76,6.138505822344999,46.19863030824392
34636,46675,220532365,20220523,Accident en parquant,Avec violation de l'obligation de déclarer,Cause inconnue - Véhicule stationné (omission de la déclaration obligatoire),Lancy,Inconnu,Autre,Avec dommages matériels,2498158.932,1115313.492,Autre,Route principale,180000.0,Lundi,0,0,0,0,0,0,0,0,0,0,0,0,0,0,0,0,0.0,0.0,0,0,,,2022,2498158.93,1115313.49,6.119690063515196,46.18156732283514
34637,46676,220803300,20220803,Accident par tamponnement,Collision avec véhicule à l'arrêt,Etat de la personne - Influence de stupéfiants,Thônex,Jour,Beau temps,Avec dommages matériels,2505398.548,1117144.677,Route sèche,Route principale,160000.0,Mercredi,0,0,0,0,0,0,0,0,0,0,0,0,2,0,0,0,0.0,0.0,1,0,,,2022,2505398.55,1117144.68,6.213064458638858,46.19909536905163
34638,46677,220809154,20220805,Accident en parquant,Collision avec un obstacle fixe (y compris véhicule correctement stationné),Inattention et distraction - Manque d'attention momentané,Genève,Jour,Beau temps,Avec dommages matériels,2500181.707,1118615.01,Route sèche,Autre,130000.0,Vendredi,0,0,0,0,0,0,0,0,0,0,0,0,1,0,0,0,0.0,0.0,0,0,,,2022,2500181.71,1118615.01,6.145176657520146,46.211565706245764
34639,46678,220206023,20220204,Accident par tamponnement,"Collision avec véhicule à l'arrêt, en reculant",Etat de la personne - Autres facteurs d'influence de nature médicale,Genève,Jour,Beau temps,Avec dommages matériels,2498841.856,1117253.967,Route sèche,Route principale,170000.0,Vendredi,0,0,0,0,0,0,0,0,0,0,0,0,2,0,0,0,0.0,0.0,0,0,,,2022,2498841.86,1117253.97,6.128112767016515,46.19912372722644
34640,46679,220618110,20220618,Dérapage ou perte de maîtrise,Collision avec un obstacle hors de la chaussée,Etat de la personne - Influence de l'alcool,Soral,Jour,Beau temps,Avec dommages matériels,2492633.366,1111821.06,Route sèche,Route principale,190000.0,Samedi,0,0,0,0,0,0,0,0,0,0,0,0,1,0,0,0,0.0,0.0,0,0,,,2022,2492633.37,1111821.06,6.048944641458994,46.149296370493126
34641,46680,220824007,20220823,Dérapage ou perte de maîtrise,Collision avec un obstacle hors de la chaussée,Etat de la personne - Influence de l'alcool,Meyrin,Nuit,Beau temps,Avec blessés légers,2495255.161,1120531.452,Route sèche,Route secondaire,230000.0,Mardi,0,0,1,0,0,0,0,0,0,0,0,1,0,0,0,0,0.0,0.0,0,0,,,2022,2495255.16,1120531.45,6.080919363438252,46.22805296909686
34642,46681,220628260,20220627,Dérapage ou perte de maîtrise,Collision avec un obstacle hors de la chaussée,Inattention et distraction - Manque d'attention momentané,Thônex,Jour,Beau temps,Avec dommages matériels,2505324.198,1117081.882,Route sèche,Route principale,120000.0,Lundi,0,0,0,0,0,0,0,0,0,0,0,0,0,1,0,0,0.0,0.0,0,0,,,2022,2505324.2,1117081.88,6.212114132648192,46.19852004778676
34643,46682,220628329,20220628,Dérapage ou perte de maîtrise,Collision avec un obstacle hors de la chaussée,Inattention et distraction - Manque d'attention momentané,Genève,Jour,Beau temps,Avec blessés graves,2500425.839,1120075.0,Route sèche,Route principale,170000.0,Mardi,0,0,0,1,0,0,1,0,0,0,0,0,0,0,0,0,0.0,0.0,0,0,,,2022,2500425.84,1120075.0,6.148027941671534,46.22473363195813
34644,46683,221020257,20220831,Accident en parquant,Collision avec un obstacle fixe (y compris véhicule correctement stationné),Inattention et distraction - Manque d'attention momentané,Genève,Jour,Beau temps,Avec dommages matériels,2500526.096,1117853.86,Route sèche,Autre,130000.0,Mercredi,0,0,0,0,0,0,0,0,0,0,0,0,1,0,0,0,0.0,0.0,0,0,,,2022,2500526.1,1117853.86,6.149800788414017,46.204770688640956
34645,46684,220312007,20220311,Accident par tamponnement,Collision avec véhicule à l'arrêt,Conduite - Suivre de trop près le véhicule qui précède,Genève,Nuit,Beau temps,Avec blessés légers,2499752.462,1118344.563,Route sèche,Route principale,200000.0,Vendredi,0,0,1,0,0,0,0,0,0,0,0,0,1,1,0,0,0.0,0.0,0,0,,,2022,2499752.46,1118344.56,6.139673449511131,46.20906929364124
34646,46685,220204173,20220129,Accident par tamponnement,Collision avec véhicule à l'arrêt,Conduite - Croisement longitudinal non conforme ou circulation trop à gauche,Genève,Nuit,Beau temps,Avec dommages matériels,2501269.308,1117855.33,Route sèche,Route secondaire,190000.0,Samedi,0,0,0,0,0,0,0,0,0,0,0,0,1,0,0,0,0.0,0.0,0,0,,,2022,2501269.31,1117855.33,6.159428251965916,46.20489348222755
34647,46686,220722240,20220714,Accident en parquant,Avec violation de l'obligation de déclarer,Cause inconnue - Véhicule stationné (omission de la déclaration obligatoire),Genève,Inconnu,Autre,Avec dommages matériels,2499481.682,1116213.248,Autre,Route secondaire,180000.0,Jeudi,0,0,0,0,0,0,0,0,0,0,0,0,0,0,0,0,0.0,0.0,0,0,,,2022,2499481.68,1116213.25,6.136624352183259,46.18985909353262
34648,46687,220907153,20220606,Dérapage ou perte de maîtrise,Collision avec un obstacle hors de la chaussée,Cause inconnue - Cause inconnue,Lancy,Jour,Beau temps,Avec dommages matériels,2498155.322,1116684.514,Route sèche,Autre,100000.0,Lundi,0,0,0,0,0,0,0,0,0,0,0,0,0,0,0,0,0.0,0.0,0,0,,,2022,2498155.32,1116684.51,6.119344334833184,46.19389816623951
34649,46688,220430075,20220430,Dérapage ou perte de maîtrise,Sans collision,Inattention et distraction - Manque d'attention momentané,Vernier,Jour,Temps couvert,Avec dommages matériels,2496719.494,1119609.492,Route mouillée,Semi-autoroute,160000.0,Samedi,1,0,0,0,0,0,0,0,0,0,0,0,1,0,0,0,0.0,0.0,0,0,,,2022,2496719.49,1119609.49,6.100100789498878,46.21998725887539
34650,46689,220511009,20220509,Dérapage ou perte de maîtrise,Collision avec un autre usager de la route,Utilisation du véhicule - Connaissance insuffisante du véhicule,Carouge (GE),Jour,Beau temps,Avec dommages matériels,2499666.484,1115540.871,Route sèche,Autre,170000.0,Lundi,1,0,0,0,0,1,1,0,0,0,0,0,0,0,0,0,0.0,0.0,1,0,,,2022,2499666.48,1115540.87,6.139162093490745,46.183839070437216
34651,46690,220303280,20220303,Accident par tamponnement,Collision avec un véhicule en marche,Conduite - Suivre de trop près le véhicule qui précède,Plan-les-Ouates,Jour,Beau temps,Avec dommages matériels,2497359.245,1113145.226,Route sèche,Autoroute,180000.0,Jeudi,0,0,0,0,0,0,0,0,0,0,1,0,1,0,0,0,0.0,0.0,0,0,,,2022,2497359.25,1113145.23,6.109811537189315,46.16194378500258
34652,47074,220530125,20220527,Accident en parquant,Avec violation de l'obligation de déclarer,Cause inconnue - Véhicule stationné (omission de la déclaration obligatoire),Genève,Inconnu,Autre,Avec dommages matériels,2499943.495,1118160.802,Autre,Route principale,120000.0,Vendredi,0,0,0,0,0,0,0,0,0,0,0,0,0,0,0,0,0.0,0.0,0,0,,,2022,2499943.5,1118160.8,6.142187827672712,46.20744495353332
34653,47075,220720002,20220719,Accident en traversant une route,Collision avec le trafic traversant depuis la droite,Priorité - Non-respect de la priorité de droite,Genève,Nuit,Temps couvert,Avec dommages matériels,2500274.258,1118474.145,Route sèche,Route secondaire,230000.0,Mardi,0,0,0,0,0,0,0,0,0,0,0,0,2,0,0,0,0.0,0.0,0,0,,,2022,2500274.26,1118474.14,6.146405832503942,46.21031240650587
34654,47076,220603002,20220602,Dérapage ou perte de maîtrise,Collision avec un obstacle hors de la chaussée,Etat de la personne - Influence de l'alcool,Bellevue,Nuit,Beau temps,Avec dommages matériels,2500893.361,1123276.208,Route sèche,Route secondaire,210000.0,Jeudi,0,0,0,0,0,0,0,0,0,0,0,0,1,0,0,0,0.0,0.0,0,0,,,2022,2500893.36,1123276.21,6.1534059307847215,46.253595725738364
34655,47077,221221192,20221205,Accident en parquant,Collision avec un obstacle fixe (y compris véhicule correctement stationné),Dépassement - En dépassant de trop près (latéral),Genève,Jour,Autre,Avec dommages matériels,2500509.435,1117806.928,Route sèche,Autre,110000.0,Lundi,0,0,0,0,0,0,0,0,0,0,0,0,1,0,0,0,0.0,0.0,0,0,,,2022,2500509.43,1117806.93,6.149594844452975,46.20434611517723
34656,47078,221206115,20221206,Dérapage ou perte de maîtrise,Collision avec un obstacle hors de la chaussée,Etat de la personne - Influence de l'alcool,Genthod,Nuit,Beau temps,Avec dommages matériels,2501124.86,1123636.559,Route sèche,Route secondaire,80000.0,Mardi,0,0,0,0,0,0,0,0,0,0,0,0,1,0,0,0,0.0,0.0,0,0,,,2022,2501124.86,1123636.56,6.156331062353032,46.25687098507814
34657,47079,220416016,20220415,Dérapage ou perte de maîtrise,Sans collision,Inattention et distraction - Manque d'attention momentané,Cologny,Jour,Beau temps,Avec blessés graves,2503197.76,1118658.99,Route sèche,Route principale,130000.0,Vendredi,0,0,0,1,0,0,1,0,0,0,0,0,0,0,0,0,0.0,0.0,0,0,,,2022,2503197.76,1118658.99,6.184243464982973,46.21240244489859
34658,47080,220107180,20220107,Dérapage ou perte de maîtrise,Collision avec un autre usager de la route,Etat de la personne - Autres facteurs d'influence de nature médicale,Lancy,Nuit,Beau temps,Avec blessés légers,2497598.403,1116972.613,Route sèche,Route principale,220000.0,Vendredi,0,0,1,0,0,0,0,0,0,0,0,0,2,0,0,0,0.0,0.0,0,0,,,2022,2497598.4,1116972.61,6.1120681440029685,46.19640483536325
34659,47081,220315003,20220314,Accident impliquant des piétons,Piéton traversant la chaussée touché par un véhicule circulant en ligne droite,Comportement du piéton / du conducteur d'EAV - Traversée imprudente de la route,Genève,Nuit,Beau temps,Avec blessés légers,2499705.501,1119894.493,Route sèche,Route principale,200000.0,Lundi,0,0,1,0,0,1,0,0,0,0,0,0,1,0,0,0,0.0,0.0,0,0,,,2022,2499705.5,1119894.49,6.138731866454471,46.22300292843745
34660,47082,220408003,20220407,Accident en parquant,Collision avec une portière ouverte,Utilisation du véhicule - Ouverture imprudente de la portière,Genève,Nuit,Pluie,Avec blessés graves,2499313.563,1118638.031,Route mouillée,Route principale,220000.0,Jeudi,0,0,0,1,0,0,1,0,0,0,0,0,1,0,0,0,0.0,0.0,0,0,,,2022,2499313.56,1118638.03,6.133924059836053,46.21164326467242
34661,47083,220421120,20220419,Accident en parquant,Collision avec un obstacle fixe (y compris véhicule correctement stationné),Conduite - Marche arrière imprudente,Meyrin,Nuit,Beau temps,Avec dommages matériels,2495676.972,1120476.03,Route sèche,Route principale,200000.0,Mardi,0,0,0,0,0,0,0,0,0,0,0,0,1,0,0,0,0.0,0.0,0,0,,,2022,2495676.97,1120476.03,6.086398273009077,46.227620127670804
34662,47084,221125195,20221110,Accident en parquant,Collision avec un obstacle fixe (y compris véhicule correctement stationné),Inattention et distraction - Manque d'attention momentané,Genève,Jour,Beau temps,Avec dommages matériels,2501196.058,1117554.544,Route sèche,Autre,130000.0,Jeudi,0,0,0,0,0,0,0,0,0,0,0,0,0,0,0,0,0.0,0.0,0,0,,,2022,2501196.06,1117554.54,6.158543020959058,46.20217729414939
34663,47085,221021014,20221021,Accident par tamponnement,Collision avec véhicule à l'arrêt,Conduite - Suivre de trop près le véhicule qui précède,Genève,Nuit,Pluie,Avec dommages matériels,2498836.418,1116968.703,Route mouillée,Route principale,0.0,Vendredi,0,0,0,0,0,0,0,0,0,0,0,0,2,0,0,0,0.0,0.0,0,0,,,2022,2498836.42,1116968.7,6.128104120417504,46.19655709347039
34664,47086,220908006,20220908,Dérapage ou perte de maîtrise,Collision avec un obstacle hors de la chaussée,Inattention et distraction - Manque d'attention momentané,Lancy,Nuit,Pluie,Avec blessés légers,2498851.749,1114838.73,Route mouillée,Route secondaire,0.0,Jeudi,0,0,1,0,0,0,0,0,0,0,0,1,0,0,0,0,0.0,0.0,0,0,,,2022,2498851.75,1114838.73,6.128763983597264,46.177401736361965
34665,47087,220311073,20220209,Accident en parquant,Collision avec un autre usager de la route,Conduite - Marche arrière imprudente,Perly-Certoux,Jour,Beau temps,Avec dommages matériels,2496282.412,1112561.121,Route sèche,Route secondaire,80000.0,Mercredi,0,0,0,0,0,0,0,0,0,0,0,0,2,0,0,0,0.0,0.0,0,0,,,2022,2496282.41,1112561.12,6.096002553008236,46.156524993397184
34666,47088,220618075,20220617,Accident en parquant,Avec violation de l'obligation de déclarer,Cause inconnue - Véhicule stationné (omission de la déclaration obligatoire),Genève,Inconnu,Autre,Avec dommages matériels,2499893.139,1116460.499,Autre,Route principale,190000.0,Vendredi,0,0,0,0,0,0,0,0,0,0,0,0,0,0,0,0,0.0,0.0,0,0,,,2022,2499893.14,1116460.5,6.141900048719029,46.19214433490123
34667,47089,221223123,20221007,Accident par tamponnement,Collision avec véhicule à l'arrêt,Inattention et distraction - Manque d'attention momentané,Thônex,Jour,Beau temps,Avec blessés légers,2503609.709,1116197.435,Route sèche,Route principale,160000.0,Vendredi,0,0,1,0,0,0,0,0,0,0,0,1,0,0,0,1,0.0,0.0,0,1,,,2022,2503609.71,1116197.43,6.190089104192788,46.19032126125923
34668,47090,220725006,20220724,Dérapage ou perte de maîtrise,Collision avec un obstacle hors de la chaussée,Dépassement - En dépassant de trop près (latéral),Genève,Aurore / crépuscule,Beau temps,Avec dommages matériels,2501281.93,1117842.393,Route sèche,Route principale,200000.0,Dimanche,0,0,0,0,0,0,0,0,0,0,0,0,0,0,0,1,0.0,0.0,0,1,,,2022,2501281.93,1117842.39,6.15959447278441,46.2047789481576
34669,47091,220608196,20220608,Accident impliquant des piétons,Autre cas d'accident impliquant des piétons,"Vitesse - Inadaptée aux conditions de visibilité (réduite en raison du temps, de la luminosité)",Meyrin,Jour,Beau temps,Avec blessés légers,2495353.016,1121059.444,Route sèche,Autre,160000.0,Mercredi,0,0,1,0,0,1,0,0,0,0,0,0,0,0,0,0,0.0,0.0,0,0,,,2022,2495353.02,1121059.44,6.082069102756167,46.232817098296685
34670,47272,220414140,20220414,Accident en s'engageant sur une route,Collision en s'engageant depuis le bord de la route,Priorité - Non-respect du signal de priorité «Stop»,Genève,Jour,Beau temps,Avec blessés graves,2500368.436,1117030.476,Route sèche,Route principale,100000.0,Jeudi,0,0,0,1,0,0,0,0,0,0,0,1,1,0,0,0,0.0,0.0,0,0,,,2022,2500368.44,1117030.48,6.147934160913556,46.19734154827713
34671,47273,221129178,20221129,Accident en s'engageant sur une route,Collision en obliquant à droite avec le trafic venant de gauche,Priorité - Non-respect du signal de priorité «Stop»,Plan-les-Ouates,Aurore / crépuscule,Pluie,Avec blessés légers,2497107.387,1113579.516,Route mouillée,Route principale,70000.0,Mardi,0,0,1,0,0,0,1,0,0,0,0,1,0,0,0,0,0.0,0.0,0,0,,,2022,2497107.39,1113579.52,6.106455867294538,46.16581143756515
34672,47274,220619019,20220619,Dérapage ou perte de maîtrise,Collision avec un obstacle hors de la chaussée,Etat de la personne - Influence de l'alcool,Genève,Nuit,Beau temps,Avec dommages matériels,2499184.37,1118130.138,Route sèche,Route secondaire,50000.0,Dimanche,0,0,0,0,0,0,0,0,0,0,0,0,1,0,0,0,0.0,0.0,0,0,,,2022,2499184.37,1118130.14,6.132360016357344,46.20705575745419
34673,47275,221107062,20221107,Accident impliquant des piétons,Piéton traversant la chaussée touché par un véhicule circulant en ligne droite,Signalisation lumineuse - Non-respect d'un feu rouge,Carouge (GE),Nuit,Temps couvert,Avec blessés légers,2499651.855,1115092.334,Route humide,Route principale,70000.0,Lundi,2,0,2,0,0,1,1,0,0,0,0,0,0,0,0,0,0.0,0.0,0,0,,,2022,2499651.86,1115092.33,6.13906913298792,46.17980256216316
34674,47276,220831263,20220831,Accident en traversant une route,Autre cas d'accident en traversant une route,Comportement du piéton / du conducteur d'EAV - Traversée imprudente de la route,Carouge (GE),Jour,Beau temps,Avec blessés légers,2499551.9,1115532.837,Route sèche,Route principale,180000.0,Mercredi,0,0,1,0,0,0,0,0,0,0,0,0,1,0,0,0,0.0,0.0,0,0,,,2022,2499551.9,1115532.84,6.137680092489398,46.183749740292924
34675,47277,220723009,20220627,Accident en parquant,Avec violation de l'obligation de déclarer,Cause inconnue - Véhicule stationné (omission de la déclaration obligatoire),Genève,Inconnu,Autre,Avec dommages matériels,2501620.339,1117643.64,Autre,Route principale,100000.0,Lundi,0,0,0,0,0,0,0,0,0,0,0,0,0,0,0,0,0.0,0.0,0,0,,,2022,2501620.34,1117643.64,6.164020239906719,46.20304092285417
34676,47278,221003210,20221003,Accident en quittant une route,Collision en obliquant à gauche avec le trafic venant en sens inverse,Priorité - Priorité en obliquant à gauche devant des véhicules venant en sens inverse,Onex,Jour,Beau temps,Avec dommages matériels,2496635.563,1115599.88,Route sèche,Route secondaire,70000.0,Lundi,0,0,0,0,0,0,1,0,0,0,0,0,0,1,0,0,0.0,0.0,0,0,,,2022,2496635.56,1115599.88,6.099901134343604,46.18391077525696
34677,47279,220111191,20220110,Accident lors d'un dépassement ou lors d'un changement de voie de circulation,Collision lors du changement de voie vers la droite,Inattention et distraction - Manque d'attention momentané,Genève,Jour,Autre,Avec dommages matériels,2500492.689,1119455.415,Route sèche,Route principale,130000.0,Lundi,0,0,0,0,0,0,0,0,0,0,0,0,2,0,0,0,0.0,0.0,0,0,,,2022,2500492.69,1119455.41,6.149026436337149,46.21917070141583
34678,47280,220530037,20220504,Dérapage ou perte de maîtrise,Collision avec un obstacle hors de la chaussée,Conduite - Demi-tour imprudent,Genève,Jour,Beau temps,Avec dommages matériels,2499353.0,1119374.715,Route sèche,Route secondaire,110000.0,Mercredi,0,0,0,0,0,0,0,0,0,0,0,0,1,0,0,0,0.0,0.0,1,0,,,2022,2499353.0,1119374.71,6.134276118749326,46.21827513592336
34679,47281,220913387,20220628,Accident en parquant,Collision avec un obstacle fixe (y compris véhicule correctement stationné),Inattention et distraction - Manque d'attention momentané,Genève,Aurore / crépuscule,Beau temps,Avec dommages matériels,2500215.093,1118578.339,Route sèche,Route secondaire,160000.0,Mardi,0,0,0,0,0,0,0,0,0,0,0,0,1,0,0,0,0.0,0.0,0,0,,,2022,2500215.09,1118578.34,6.145616967153836,46.211240838928504
34680,47282,220801006,20220731,Accident en s'engageant sur une route,Collision en obliquant à gauche avec le trafic venant de gauche,Priorité - Non-respect du signal de priorité «Stop»,Genève,Nuit,Beau temps,Avec blessés légers,2499893.848,1117994.689,Route sèche,Route secondaire,230000.0,Dimanche,0,0,1,0,0,0,0,0,0,0,0,0,2,0,0,0,0.0,0.0,0,0,,,2022,2499893.85,1117994.69,6.141580247921331,46.20594350641319
34681,47283,220521005,20220520,Accident en traversant une route,Collision avec le trafic traversant depuis la gauche,Priorité - Non-respect du signal de priorité «Cédez le passage»,Meyrin,Jour,Beau temps,Avec blessés graves,2495697.491,1120396.494,Route sèche,Route principale,200000.0,Vendredi,0,0,0,1,0,0,1,0,0,0,0,0,1,0,0,0,0.0,0.0,0,0,,,2022,2495697.49,1120396.49,6.086681992574826,46.22690790881271
34682,47284,220629005,20220626,Accident en parquant,Collision avec un obstacle fixe (y compris véhicule correctement stationné),Inattention et distraction - Manque d'attention momentané,Collonge-Bellerive,Jour,Beau temps,Avec dommages matériels,2505732.552,1122499.417,Route sèche,Autre,110000.0,Dimanche,0,0,0,0,0,0,0,0,0,0,0,0,1,0,0,0,0.0,0.0,0,0,,,2022,2505732.55,1122499.42,6.216308477674851,46.24730556473055
34683,47285,220901053,20220901,Accident impliquant des piétons,Piéton traversant la chaussée touché par un véhicule circulant en ligne droite,Priorité - Ne pas accorder la priorité à un passage pour piétons,Genève,Jour,Beau temps,Avec blessés légers,2499784.064,1116490.888,Route sèche,Route secondaire,70000.0,Jeudi,0,0,1,0,0,1,0,0,0,0,0,1,0,0,0,0,0.0,0.0,0,0,,,2022,2499784.06,1116490.89,6.140480803112804,46.19240142381281
34684,47286,220531254,20220531,Collision frontale,Frôlement avec le trafic en sens inverse (sans dépassement),Inattention et distraction - Manque d'attention momentané,Genève,Jour,Temps couvert,Avec blessés légers,2499991.507,1118357.764,Route sèche,Route principale,100000.0,Mardi,0,0,1,0,0,0,1,0,0,0,0,1,0,0,0,0,0.0,0.0,0,0,,,2022,2499991.51,1118357.76,6.14276758278403,46.20922362985427
34685,47287,220126196,20220126,Dérapage ou perte de maîtrise,Collision avec un obstacle hors de la chaussée,Priorité - Non-respect du signal de priorité «Cédez le passage»,Lancy,Nuit,Beau temps,Avec dommages matériels,2498468.966,1114183.608,Route sèche,Route principale,200000.0,Mercredi,0,0,0,0,0,0,0,0,0,0,0,0,1,0,0,0,0.0,0.0,0,0,,,2022,2498468.97,1114183.61,6.1239502163084,46.171451699927324
34686,47288,221015004,20221014,Dérapage ou perte de maîtrise,Collision avec un obstacle sur la chaussée,Etat de l'infrastructure - Signalisation ou marquage insuffisant,Collex-Bossy,Aurore / crépuscule,Pluie,Avec blessés graves,2498412.951,1125027.994,Route mouillée,Route secondaire,190000.0,Vendredi,0,0,0,1,0,0,0,1,0,0,0,0,0,0,0,0,0.0,0.0,0,0,,,2022,2498412.95,1125027.99,6.120863262479093,46.268981242863944
34687,47289,220409017,20220409,Dérapage ou perte de maîtrise,Collision avec un obstacle hors de la chaussée,Etat de la personne - Influence de l'alcool,Genève,Nuit,Beau temps,Avec dommages matériels,2500851.004,1117678.317,Route sèche,Route principale,60000.0,Samedi,0,0,0,0,0,0,0,0,0,0,0,0,1,0,0,0,0.0,0.0,0,0,,,2022,2500851.0,1117678.32,6.154046930236306,46.20323981442557
34688,46401,220428082,20220407,Accident en parquant,Avec violation de l'obligation de déclarer,Cause inconnue - Véhicule stationné (omission de la déclaration obligatoire),Genève,Nuit,Temps couvert,Avec dommages matériels,2499639.581,1116951.0,Route humide,Route principale,180000.0,Jeudi,0,0,0,0,0,0,0,0,0,0,0,0,0,0,0,0,0.0,0.0,0,0,,,2022,2499639.58,1116951.0,6.13851069618762,46.19651826709084
34689,46402,220303279,20220303,Accident impliquant des piétons,Piéton traversant la chaussée touché par un véhicule circulant en ligne droite,Comportement du piéton / du conducteur d'EAV - Traversée imprudente de la route,Genève,Jour,Beau temps,Avec blessés légers,2500931.004,1117603.987,Route sèche,Route principale,160000.0,Jeudi,0,0,1,0,0,1,0,0,0,0,0,1,0,0,0,0,0.0,0.0,1,0,,,2022,2500931.0,1117603.99,6.15509902190712,46.202583056142075
34690,46403,220927228,20220927,Dérapage ou perte de maîtrise,Collision avec un obstacle sur la chaussée,Inattention et distraction - Manque d'attention momentané,Carouge (GE),Jour,Beau temps,Avec dommages matériels,2499592.977,1115307.522,Route sèche,Route principale,100000.0,Mardi,0,0,0,0,0,0,0,0,0,0,0,0,1,0,0,0,0.0,0.0,1,0,,,2022,2499592.98,1115307.52,6.13826048243156,46.1817292680894
34691,46404,220228041,20220227,Accident par tamponnement,Collision avec véhicule à l'arrêt,Conduite - Suivre de trop près le véhicule qui précède,Meyrin,Jour,Beau temps,Avec blessés légers,2494509.34,1120658.995,Route sèche,Route principale,140000.0,Dimanche,0,0,1,0,0,0,0,0,0,0,0,1,1,0,0,0,0.0,0.0,0,0,,,2022,2494509.34,1120659.0,6.0712249728005965,46.229083509914524
34692,46405,220531007,20220525,Accident en parquant,Collision avec un autre usager de la route,Conduite - Marche arrière imprudente,Genève,Aurore / crépuscule,Beau temps,Avec dommages matériels,2500117.86,1118102.241,Route sèche,Route principale,200000.0,Mercredi,0,0,0,0,0,0,0,0,0,0,0,0,2,0,0,0,0.0,0.0,0,0,,,2022,2500117.86,1118102.24,6.1444591789502665,46.206944174910056
34693,46406,220516525,20220511,Accident en parquant,Collision avec un obstacle fixe (y compris véhicule correctement stationné),Conduite - Marche arrière imprudente,Genève,Jour,Beau temps,Avec dommages matériels,2501626.852,1117476.786,Route sèche,Autre,80000.0,Mercredi,0,0,0,0,0,0,0,0,0,0,0,0,0,0,0,0,0.0,0.0,0,0,,,2022,2501626.85,1117476.79,6.164139734935959,46.20154115847041
34694,46407,220709091,20220623,Dérapage ou perte de maîtrise,Collision avec un obstacle hors de la chaussée,"Vitesse - Inadaptée au tracé de la route (virage serré, proximité d'une intersection, etc.)",Meyrin,Jour,Temps couvert,Avec dommages matériels,2495036.357,1120103.819,Route humide,Route principale,160000.0,Jeudi,0,0,0,0,0,0,0,0,0,0,0,0,1,0,0,0,0.0,0.0,0,0,,,2022,2495036.36,1120103.82,6.078180039638524,46.22417261301198
34695,46408,221109219,20221109,Accident en traversant une route,Collision avec le trafic traversant depuis la droite,Cause inconnue - Cause inconnue,Genève,Nuit,Pluie,Avec dommages matériels,2500419.253,1118450.724,Route mouillée,Route secondaire,190000.0,Mercredi,0,0,0,0,0,0,0,0,0,0,0,0,2,0,0,0,0.0,0.0,0,0,,,2022,2500419.25,1118450.72,6.148289263086929,46.21012325490085
34696,46409,220620031,20220619,Accident en parquant,Collision avec une portière ouverte,Utilisation du véhicule - Ouverture imprudente de la portière,Pregny-Chambésy,Jour,Beau temps,Avec dommages matériels,2500758.927,1122118.798,Route sèche,Route principale,170000.0,Dimanche,0,0,0,0,0,0,0,1,0,0,0,0,1,0,0,0,0.0,0.0,0,0,,,2022,2500758.93,1122118.8,6.1519094212768834,46.24316566199722
34697,46410,220114007,20220114,Dérapage ou perte de maîtrise,Collision avec un obstacle hors de la chaussée,"Inattention et distraction - Distraction par le maniement d'appareils techniques dans la voiture (radio, système de navigation, chauffage, etc.)",Versoix,Nuit,Beau temps,Avec dommages matériels,2500296.12,1128685.267,Route sèche,Autoroute,10000.0,Vendredi,0,0,0,0,0,0,0,0,0,0,0,0,1,0,0,0,0.0,0.0,0,0,,,2022,2500296.12,1128685.27,6.144503564480586,46.30215857192841
34698,46411,220210254,20220210,Accident impliquant des piétons,Piéton traversant la chaussée touché par un véhicule circulant en ligne droite,Priorité - Ne pas accorder la priorité à un passage pour piétons,Genève,Jour,Beau temps,Avec blessés légers,2501119.129,1115802.903,Route sèche,Route principale,130000.0,Jeudi,0,0,1,0,0,1,0,0,0,0,0,0,1,0,0,0,0.0,0.0,1,0,,,2022,2501119.13,1115802.9,6.157917462004696,46.18641104362748
34699,46412,220617111,20220617,Accident lors d'un dépassement ou lors d'un changement de voie de circulation,Collision avec le véhicule dépassé par la droite,Dépassement - Dépassement par la droite,Genève,Jour,Beau temps,Avec blessés graves,2501012.832,1116911.02,Route sèche,Autre,110000.0,Vendredi,0,0,0,1,0,0,0,1,0,0,0,0,1,0,0,0,0.0,0.0,1,0,,,2022,2501012.83,1116911.02,6.156305975056631,46.19636226642721