,OBJECTID,ID_ACCIDENT,DATE_,GROUPE_ACCIDENT,TYPE,CAUSE,COMMUNE,CONDITIONS_LUMINEUSES,CONDITIONS_METEO,CONSEQUENCES,COOR_X,COOR_Y,ETAT_ROUTE,GENRE_ROUTE,HEURE,JOUR,NB_ENFANTS_IMPLIQUES,NB_ENFANTS_ECOLE,NB_BLESSES_LEGERS,NB_BLESSES_GRAVES,NB_TUES,NB_PIETONS,NB_BICYCLETTES,NB_VAE_25,NB_VAE_45,NB_CYCLOMOTEURS,NB_MOTOS_50,NB_MOTOS,NB_VOITURES_TOURISME,NB_VOITURES_LIVRAISON,NB_CAMIONS,NB_BUS,NB_TRAM,NB_TRAINS,NB_SENIORS,NB_TC,REF_GROUPE_CAUSE,TOTAL_PERSONNES,ANNEE,E,N,LATITUDE,LONGITUDE
34700,46413,221112004,20221106,Dérapage ou perte de maîtrise,Collision avec un obstacle hors de la chaussée,Inattention et distraction - Manque d'attention momentané,Genève,Nuit,Beau temps,Avec dommages matériels,2499603.469,1116233.563,Route sèche,Route principale,20000.0,Dimanche,0,0,0,0,0,0,0,0,0,0,0,0,1,0,0,0,0.0,0.0,0,0,,,2022,2499603.47,1116233.56,6.13819725236797,46.1900599648114
34701,46414,220408218,20220407,Dérapage ou perte de maîtrise,Collision avec un obstacle hors de la chaussée,Inattention et distraction - Manque d'attention momentané,Carouge (GE),Jour,Pluie,Avec dommages matériels,2499424.864,1115518.595,Route mouillée,Route principale,130000.0,Jeudi,0,0,0,0,0,0,0,0,0,0,0,0,1,0,0,0,0.0,0.0,0,0,,,2022,2499424.86,1115518.59,6.136038088291945,46.18360258242001
34702,46415,220226032,20220226,Accident impliquant des piétons,Piéton traversant la chaussée touché par un véhicule circulant en ligne droite,Inattention et distraction - Manque d'attention momentané,Genève,Nuit,Beau temps,Avec blessés graves,2501886.757,1118349.239,Route sèche,Route principale,60000.0,Samedi,0,0,0,1,0,1,0,0,0,0,0,0,0,0,1,0,0.0,0.0,0,0,,,2022,2501886.76,1118349.24,6.167323083752524,46.20942632141075
34703,46416,220515072,20220514,Accident lors d'un dépassement ou lors d'un changement de voie de circulation,Collision lors du changement de voie vers la gauche,Conduite - Manque d'égards en changeant de voie,Genève,Jour,Beau temps,Avec dommages matériels,2498962.893,1118857.453,Route sèche,Route principale,170000.0,Samedi,0,0,0,0,0,0,0,0,0,0,0,0,1,1,0,0,0.0,0.0,0,0,,,2022,2498962.89,1118857.45,6.129333312280626,46.21356418145636
34704,46417,220703004,20220702,Accident impliquant des piétons,Piéton traversant la chaussée touché par un véhicule circulant en ligne droite,Comportement du piéton / du conducteur d'EAV - Traversée imprudente de la route,Genève,Nuit,Beau temps,Avec blessés légers,2500065.704,1118460.942,Route sèche,Route principale,220000.0,Samedi,0,0,1,0,0,1,0,0,0,0,0,0,1,0,0,0,0.0,0.0,0,0,,,2022,2500065.7,1118460.94,6.143706641839774,46.210162703968656
34705,46418,220613204,20220612,Dérapage ou perte de maîtrise,Collision avec un obstacle hors de la chaussée,Inattention et distraction - Manque d'attention momentané,Meyrin,Jour,Beau temps,Avec dommages matériels,2496866.767,1119688.005,Route sèche,Route principale,150000.0,Dimanche,0,0,0,0,0,0,0,0,0,0,0,0,1,0,0,0,0.0,0.0,0,0,,,2022,2496866.77,1119688.0,6.1019918528703725,46.220716019701676
34706,46691,220121047,20220120,Accident impliquant des piétons,Piéton traversant la chaussée touché par un véhicule circulant en ligne droite,Comportement du piéton / du conducteur d'EAV - Traversée imprudente de la route,Genève,Aurore / crépuscule,Temps couvert,Avec blessés légers,2499229.871,1117294.13,Route sèche,Route principale,70000.0,Jeudi,0,0,2,0,0,1,0,0,0,0,0,1,0,0,0,0,0.0,0.0,0,0,,,2022,2499229.87,1117294.13,6.133129951713312,46.19954321263746
34707,46692,220203250,20220203,Accident par tamponnement,Collision avec véhicule à l'arrêt,Conduite - Suivre de trop près le véhicule qui précède,Vandoeuvres,Jour,Temps couvert,Avec blessés légers,2504257.581,1119309.129,Route mouillée,Route principale,70000.0,Jeudi,0,0,2,0,0,0,0,0,0,0,0,0,2,0,0,0,0.0,0.0,0,0,,,2022,2504257.58,1119309.13,6.197841311352591,46.21840192610451
34708,46693,220421226,20220420,Accident lors d'un dépassement ou lors d'un changement de voie de circulation,Collision avec le véhicule dépassé en se rabattant,Dépassement - En dépassant de trop près (latéral),Genève,Jour,Beau temps,Avec dommages matériels,2501588.006,1116442.484,Route sèche,Route principale,140000.0,Mercredi,0,0,0,0,0,0,0,0,0,0,0,0,2,0,0,0,0.0,0.0,1,0,,,2022,2501588.01,1116442.48,6.163854651422084,46.19223246994703
34709,46694,220603073,20220512,Collision frontale,Frôlement avec le trafic en sens inverse (sans dépassement),Conduite - Croisement longitudinal non conforme ou circulation trop à gauche,Lancy,Jour,Beau temps,Avec dommages matériels,2499220.935,1114623.218,Route sèche,Route secondaire,190000.0,Jeudi,0,0,0,0,0,0,0,0,0,0,0,0,1,0,0,0,0.0,0.0,0,0,,,2022,2499220.93,1114623.22,6.133590514407374,46.17551878853088
34710,46695,220708008,20220707,Dérapage ou perte de maîtrise,Sans collision,Etat de la personne - Influence de l'alcool,Genève,Nuit,Beau temps,Avec blessés légers,2501256.081,1117095.822,Route sèche,Route principale,220000.0,Jeudi,0,0,1,0,0,0,1,0,0,0,0,0,0,0,0,0,0.0,0.0,1,0,,,2022,2501256.08,1117095.82,6.159417537269296,46.19806020250198
34711,46696,221210075,20221128,Accident en s'engageant sur une route,Collision en s'engageant depuis le bord de la route,Priorité - Autres attitude fautive en lien avec la priorité,Carouge (GE),Nuit,Pluie,Avec blessés légers,2499727.148,1115165.035,Route mouillée,Route secondaire,190000.0,Lundi,0,0,1,0,0,0,0,0,0,0,0,1,0,1,0,0,0.0,0.0,0,0,,,2022,2499727.15,1115165.04,6.14002840479178,46.18046777173714
34712,46697,220607375,20220607,Accident par tamponnement,Collision avec véhicule à l'arrêt,Conduite - Suivre de trop près le véhicule qui précède,Cologny,Jour,Beau temps,Avec blessés légers,2503095.387,1120001.342,Route sèche,Route principale,110000.0,Mardi,0,0,2,0,0,0,0,0,0,0,0,0,3,0,0,0,0.0,0.0,2,0,,,2022,2503095.39,1120001.34,6.182638283784086,46.22446139230471
34713,46698,220329264,20220328,Dérapage ou perte de maîtrise,Collision avec un obstacle hors de la chaussée,Inattention et distraction - Distraction par le maniement du téléphone,Genève,Nuit,Temps couvert,Avec dommages matériels,2499967.985,1115975.399,Route sèche,Route principale,0.0,Lundi,0,0,0,0,0,0,0,0,0,0,0,0,1,0,0,0,0.0,0.0,0,0,,,2022,2499967.98,1115975.4,6.14297323617824,46.18779230784282
34714,46699,220304073,20220301,Accident en parquant,Avec violation de l'obligation de déclarer,Cause inconnue - Véhicule stationné (omission de la déclaration obligatoire),Versoix,Inconnu,Autre,Avec dommages matériels,2501738.0,1125420.0,Autre,Route secondaire,160000.0,Mardi,0,0,0,0,0,0,0,0,0,0,0,0,0,0,0,0,0.0,0.0,0,0,,,2022,2501738.0,1125420.0,6.163905174192541,46.27300200835463
34715,46700,220205087,20220205,Accident en traversant une route,Collision avec le trafic traversant depuis la gauche,Etat de la personne - Influence de l'alcool,Genève,Nuit,Beau temps,Avec blessés légers,2500747.648,1117402.443,Route sèche,Route principale,180000.0,Samedi,0,0,2,0,0,0,0,0,0,0,0,0,1,1,0,0,0.0,0.0,2,0,,,2022,2500747.65,1117402.44,6.152766804210023,46.20074319118237
34716,46701,220718456,20220718,Accident lors d'un dépassement ou lors d'un changement de voie de circulation,Collision lors du changement de voie vers la gauche,Conduite - Manque d'égards en changeant de voie,Meyrin,Jour,Beau temps,Avec blessés graves,2496777.016,1119725.081,Route sèche,Route principale,130000.0,Lundi,0,0,0,1,0,0,0,1,0,0,0,0,0,0,0,0,1.0,0.0,0,1,,,2022,2496777.02,1119725.08,6.100820671597148,46.22103574860698
34717,46702,220218038,20220218,Accident lors d'un dépassement ou lors d'un changement de voie de circulation,Collision avec le véhicule dépassé par la droite,Dépassement - Dépassement par la droite,Lancy,Aurore / crépuscule,Beau temps,Avec blessés graves,2497530.774,1117342.968,Route sèche,Route principale,70000.0,Vendredi,0,0,1,1,0,0,1,0,1,0,0,0,0,0,0,0,0.0,0.0,0,0,,,2022,2497530.77,1117342.97,6.111110895881389,46.1997256627212
34718,46703,220330161,20220311,Accident en parquant,Avec violation de l'obligation de déclarer,Cause inconnue - Véhicule stationné (omission de la déclaration obligatoire),Meyrin,Inconnu,Autre,Avec dommages matériels,2494155.0,1120872.0,Autre,Autre,180000.0,Vendredi,0,0,0,0,0,0,0,0,0,0,0,0,0,0,0,0,0.0,0.0,0,0,,,2022,2494155.0,1120872.0,6.066584434410707,46.23094355836792
34719,46704,220728002,20220728,Dérapage ou perte de maîtrise,Collision avec un obstacle hors de la chaussée,Inattention et distraction - Manque d'attention momentané,Genève,Nuit,Autre,Avec tués,2499636.203,1116530.039,Autre,Route principale,0.0,Jeudi,0,0,0,0,1,0,0,0,0,0,0,1,0,0,0,0,0.0,0.0,0,0,,,2022,2499636.2,1116530.04,6.138557406882719,46.19273149777865
34720,46705,220724015,20220724,Dérapage ou perte de maîtrise,Sans collision,Etat de la personne - Influence de l'alcool,Carouge (GE),Nuit,Beau temps,Avec blessés graves,2499290.29,1116089.806,Route sèche,Route secondaire,40000.0,Dimanche,0,0,0,1,0,0,0,0,0,0,0,1,0,0,0,0,0.0,0.0,0,0,,,2022,2499290.29,1116089.81,6.134172339154623,46.18872019237715
34721,46706,221203052,20221203,Accident par tamponnement,Collision avec véhicule à l'arrêt,Inattention et distraction - Manque d'attention momentané,Genève,Jour,Temps couvert,Avec blessés graves,2499703.623,1116664.121,Route sèche,Route principale,120000.0,Samedi,0,0,0,1,0,0,0,0,0,0,0,1,1,0,0,0,0.0,0.0,0,0,,,2022,2499703.62,1116664.12,6.139401788776221,46.19394752197977
34722,46707,220528009,20220528,Dérapage ou perte de maîtrise,Collision avec un obstacle hors de la chaussée,Etat de la personne - Influence de l'alcool,Genève,Nuit,Beau temps,Avec dommages matériels,2498643.806,1119862.677,Route sèche,Route secondaire,40000.0,Samedi,0,0,0,0,0,0,0,0,0,0,0,0,1,0,0,0,0.0,0.0,0,0,,,2022,2498643.81,1119862.68,6.1249808065117355,46.22255752113215
34723,46708,220416069,20220415,Accident en parquant,Avec violation de l'obligation de déclarer,Cause inconnue - Véhicule stationné (omission de la déclaration obligatoire),Meyrin,Inconnu,Autre,Avec dommages matériels,2497465.0,1120089.0,Autre,Route principale,180000.0,Vendredi,0,0,0,0,0,0,0,0,0,0,0,0,0,0,0,0,0.0,0.0,0,0,,,2022,2497465.0,1120089.0,6.1096555487068045,46.224414282333015
34724,47092,220421322,20220420,Accident lors d'un dépassement ou lors d'un changement de voie de circulation,Autre cas d'accident lors d'un dépassement ou lors d'un changement de voie de circulation,Dépassement - Autre attitude fautive en rapport avec un dépassement,Collonge-Bellerive,Jour,Beau temps,Avec blessés légers,2506266.518,1123342.002,Route sèche,Route principale,160000.0,Mercredi,0,0,1,0,0,0,0,0,0,0,0,2,0,0,0,0,0.0,0.0,0,0,,,2022,2506266.52,1123342.0,6.223061674772828,46.25495891088669
34725,47093,221121438,20221111,Accident en parquant,Avec violation de l'obligation de déclarer,Cause inconnue - Véhicule stationné (omission de la déclaration obligatoire),Thônex,Jour,Beau temps,Avec dommages matériels,2504625.379,1116502.274,Route sèche,Autre,90000.0,Vendredi,0,0,0,0,0,0,0,0,0,0,0,0,0,0,0,0,0.0,0.0,0,0,,,2022,2504625.38,1116502.27,6.203180768863524,46.193207978443915
34726,47094,220822001,20220821,Dérapage ou perte de maîtrise,Sans collision,"Vitesse - Inadaptée au tracé de la route (virage serré, proximité d'une intersection, etc.)",Vernier,Nuit,Beau temps,Avec blessés graves,2496690.289,1119662.06,Route sèche,Autoroute,200000.0,Dimanche,0,0,0,1,0,0,0,0,0,0,0,1,0,0,0,0,0.0,0.0,0,0,,,2022,2496690.29,1119662.06,6.099710779837761,46.220455600742305
34727,47095,220608206,20220608,Dérapage ou perte de maîtrise,Collision avec un obstacle hors de la chaussée,Inattention et distraction - Manque d'attention momentané,Genève,Jour,Temps couvert,Avec blessés légers,2502161.032,1117662.419,Route sèche,Route principale,90000.0,Mercredi,0,0,1,0,0,0,0,0,0,0,0,0,0,1,0,0,0.0,0.0,0,0,,,2022,2502161.03,1117662.42,6.171020364437848,46.20328875170397
34728,47096,220326032,20220103,Accident en traversant une route,Collision avec le trafic traversant depuis la gauche,Priorité - Non-respect du signal de priorité «Cédez le passage»,Bellevue,Jour,Beau temps,Avec dommages matériels,2498714.032,1124409.888,Route sèche,Route secondaire,140000.0,Lundi,0,0,0,0,0,0,0,0,0,0,0,0,2,0,0,0,0.0,0.0,0,0,,,2022,2498714.03,1124409.89,6.124902562290129,46.26346731621747
34729,47097,220228124,20220220,Dérapage ou perte de maîtrise,Collision avec un obstacle hors de la chaussée,Cause inconnue - Cause inconnue,Puplinge,Nuit,Temps couvert,Avec dommages matériels,2506695.534,1118483.233,Route humide,Route principale,180000.0,Dimanche,0,0,0,0,0,0,0,0,0,0,0,0,0,0,0,0,0.0,0.0,0,0,,,2022,2506695.53,1118483.23,6.22959681242391,46.21131626269917
34730,47098,220928164,20220928,Accident en traversant une route,Collision avec le trafic traversant depuis la gauche,Priorité - Non-respect du signal de priorité «Cédez le passage»,Onex,Jour,Pluie,Avec blessés légers,2495897.065,1115732.766,Route mouillée,Route secondaire,100000.0,Mercredi,0,0,1,0,0,0,1,0,0,0,0,0,1,0,0,0,0.0,0.0,1,0,,,2022,2495897.07,1115732.77,6.0903086900941705,46.18499210599027
34731,47099,221103234,20221103,Accident par tamponnement,Collision avec un véhicule en marche,Inattention et distraction - Manque d'attention momentané,Bellevue,Jour,Temps couvert,Avec dommages matériels,2499517.617,1124800.274,Route sèche,Autoroute,120000.0,Jeudi,0,0,0,0,0,0,0,0,0,0,0,0,0,0,2,0,0.0,0.0,0,0,,,2022,2499517.62,1124800.27,6.135239469788099,46.26709927257516
34732,47100,220718428,20220718,Dérapage ou perte de maîtrise,"Lors de l'évitement, sans collision",Inattention et distraction - Manque d'attention momentané,Lancy,Jour,Beau temps,Avec blessés graves,2498504.837,1115952.693,Route sèche,Route principale,140000.0,Lundi,0,0,0,1,0,0,0,0,0,0,0,1,0,0,0,0,0.0,0.0,0,0,,,2022,2498504.84,1115952.69,6.124030249061216,46.187368790481344
34733,47101,221022040,20221022,Accident en quittant une route,Collision en obliquant à gauche avec le trafic venant en sens inverse,Priorité - Priorité en obliquant à gauche devant des véhicules venant en sens inverse,Meyrin,Jour,Beau temps,Avec blessés légers,2497201.0,1120240.677,Route mouillée,Route principale,100000.0,Samedi,0,0,1,0,0,0,1,0,0,0,0,0,1,0,0,0,0.0,0.0,0,0,,,2022,2497201.0,1120240.68,6.106200981318148,46.22573820421901
34734,47102,220924026,20220924,Dérapage ou perte de maîtrise,Collision avec un obstacle sur la chaussée,"Etat de la personne - Excès de fatigue, endormissement (y compris endormissement passager)",Veyrier,Jour,Pluie,Avec dommages matériels,2503394.468,1113573.411,Route mouillée,Route principale,80000.0,Samedi,0,0,0,0,0,0,0,0,0,0,0,1,1,0,0,0,0.0,0.0,0,0,,,2022,2503394.47,1113573.41,6.187844175640774,46.1666887791235
34735,47103,220322205,20220318,Accident en parquant,Collision avec un obstacle fixe (y compris véhicule correctement stationné),Conduite - Marche arrière imprudente,Genève,Inconnu,Autre,Avec dommages matériels,2500907.801,1117610.023,Autre,Route principale,80000.0,Vendredi,0,0,0,0,0,0,0,0,0,0,0,0,1,0,0,0,0.0,0.0,1,0,,,2022,2500907.8,1117610.02,6.154797214057234,46.20263387282408
34736,47104,220813072,20220813,Accident en parquant,Avec violation de l'obligation de déclarer,Cause inconnue - Véhicule stationné (omission de la déclaration obligatoire),Genève,Inconnu,Autre,Avec dommages matériels,2500110.686,1118401.686,Autre,Route secondaire,140000.0,Samedi,0,0,0,0,0,0,0,0,0,0,0,0,0,0,0,0,0.0,0.0,0,0,,,2022,2500110.69,1118401.69,6.144302195524488,46.20963647492091
34737,47105,220602010,20220214,Accident en parquant,Collision avec un obstacle fixe (y compris véhicule correctement stationné),Conduite - Marche arrière imprudente,Genève,Nuit,Beau temps,Avec dommages matériels,2501195.902,1117730.625,Route sèche,Route secondaire,200000.0,Lundi,0,0,0,0,0,0,0,0,0,0,0,0,1,0,0,0,0.0,0.0,0,0,,,2022,2501195.9,1117730.63,6.158503672531375,46.20376109430103
34738,47106,221001015,20221001,Collision frontale,Collision frontale avec le trafic venant en sens inverse (sans dépassement),Etat de la personne - Influence de l'alcool,Vernier,Nuit,Beau temps,Avec blessés graves,2497439.996,1118677.49,Route sèche,Route principale,30000.0,Samedi,0,0,0,1,0,0,0,0,0,0,0,1,1,0,0,0,0.0,0.0,0,0,,,2022,2497440.0,1118677.49,6.109641894979398,46.21171490511223
34739,47107,220620346,20220528,Accident en parquant,Collision avec un obstacle fixe (y compris véhicule correctement stationné),Conduite - Marche arrière imprudente,Genève,Jour,Beau temps,Avec dommages matériels,2497909.384,1119447.09,Route sèche,Route secondaire,120000.0,Samedi,0,0,0,0,0,0,0,0,0,0,0,0,0,1,0,0,0.0,0.0,0,0,,,2022,2497909.38,1119447.09,6.115554706273197,46.21870839492952
34740,47108,220226043,20220211,Accident en parquant,Collision avec un obstacle fixe (y compris véhicule correctement stationné),Conduite - Marche arrière imprudente,Genève,Nuit,Temps couvert,Avec dommages matériels,2500213.398,1117615.71,Route sèche,Route secondaire,200000.0,Vendredi,0,0,0,0,0,0,0,0,0,0,0,0,1,1,0,0,0.0,0.0,0,0,,,2022,2500213.4,1117615.71,6.145800901729483,46.202582331314844
34741,47109,221126062,20221126,Accident par tamponnement,Collision avec un véhicule en marche,Conduite - Suivre de trop près le véhicule qui précède,Genève,Jour,Beau temps,Avec dommages matériels,2499380.234,1118841.815,Route sèche,Route secondaire,80000.0,Samedi,0,0,0,0,0,0,1,0,0,0,0,0,1,0,0,0,0.0,0.0,0,0,,,2022,2499380.23,1118841.82,6.134743881384698,46.21348620910123
34742,47290,220819186,20220815,Accident par tamponnement,Collision avec véhicule à l'arrêt,Conduite - Suivre de trop près le véhicule qui précède,Genève,Nuit,Beau temps,Avec dommages matériels,2500447.003,1117980.817,Route sèche,Route principale,50000.0,Lundi,0,0,0,0,0,0,0,0,0,0,0,0,2,0,0,0,0.0,0.0,0,0,,,2022,2500447.0,1117980.82,6.14874902300504,46.20590090524694
34743,47291,220906276,20220905,Accident en quittant une route,"Collision en obliquant à droite avec les usagers d'une voie séparée, d'une piste séparée, d'une piste cyclable/voie piétonne séparée, des rails de tramway",Priorité - Autres attitude fautive en lien avec la priorité,Lancy,Jour,Beau temps,Avec blessés graves,2498292.29,1116440.194,Route sèche,Route principale,180000.0,Lundi,0,0,0,1,0,0,1,0,0,0,0,0,1,0,0,0,0.0,0.0,0,0,,,2022,2498292.29,1116440.19,6.12117153662206,46.19172140689634
34744,47292,221026130,20221026,Accident par tamponnement,Collision avec véhicule à l'arrêt,"Etat de la personne - Excès de fatigue, endormissement (y compris endormissement passager)",Genève,Jour,Temps couvert,Avec blessés graves,2501210.309,1115946.1,Route humide,Route principale,80000.0,Mercredi,0,0,1,1,0,0,0,0,0,0,0,0,2,1,0,0,0.0,0.0,0,0,,,2022,2501210.31,1115946.1,6.159067946423549,46.187712442634954
34745,47293,221117001,20221116,Accident en quittant une route,"Collision en obliquant à droite avec les usagers d'une voie séparée, d'une piste séparée, d'une piste cyclable/voie piétonne séparée, des rails de tramway",Priorité - Autres attitude fautive en lien avec la priorité,Thônex,Nuit,Beau temps,Avec blessés légers,2504599.553,1116494.143,Route sèche,Route principale,180000.0,Mercredi,0,0,1,0,0,0,0,0,0,0,0,1,1,0,0,0,0.0,0.0,0,0,,,2022,2504599.55,1116494.14,6.202847888272617,46.19313118863949
34746,47294,220704073,20220704,Accident en quittant une route,Collision en obliquant à droite avec le trafic dans le même sens,Inattention et distraction - Manque d'attention momentané,Lancy,Jour,Beau temps,Avec blessés légers,2497919.075,1117015.536,Route sèche,Route principale,70000.0,Lundi,0,0,1,0,0,0,1,0,0,0,0,0,1,0,0,0,0.0,0.0,1,0,,,2022,2497919.07,1117015.54,6.116212140811491,46.196839726676814
34747,47295,220621409,20220621,Dérapage ou perte de maîtrise,Sans collision,Inattention et distraction - Manque d'attention momentané,Genève,Jour,Beau temps,Avec blessés graves,2501008.541,1117842.748,Route sèche,Route principale,80000.0,Mardi,0,0,0,1,0,0,1,0,0,0,0,0,0,0,0,0,0.0,0.0,0,0,,,2022,2501008.54,1117842.75,6.156052818951379,46.20474198075889
34748,47296,221007240,20220928,Dérapage ou perte de maîtrise,Collision avec un obstacle hors de la chaussée,Inattention et distraction - Manque d'attention momentané,Genève,Jour,Pluie,Avec dommages matériels,2501427.912,1117870.678,Route mouillée,Route secondaire,130000.0,Mercredi,0,0,0,0,0,0,0,0,0,0,0,0,1,0,0,0,0.0,0.0,0,0,,,2022,2501427.91,1117870.68,6.1614795693925215,46.20505482255256
34749,47297,221229031,20221221,Accident lors d'un dépassement ou lors d'un changement de voie de circulation,Collision lors du changement de voie vers la gauche,Conduite - Manque d'égards en changeant de voie,Meyrin,Jour,Temps couvert,Avec dommages matériels,2495047.584,1120436.753,Route sèche,Route principale,120000.0,Mercredi,0,0,0,0,0,0,0,0,0,0,0,0,1,0,0,0,0.0,0.0,0,0,,,2022,2495047.58,1120436.75,6.078250515473169,46.22716882271281
34750,47298,230109060,20221228,Accident en parquant,Avec violation de l'obligation de déclarer,Cause inconnue - Véhicule stationné (omission de la déclaration obligatoire),Chêne-Bourg,Inconnu,Autre,Avec dommages matériels,2504274.24,1116761.827,Autre,Route principale,100000.0,Mercredi,0,0,0,0,0,0,0,0,0,0,0,0,0,0,0,0,0.0,0.0,0,0,,,2022,2504274.24,1116761.83,6.198579703544012,46.1954926784108
34751,47299,221225036,20221218,Dérapage ou perte de maîtrise,Collision avec un obstacle hors de la chaussée,Inattention et distraction - Manque d'attention momentané,Vernier,Nuit,Beau temps,Avec dommages matériels,2496621.822,1117951.64,Route sèche,Route principale,50000.0,Dimanche,0,0,0,0,0,0,0,0,0,0,0,0,1,0,0,0,0.0,0.0,0,0,,,2022,2496621.82,1117951.64,6.099202510073947,46.205061057801494
34752,47300,220726030,20220713,Accident lors d'un dépassement ou lors d'un changement de voie de circulation,Collision lors du changement de voie vers la gauche,Conduite - Manque d'égards en changeant de voie,Le Grand-Saconnex,Jour,Beau temps,Avec dommages matériels,2498540.998,1122314.499,Route sèche,Route principale,170000.0,Mercredi,0,0,0,0,0,0,0,0,0,0,0,0,2,0,0,0,0.0,0.0,0,0,,,2022,2498541.0,1122314.5,6.123115000534789,46.244594521519886
34753,47301,220204166,20220103,Accident en parquant,Collision avec un autre usager de la route,Conduite - Marche arrière imprudente,Vernier,Nuit,Autre,Avec dommages matériels,2496274.0,1117595.0,Route sèche,Route secondaire,200000.0,Lundi,0,0,0,0,0,0,0,0,0,0,0,0,2,0,0,0,0.0,0.0,0,0,,,2022,2496274.0,1117595.0,6.094776033566056,46.20179975845168
34754,47302,220919014,20220919,Dérapage ou perte de maîtrise,Collision avec un obstacle hors de la chaussée,Etat de la personne - Influence de l'alcool,Genève,Nuit,Beau temps,Avec dommages matériels,2500038.215,1116620.08,Route sèche,Route principale,40000.0,Lundi,0,0,0,0,0,0,0,0,0,0,0,0,1,0,0,0,0.0,0.0,0,0,,,2022,2500038.22,1116620.08,6.143744854640242,46.19360124115241
34755,47303,220923063,20220922,Accident en quittant une route,Collision avec le trafic dans le même sens lors d'un demi-tour,Conduite - Demi-tour imprudent,Le Grand-Saconnex,Jour,Beau temps,Avec blessés légers,2498497.097,1120427.548,Route sèche,Route secondaire,120000.0,Jeudi,0,0,1,0,0,0,0,0,0,0,0,1,1,0,0,0,0.0,0.0,0,0,,,2022,2498497.1,1120427.55,6.122956734625414,46.22761601045551
34756,47304,220801004,20220801,Accident par tamponnement,Collision avec véhicule à l'arrêt,Conduite - Suivre de trop près le véhicule qui précède,Meyrin,Nuit,Beau temps,Avec dommages matériels,2496703.067,1120109.786,Route sèche,Route principale,0.0,Lundi,0,0,0,0,0,0,0,0,0,0,0,1,1,0,0,0,0.0,0.0,0,0,,,2022,2496703.07,1120109.79,6.099777226374496,46.22448458125727
34757,47305,221009067,20221009,Dérapage ou perte de maîtrise,Sans collision,"Vitesse - Inadaptée au tracé de la route (virage serré, proximité d'une intersection, etc.)",Russin,Jour,Temps couvert,Avec blessés légers,2491042.742,1116654.55,Route sèche,Route principale,180000.0,Dimanche,0,0,1,0,0,0,0,0,0,0,0,1,0,0,0,0,0.0,0.0,0,0,,,2022,2491042.74,1116654.55,6.027233767837799,46.19251373064157
34758,47306,220620013,20220619,Collision frontale,Frôlement avec le trafic en sens inverse (sans dépassement),Conduite - Croisement longitudinal non conforme ou circulation trop à gauche,Confignon,Jour,Beau temps,Avec blessés graves,2495265.858,1114323.04,Route sèche,Route secondaire,100000.0,Dimanche,0,0,0,1,0,0,1,0,0,0,0,0,1,0,0,0,0.0,0.0,1,0,,,2022,2495265.86,1114323.04,6.082450937318215,46.17221464158786
34759,47307,220702045,20220621,Accident par tamponnement,Collision avec véhicule à l'arrêt,Inattention et distraction - Manque d'attention momentané,Genève,Jour,Beau temps,Avec dommages matériels,2499393.921,1118371.579,Route sèche,Route secondaire,100000.0,Mardi,0,0,0,0,0,0,0,0,0,0,0,0,1,1,0,0,0.0,0.0,0,0,,,2022,2499393.92,1118371.58,6.135022641893756,46.20925875142736
34760,46419,220215072,20220205,Accident lors d'un dépassement ou lors d'un changement de voie de circulation,Collision lors du changement de voie vers la droite,Conduite - Manque d'égards en changeant de voie,Genève,Nuit,Pluie,Avec dommages matériels,2499836.129,1118247.891,Route mouillée,Route principale,40000.0,Samedi,0,0,0,0,0,0,0,0,0,0,0,0,2,0,0,0,0.0,0.0,0,0,,,2022,2499836.13,1118247.89,6.14077816762982,46.208212281787674
34761,46420,220312096,20220312,Dérapage ou perte de maîtrise,Sans collision,Etat de la personne - Influence de l'alcool,Genève,Jour,Beau temps,Avec blessés légers,2501883.507,1117607.987,Route sèche,Route secondaire,70000.0,Samedi,0,0,1,0,0,0,1,0,0,0,0,0,0,0,0,0,0.0,0.0,0,0,,,2022,2501883.51,1117607.99,6.167436817666932,46.202758735834706
34762,46421,220408198,20220316,Accident lors d'un dépassement ou lors d'un changement de voie de circulation,Autre cas d'accident lors d'un dépassement ou lors d'un changement de voie de circulation,Dépassement - Autre attitude fautive en rapport avec un dépassement,Genève,Jour,Beau temps,Avec dommages matériels,2499832.848,1118420.46,Route sèche,Route principale,160000.0,Mercredi,0,0,0,0,0,0,0,0,0,0,0,1,1,0,0,0,0.0,0.0,0,0,,,2022,2499832.85,1118420.46,6.140698632566183,46.209763951110084
34763,46422,220909017,20220902,Dérapage ou perte de maîtrise,Collision avec un obstacle hors de la chaussée,Inattention et distraction - Manque d'attention momentané,Lancy,Jour,Beau temps,Avec dommages matériels,2497381.089,1116649.968,Route sèche,Route secondaire,170000.0,Vendredi,0,0,0,0,0,0,0,0,0,0,0,0,1,0,0,0,0.0,0.0,0,0,,,2022,2497381.09,1116649.97,6.109324417094326,46.193469779859164