,OBJECTID,ID_ACCIDENT,DATE_,GROUPE_ACCIDENT,TYPE,CAUSE,COMMUNE,CONDITIONS_LUMINEUSES,CONDITIONS_METEO,CONSEQUENCES,COOR_X,COOR_Y,ETAT_ROUTE,GENRE_ROUTE,HEURE,JOUR,NB_ENFANTS_IMPLIQUES,NB_ENFANTS_ECOLE,NB_BLESSES_LEGERS,NB_BLESSES_GRAVES,NB_TUES,NB_PIETONS,NB_BICYCLETTES,NB_VAE_25,NB_VAE_45,NB_CYCLOMOTEURS,NB_MOTOS_50,NB_MOTOS,NB_VOITURES_TOURISME,NB_VOITURES_LIVRAISON,NB_CAMIONS,NB_BUS,NB_TRAM,NB_TRAINS,NB_SENIORS,NB_TC,REF_GROUPE_CAUSE,TOTAL_PERSONNES,ANNEE,E,N,LATITUDE,LONGITUDE
34764,46423,220112194,20220112,Dérapage ou perte de maîtrise,Collision avec un obstacle hors de la chaussée,Etat de la personne - Maladies physiques ou psychiques,Genève,Jour,Temps couvert,Avec dommages matériels,2501245.556,1115993.436,Route sèche,Route principale,100000.0,Mercredi,0,0,0,0,0,0,0,0,0,0,0,0,1,0,0,0,0.0,0.0,0,0,,,2022,2501245.56,1115993.44,6.159514432197721,46.18814341523296
34765,46424,220917083,20220831,Accident lors d'un dépassement ou lors d'un changement de voie de circulation,Collision lors du changement de voie vers la droite,Conduite - Manque d'égards en changeant de voie,Vernier,Jour,Beau temps,Avec blessés légers,2496759.727,1119082.145,Route sèche,Route principale,130000.0,Mercredi,0,0,1,0,0,0,0,0,0,0,0,0,2,2,0,0,0.0,0.0,1,0,,,2022,2496759.73,1119082.14,6.100738913643656,46.21525030024429
34766,46425,220423070,20220423,Dérapage ou perte de maîtrise,Collision avec un obstacle hors de la chaussée,Inattention et distraction - Manque d'attention momentané,Meyrin,Jour,Temps couvert,Avec blessés graves,2495147.508,1121508.742,Route humide,Route secondaire,140000.0,Samedi,0,0,0,1,0,0,0,0,0,0,0,0,0,0,0,0,0.0,0.0,0,0,,,2022,2495147.51,1121508.74,6.079304489341411,46.236826179489704
34767,46426,220313057,20220307,Collision frontale,Frôlement avec le trafic en sens inverse (sans dépassement),Inattention et distraction - Manque d'attention momentané,Vandoeuvres,Nuit,Beau temps,Avec dommages matériels,2504707.618,1119621.108,Route sèche,Route principale,210000.0,Lundi,0,0,0,0,0,0,0,0,0,0,0,0,2,0,0,0,0.0,0.0,0,0,,,2022,2504707.62,1119621.11,6.203609046634274,46.2212719937377
34768,46427,220321005,20220321,Dérapage ou perte de maîtrise,Collision avec un obstacle en manoeuvrant,Etat de la personne - Influence de l'alcool,Genève,Nuit,Beau temps,Avec dommages matériels,2500501.078,1119835.981,Route humide,Route principale,0.0,Lundi,0,0,0,0,0,0,0,0,0,0,0,0,1,0,0,0,0.0,0.0,0,0,,,2022,2500501.08,1119835.98,6.149053970908199,46.22259493820479
34769,46428,220310045,20220221,Dérapage ou perte de maîtrise,Collision avec un obstacle en manoeuvrant,Conduite - Marche arrière imprudente,Vernier,Jour,Autre,Avec dommages matériels,2496649.645,1117471.516,Autre,Route secondaire,160000.0,Lundi,0,0,0,0,0,0,0,0,0,0,0,0,1,0,0,0,0.0,0.0,0,0,,,2022,2496649.64,1117471.52,6.099669203731783,46.200746998490125
34770,46429,220228319,20220228,Accident par tamponnement,Collision avec véhicule à l'arrêt,Inattention et distraction - Manque d'attention momentané,Lancy,Jour,Beau temps,Avec dommages matériels,2498721.919,1116751.932,Route sèche,Route principale,170000.0,Lundi,0,0,0,0,0,0,0,0,0,0,0,0,2,0,0,0,0.0,0.0,0,0,,,2022,2498721.92,1116751.93,6.126668108151935,46.19459015258575
34771,46430,220302209,20220302,Dérapage ou perte de maîtrise,Collision avec un autre usager de la route,Etat de la personne - Influence de stupéfiants,Carouge (GE),Jour,Beau temps,Avec blessés légers,2499361.395,1114900.742,Route sèche,Route principale,120000.0,Mercredi,0,0,2,0,0,1,0,0,0,0,0,0,0,0,0,0,0.0,0.0,0,0,,,2022,2499361.39,1114900.74,6.135349310929061,46.1780359308513
34772,46431,220802313,20220802,Accident par tamponnement,Collision avec véhicule à l'arrêt,Conduite - Suivre de trop près le véhicule qui précède,Vernier,Jour,Beau temps,Avec dommages matériels,2495694.859,1119610.371,Route sèche,Route principale,160000.0,Mardi,0,0,0,0,0,0,0,0,0,0,0,0,1,1,0,0,0.0,0.0,0,0,,,2022,2495694.86,1119610.37,6.086823708853531,46.219836924650906
34773,46432,220113318,20220113,Accident par tamponnement,Collision avec véhicule à l'arrêt,Conduite - Autre attitude fautive lors des mouvements dans la circulation,Meyrin,Nuit,Beau temps,Avec dommages matériels,2496968.324,1120336.687,Route sèche,Autoroute,190000.0,Jeudi,0,0,0,0,0,0,0,0,0,0,0,0,2,0,0,0,0.0,0.0,0,0,,,2022,2496968.32,1120336.69,6.103164435391314,46.226566110800306
34774,46433,220504145,20220424,Accident par tamponnement,"Collision avec véhicule à l'arrêt, en reculant",Conduite - Marche arrière imprudente,Genève,Nuit,Beau temps,Avec dommages matériels,2499644.055,1116461.123,Route sèche,Route principale,50000.0,Dimanche,0,0,0,0,0,0,0,0,0,0,0,0,2,0,0,0,0.0,0.0,0,0,,,2022,2499644.05,1116461.12,6.138673887986122,46.19211277845542
34775,46434,220116010,20220116,Dérapage ou perte de maîtrise,Collision avec un obstacle hors de la chaussée,Etat de la personne - Influence de l'alcool,Genève,Nuit,Beau temps,Avec dommages matériels,2500286.657,1118277.413,Route humide,Route principale,30000.0,Dimanche,0,0,0,0,0,0,0,0,0,0,0,0,1,0,0,0,0.0,0.0,0,0,,,2022,2500286.66,1118277.41,6.1466085197912435,46.208544781960704
34776,46435,221110229,20221110,Dérapage ou perte de maîtrise,Collision avec un autre usager de la route,"Utilisation du véhicule - Manouvres incorrectes dans le véhicule (confusion frein - accélérateur, glisser de la pédale de frein dans les véhicules à transmission automatique, etc.)",Carouge (GE),Jour,Beau temps,Avec blessés légers,2499131.415,1114694.988,Route sèche,Route principale,100000.0,Jeudi,0,0,1,0,0,0,0,0,0,0,0,1,3,1,0,0,0.0,0.0,1,0,,,2022,2499131.41,1114694.99,6.132415979134504,46.17615089217982
34777,46436,220630138,20220630,Accident en quittant une route,"Collision en obliquant à droite avec les usagers d'une voie séparée, d'une piste séparée, d'une piste cyclable/voie piétonne séparée, des rails de tramway",Priorité - Autres attitude fautive en lien avec la priorité,Genève,Jour,Beau temps,Avec blessés légers,2500341.176,1119065.964,Route sèche,Route principale,90000.0,Jeudi,0,0,1,0,0,0,1,0,0,0,0,0,1,0,0,0,0.0,0.0,0,0,,,2022,2500341.18,1119065.96,6.147146411863252,46.21564538738547
34778,46709,220313048,20220223,Accident par tamponnement,Collision avec un véhicule en marche,Conduite - Suivre de trop près le véhicule qui précède,Thônex,Jour,Beau temps,Avec dommages matériels,2503717.677,1116124.419,Route sèche,Route principale,140000.0,Mercredi,0,0,0,0,0,0,0,0,0,0,0,0,2,0,0,0,0.0,0.0,0,0,,,2022,2503717.68,1116124.42,6.19150247318412,46.18968004630844
34779,46710,220822377,20220822,Dérapage ou perte de maîtrise,Sans collision,Inattention et distraction - Manque d'attention momentané,Versoix,Jour,Beau temps,Avec blessés graves,2501908.742,1126475.452,Route sèche,Route principale,180000.0,Lundi,0,0,0,1,0,0,1,0,0,0,0,0,0,0,0,0,0.0,0.0,0,0,,,2022,2501908.74,1126475.45,6.165897351128795,46.28252015665503
34780,46711,220316095,20220316,Accident en s'engageant sur une route,Collision en s'engageant depuis le bord de la route,Priorité - Autres attitude fautive en lien avec la priorité,Genève,Jour,Beau temps,Avec blessés légers,2500609.29,1119097.645,Route sèche,Autre,80000.0,Mercredi,1,0,1,0,0,0,0,0,0,0,0,0,0,1,0,0,0.0,0.0,0,0,,,2022,2500609.29,1119097.64,6.150613530980579,46.21597003344
34781,46712,220515001,20220514,Accident par tamponnement,Collision avec un véhicule en marche,Conduite - Suivre de trop près le véhicule qui précède,Genève,Jour,Beau temps,Avec blessés légers,2501088.005,1117035.486,Route sèche,Route principale,200000.0,Samedi,0,0,1,0,0,0,0,0,0,0,0,1,1,0,0,0,0.0,0.0,0,0,,,2022,2501088.0,1117035.49,6.157253228363249,46.197492862185875
34782,46713,221018124,20221018,Accident en quittant une route,"Collision en obliquant à droite avec les usagers d'une voie séparée, d'une piste séparée, d'une piste cyclable/voie piétonne séparée, des rails de tramway",Priorité - Autres attitude fautive en lien avec la priorité,Bellevue,Jour,Beau temps,Avec blessés légers,2500899.121,1123283.235,Route sèche,Route principale,80000.0,Mardi,0,0,1,0,0,0,0,1,0,0,0,0,1,0,0,0,0.0,0.0,0,0,,,2022,2500899.12,1123283.23,6.153479121254254,46.25365971645271
34783,46714,220504010,20220504,Dérapage ou perte de maîtrise,Collision avec un obstacle sur la chaussée,Etat de la personne - Influence de l'alcool,Lancy,Nuit,Beau temps,Avec dommages matériels,2498423.28,1114468.625,Route sèche,Route principale,20000.0,Mercredi,0,0,0,0,0,0,0,0,0,0,0,0,0,1,0,0,0.0,0.0,0,0,,,2022,2498423.28,1114468.63,6.123296742155057,46.17400836199617
34784,46715,220831252,20220831,Accident par tamponnement,Collision avec un véhicule en marche,Inattention et distraction - Manque d'attention momentané,Genève,Jour,Beau temps,Avec blessés légers,2499623.153,1120329.221,Route sèche,Route secondaire,120000.0,Mercredi,0,0,2,0,0,0,0,0,0,0,0,0,2,0,0,0,0.0,0.0,0,0,,,2022,2499623.15,1120329.22,6.1375711611101025,46.22690075444525
34785,46716,220922148,20220921,Accident par tamponnement,Collision avec un véhicule en marche,Conduite - Suivre de trop près le véhicule qui précède,Genève,Jour,Beau temps,Avec dommages matériels,2498833.452,1116760.742,Route sèche,Route principale,130000.0,Mercredi,0,0,0,0,0,0,0,0,0,0,0,1,1,0,0,0,0.0,0.0,0,0,,,2022,2498833.45,1116760.74,6.128110714098436,46.19468618396874
34786,46717,220327001,20220326,Dérapage ou perte de maîtrise,Collision avec un obstacle hors de la chaussée,Inattention et distraction - Manque d'attention momentané,Genève,Nuit,Beau temps,Avec dommages matériels,2500486.032,1120407.097,Route sèche,Route principale,200000.0,Samedi,0,0,0,0,0,0,0,0,0,0,0,0,1,0,0,0,0.0,0.0,0,0,,,2022,2500486.03,1120407.1,6.148737080139543,46.22772958555332
34787,46718,221108325,20221105,Accident en parquant,Avec violation de l'obligation de déclarer,Cause inconnue - Véhicule stationné (omission de la déclaration obligatoire),Genève,Inconnu,Autre,Avec dommages matériels,2501151.793,1117660.563,Autre,Route principale,180000.0,Samedi,0,0,0,0,0,0,0,0,0,0,0,0,0,0,0,0,0.0,0.0,0,0,,,2022,2501151.79,1117660.56,6.157947108322101,46.203124371917504
34788,46719,220803312,20220803,Accident en traversant une route,Collision avec le trafic traversant depuis la droite,Priorité - Non-respect du signal de priorité «Stop»,Genève,Jour,Beau temps,Avec blessés graves,2499480.751,1116839.235,Route sèche,Route secondaire,180000.0,Mercredi,0,0,0,1,0,0,0,1,0,0,0,0,1,0,0,0,0.0,0.0,0,0,,,2022,2499480.75,1116839.23,6.136477548890486,46.195489239529685
34789,46720,220927368,20220623,Accident lors d'un dépassement ou lors d'un changement de voie de circulation,Frôlement latéral avec le véhicule dépassé,Dépassement - En dépassant de trop près (latéral),Chêne-Bougeries,Jour,Beau temps,Avec blessés graves,2503059.249,1117384.649,Route humide,Route secondaire,80000.0,Jeudi,0,0,1,1,0,0,1,1,0,0,0,0,0,0,0,0,0.0,0.0,0,0,,,2022,2503059.25,1117384.65,6.182713615728423,46.20092050047778
34790,46721,220426290,20220425,Dérapage ou perte de maîtrise,Sans collision,Etat de l'infrastructure - Passage des rails à angle aigu pour les conducteurs des véhicules à deux roues,Meyrin,Jour,Temps couvert,Avec blessés graves,2495008.032,1121163.323,Route humide,Route secondaire,170000.0,Lundi,0,0,0,1,0,0,0,0,0,0,0,0,0,0,0,0,0.0,0.0,0,0,,,2022,2495008.03,1121163.32,6.077574376826288,46.233697600339745
34791,46722,220330072,20220330,Accident en traversant une route,Collision avec le trafic traversant depuis la gauche,Priorité - Non-respect du signal de priorité «Cédez le passage»,Meyrin,Aurore / crépuscule,Pluie,Avec blessés légers,2495542.241,1120671.995,Route mouillée,Route principale,60000.0,Mercredi,0,0,1,0,0,0,0,1,0,0,0,0,0,1,0,0,0.0,0.0,0,0,,,2022,2495542.24,1120672.0,6.084608336420163,46.22936180339034
34792,46723,220614298,20220614,Accident impliquant des piétons,Piéton traversant la chaussée touché par un véhicule circulant en ligne droite,Priorité - Autres attitude fautive en lien avec la priorité,Cologny,Jour,Beau temps,Avec blessés légers,2502504.935,1117741.186,Route sèche,Autre,170000.0,Mardi,1,0,1,0,0,1,0,1,0,0,0,0,0,0,0,0,0.0,0.0,0,0,,,2022,2502504.93,1117741.19,6.175458791563346,46.20404720923333
34793,46724,220513049,20220510,Dérapage ou perte de maîtrise,Collision avec un obstacle en manoeuvrant,Conduite - Marche arrière imprudente,Genève,Jour,Beau temps,Avec dommages matériels,2499854.957,1117565.746,Route sèche,Route secondaire,180000.0,Mardi,0,0,0,0,0,0,0,0,0,0,0,0,1,0,0,0,0.0,0.0,1,0,,,2022,2499854.96,1117565.75,6.14116848132143,46.20207966990914
34794,46725,221119004,20221118,Accident par tamponnement,Collision avec un véhicule en marche,Conduite - Suivre de trop près le véhicule qui précède,Vernier,Jour,Beau temps,Avec dommages matériels,2497185.753,1119556.815,Route sèche,Route principale,150000.0,Vendredi,0,0,0,0,0,0,0,0,0,0,0,1,1,0,0,0,0.0,0.0,0,0,,,2022,2497185.75,1119556.82,6.106154097114125,46.21958502371102
34795,46726,220718004,20220717,Accident par tamponnement,Collision avec un véhicule en marche,Inattention et distraction - Manque d'attention momentané,Genève,Nuit,Beau temps,Avec blessés légers,2497768.581,1117964.323,Route sèche,Route principale,230000.0,Dimanche,0,0,1,0,0,0,0,0,0,0,0,1,1,0,0,0,0.0,0.0,0,0,,,2022,2497768.58,1117964.32,6.114055158113768,46.20535048551141
34796,46817,220407182,20220305,Accident impliquant des piétons,Piéton traversant la chaussée touché par un véhicule circulant en ligne droite,Comportement du piéton / du conducteur d'EAV - Traversée imprudente de la route,Genève,Jour,Beau temps,Avec blessés graves,2500158.683,1118142.405,Route sèche,Route principale,140000.0,Samedi,0,0,0,1,0,1,0,0,0,0,0,0,1,0,0,0,0.0,0.0,0,0,,,2022,2500158.68,1118142.41,6.144979399568584,46.20731154339475
34797,46818,220408192,20220228,Accident en parquant,Collision avec un obstacle fixe (y compris véhicule correctement stationné),Inattention et distraction - Manque d'attention momentané,Genève,Jour,Beau temps,Avec dommages matériels,2501361.292,1117045.85,Route sèche,Route principale,100000.0,Lundi,0,0,0,0,0,0,0,0,0,0,0,0,1,0,0,0,0.0,0.0,0,0,,,2022,2501361.29,1117045.85,6.160790851152021,46.197626197293765
34798,46819,221005222,20220930,Accident par tamponnement,Collision avec un véhicule en marche,Inattention et distraction - Manque d'attention momentané,Genève,Nuit,Temps couvert,Avec dommages matériels,2499430.837,1116391.186,Route humide,Route principale,200000.0,Vendredi,0,0,0,0,0,0,1,0,0,0,0,1,0,0,0,0,0.0,0.0,0,0,,,2022,2499430.84,1116391.19,6.135927615934964,46.19145194608807
34799,46820,221109128,20221103,Dérapage ou perte de maîtrise,Collision avec un obstacle en manoeuvrant,Conduite - Marche arrière imprudente,Genève,Nuit,Beau temps,Avec dommages matériels,2500971.935,1117474.645,Route sèche,Autre,0.0,Jeudi,0,0,0,0,0,0,0,0,0,0,0,0,1,0,0,0,0.0,0.0,0,0,,,2022,2500971.93,1117474.64,6.1556566628603395,46.20142566222915
34800,46821,220529041,20220515,Accident en parquant,Collision avec un obstacle fixe (y compris véhicule correctement stationné),Conduite - Marche arrière imprudente,Meyrin,Nuit,Temps couvert,Avec dommages matériels,2494988.164,1121308.862,Route sèche,Route secondaire,210000.0,Dimanche,0,0,0,0,0,0,0,0,0,0,0,0,1,0,0,0,0.0,0.0,0,0,,,2022,2494988.16,1121308.86,6.07728406178897,46.235003519042124
34801,46822,220523354,20220523,Dérapage ou perte de maîtrise,Collision avec un obstacle hors de la chaussée,Inattention et distraction - Manque d'attention momentané,Versoix,Jour,Beau temps,Avec blessés légers,2500361.556,1128299.823,Route sèche,Autoroute,80000.0,Lundi,0,0,1,0,0,0,0,0,0,0,0,0,1,0,0,0,0.0,0.0,0,0,,,2022,2500361.56,1128299.82,6.145435388191105,46.298701398995846
34802,46823,220124011,20220124,Dérapage ou perte de maîtrise,Collision avec un obstacle hors de la chaussée,Etat de la personne - Influence de l'alcool,Genève,Nuit,Temps couvert,Avec dommages matériels,2499967.985,1115975.399,Route sèche,Route principale,20000.0,Lundi,0,0,0,0,0,0,0,0,0,0,0,0,1,0,0,0,0.0,0.0,0,0,,,2022,2499967.98,1115975.4,6.14297323617824,46.18779230784282
34803,46824,220211235,20220206,Accident en traversant une route,Collision avec le trafic traversant depuis la droite,Signalisation lumineuse - Non-respect d'un feu rouge,Genève,Nuit,Pluie,Avec blessés légers,2499441.355,1119967.129,Route humide,Route principale,190000.0,Dimanche,0,0,1,0,0,0,1,0,0,0,0,0,1,0,0,0,0.0,0.0,0,0,,,2022,2499441.36,1119967.13,6.135293323861879,46.22361680372823
34804,46825,221128139,20221128,Accident par tamponnement,Collision avec véhicule à l'arrêt,Inattention et distraction - Manque d'attention momentané,Vernier,Jour,Pluie,Avec blessés légers,2497946.247,1119323.992,Route mouillée,Route principale,80000.0,Lundi,0,0,1,0,0,0,0,0,0,0,0,0,1,1,0,0,0.0,0.0,0,0,,,2022,2497946.25,1119323.99,6.116059379634722,46.21760679344681
34805,46826,220731040,20220726,Accident en parquant,Collision avec un obstacle fixe (y compris véhicule correctement stationné),Conduite - Marche arrière imprudente,Genève,Jour,Beau temps,Avec dommages matériels,2500396.273,1118638.985,Route sèche,Route secondaire,190000.0,Mardi,0,0,0,0,0,0,0,0,0,0,0,0,1,0,0,0,0.0,0.0,1,0,,,2022,2500396.27,1118638.98,6.147951358359849,46.211813132345625
34806,46827,220623342,20220623,Accident impliquant des piétons,Autre cas d'accident impliquant des piétons,"Utilisation du véhicule - Manouvres incorrectes dans le véhicule (confusion frein - accélérateur, glisser de la pédale de frein dans les véhicules à transmission automatique, etc.)",Le Grand-Saconnex,Jour,Beau temps,Avec blessés légers,2497488.258,1120861.871,Route sèche,Route principale,100000.0,Jeudi,0,0,1,0,0,1,0,0,0,0,0,0,2,0,0,0,0.0,0.0,0,0,,,2022,2497488.26,1120861.87,6.109787076637177,46.23136926898871
34807,46828,220412178,20220318,Accident lors d'un dépassement ou lors d'un changement de voie de circulation,Collision lors du changement de voie vers la droite,Conduite - Manque d'égards en changeant de voie,Genève,Nuit,Beau temps,Avec dommages matériels,2501996.973,1116777.926,Route sèche,Route principale,20000.0,Vendredi,0,0,0,0,0,0,0,0,0,0,0,0,2,0,0,0,0.0,0.0,0,0,,,2022,2501996.97,1116777.93,6.169080826314698,46.19530938170156
34808,46829,220207260,20220207,Accident en s'engageant sur une route,Collision en s'engageant depuis le bord de la route,Priorité - Autres attitude fautive en lien avec la priorité,Carouge (GE),Jour,Beau temps,Avec dommages matériels,2500400.346,1115069.421,Route sèche,Route secondaire,130000.0,Lundi,1,0,0,0,0,0,1,0,0,0,0,0,1,0,0,0,0.0,0.0,0,0,,,2022,2500400.35,1115069.42,6.148765724406203,46.17970777058695
34809,46830,220504265,20220504,Collision frontale,Collision frontale avec le trafic venant en sens inverse (sans dépassement),Etat de la personne - Influence de l'alcool,Chancy,Jour,Autre,Avec tués,2487499.279,1112691.364,Autre,Route principale,180000.0,Mercredi,0,0,2,0,1,0,0,0,0,0,0,0,3,0,0,0,0.0,0.0,0,0,,,2022,2487499.28,1112691.36,5.982296964031553,46.15628514192547
34810,46831,220512300,20220512,Accident en quittant une route,Collision en obliquant à gauche avec le trafic dans le même sens,Conduite - Autre attitude fautive lors des mouvements dans la circulation,Chêne-Bougeries,Jour,Beau temps,Avec blessés légers,2503390.716,1117049.547,Route sèche,Route principale,160000.0,Jeudi,0,0,1,0,0,0,0,0,0,0,1,0,1,0,0,0,0.0,0.0,0,0,,,2022,2503390.72,1117049.55,6.1870766547406575,46.19795417920646
34811,46832,220624101,20220623,Accident en traversant une route,Collision avec le trafic traversant depuis la droite,Priorité - Non-respect du signal de priorité «Cédez le passage»,Vernier,Jour,Pluie,Avec dommages matériels,2497820.498,1118575.59,Route humide,Route principale,170000.0,Jeudi,0,0,0,0,0,0,0,0,0,0,0,0,2,0,0,0,0.0,0.0,0,0,,,2022,2497820.5,1118575.59,6.114593907291487,46.21085633662609
34812,46833,221117042,20221116,Accident par tamponnement,Collision avec un véhicule en marche,Inattention et distraction - Manque d'attention momentané,Plan-les-Ouates,Jour,Temps couvert,Avec blessés légers,2498594.998,1113441.477,Route sèche,Autoroute,160000.0,Mercredi,0,0,1,0,0,0,0,0,0,0,0,0,1,0,1,0,0.0,0.0,0,0,,,2022,2498595.0,1113441.48,6.125742864071319,46.16479575764904
34813,46834,220208002,20220207,Accident par tamponnement,Collision avec un véhicule en marche,Etat de la personne - Influence de l'alcool,Genève,Nuit,Beau temps,Avec blessés légers,2499894.252,1116008.983,Route sèche,Route principale,200000.0,Lundi,0,0,1,0,0,0,0,0,0,0,0,0,2,0,0,0,1.0,0.0,1,1,,,2022,2499894.25,1116008.98,6.1420112179345425,46.1880833658992
34814,47308,220614322,20220614,Dérapage ou perte de maîtrise,Collision avec un obstacle sur la chaussée,Etat de la personne - Influence de l'alcool,Vernier,Nuit,Beau temps,Avec blessés légers,2494785.803,1117943.956,Route sèche,Autoroute,220000.0,Mardi,0,0,1,0,0,0,0,0,0,0,0,0,1,0,0,0,0.0,0.0,0,0,,,2022,2494785.8,1117943.96,6.075420163291692,46.20470712117015
34815,47309,221003414,20221003,Accident en s'engageant sur une route,Collision en obliquant à droite avec le trafic venant de gauche,Priorité - Non-respect du signal de priorité «Stop»,Genève,Jour,Beau temps,Avec blessés légers,2502125.823,1117291.645,Route sèche,Route principale,140000.0,Lundi,0,0,1,0,0,0,0,0,0,0,0,1,1,0,0,0,0.0,0.0,0,0,,,2022,2502125.82,1117291.64,6.170642001547537,46.199948674832804
34816,47310,220731032,20220731,Dérapage ou perte de maîtrise,"Lors de l'évitement, sans collision",Conduite - Manque d'égards en changeant de voie,Lancy,Jour,Beau temps,Avec blessés légers,2498549.748,1115965.285,Route sèche,Route principale,80000.0,Dimanche,0,0,1,0,0,0,0,1,0,0,0,0,1,0,0,0,0.0,0.0,0,0,,,2022,2498549.75,1115965.29,6.124609100015499,46.18748889620389
34817,47311,220829058,20220829,Dérapage ou perte de maîtrise,Collision avec un obstacle hors de la chaussée,Etat de la personne - Influence de l'alcool,Genève,Aurore / crépuscule,Beau temps,Avec blessés graves,2498945.59,1118897.301,Route sèche,Route principale,50000.0,Lundi,0,0,0,1,0,0,0,0,0,0,0,1,0,0,0,0,0.0,0.0,0,0,,,2022,2498945.59,1118897.3,6.12910053682209,46.213920005294256
34818,47312,221120014,20221120,Dérapage ou perte de maîtrise,Collision avec un obstacle hors de la chaussée,Etat de la personne - Influence de l'alcool,Vernier,Nuit,Beau temps,Avec dommages matériels,2497742.131,1118611.32,Route sèche,Route principale,40000.0,Dimanche,0,0,0,0,0,0,0,0,0,0,0,0,1,0,0,0,0.0,0.0,0,0,,,2022,2497742.13,1118611.32,6.113570744068555,46.21116578511262
34819,47313,220408195,20220319,Accident en parquant,Collision avec un obstacle fixe (y compris véhicule correctement stationné),Conduite - Marche arrière imprudente,Genève,Inconnu,Autre,Avec dommages matériels,2501490.0,1116167.0,Autre,Route secondaire,150000.0,Samedi,0,0,0,0,0,0,0,0,0,0,0,0,1,0,0,0,0.0,0.0,0,0,,,2022,2501490.0,1116167.0,6.162643407262644,46.189740339497206
34820,47314,220901012,20220831,Accident en s'engageant sur une route,Collision en obliquant à droite avec le trafic venant de gauche,Priorité - Refus d'accorder la priorité au trafic du trottoir (traversée du trottoir),Vernier,Jour,Beau temps,Avec blessés légers,2496276.175,1119783.95,Route sèche,Route principale,100000.0,Mercredi,0,0,1,0,0,0,0,1,0,0,0,0,1,0,0,0,0.0,0.0,1,0,,,2022,2496276.18,1119783.95,6.09431769332272,46.221488126141764
34821,47315,220307284,20220307,Accident lors d'un dépassement ou lors d'un changement de voie de circulation,Collision lors du changement de voie vers la gauche,Conduite - Manque d'égards en changeant de voie,Bellevue,Jour,Beau temps,Avec dommages matériels,2499543.063,1123628.626,Route sèche,Autoroute,120000.0,Lundi,0,0,0,0,0,0,0,0,0,0,0,0,2,0,0,0,0.0,0.0,0,0,,,2022,2499543.06,1123628.63,6.135822112514782,46.25656490668406
34822,47316,220917024,20220822,Accident lors d'un dépassement ou lors d'un changement de voie de circulation,Frôlement latéral avec le véhicule dépassé,Dépassement - En dépassant de trop près (latéral),Collonge-Bellerive,Jour,Beau temps,Avec dommages matériels,2504373.79,1121483.683,Route sèche,Route secondaire,150000.0,Lundi,0,0,0,0,0,0,0,0,0,0,0,0,1,0,0,0,0.0,0.0,1,0,,,2022,2504373.79,1121483.68,6.198901181757844,46.2379774259637
34823,47317,221225064,20221225,Collision frontale,Frôlement avec le trafic en sens inverse (sans dépassement),Etat de la personne - Influence de l'alcool,Genève,Nuit,Beau temps,Avec dommages matériels,2499708.36,1116976.187,Route sèche,Route principale,210000.0,Dimanche,1,0,0,0,0,0,0,0,0,0,0,0,2,0,0,0,0.0,0.0,0,0,,,2022,2499708.36,1116976.19,6.139396143690332,46.19675509885475
34824,47318,4401,20220203,Accident par tamponnement,Collision avec un véhicule en marche,Inattention et distraction - Manque d'attention momentané,Céligny,Jour,Beau temps,Avec dommages matériels,2503538.735,1135200.116,Route sèche,Autoroute,80000.0,Jeudi,0,0,0,0,0,0,0,0,0,0,0,0,2,0,0,0,0.0,0.0,0,0,,,2022,2503538.73,1135200.12,6.1852320669731204,46.36123026963509
34825,47319,220813045,20220721,Dérapage ou perte de maîtrise,Collision avec un obstacle hors de la chaussée,Inattention et distraction - Manque d'attention momentané,Meyrin,Jour,Beau temps,Avec blessés graves,2494295.417,1120615.564,Route sèche,Autre,130000.0,Jeudi,0,0,0,1,0,0,0,0,0,0,0,0,1,0,0,0,0.0,0.0,1,0,,,2022,2494295.42,1120615.56,6.068462448589627,46.228659181705886
34826,47320,220802245,20220704,Accident en quittant une route,"Collision en obliquant à gauche avec les usagers d'une voie séparée, d'une piste séparée, d'une piste cyclable/voie piétonne séparée, des rails de tramway",Signalisation - Inobservation d'une marque,Lancy,Jour,Beau temps,Avec dommages matériels,2497584.803,1117002.903,Route sèche,Route principale,70000.0,Lundi,0,0,0,0,0,0,0,0,0,0,0,0,1,0,0,1,0.0,0.0,0,1,,,2022,2497584.8,1117002.9,6.111885349608666,46.196675201373964
34827,47321,220825125,20220820,Accident lors d'un dépassement ou lors d'un changement de voie de circulation,Autre cas d'accident lors d'un dépassement ou lors d'un changement de voie de circulation,Dépassement - Autre attitude fautive en rapport avec un dépassement,Aire-la-Ville,Jour,Beau temps,Avec blessés légers,2492476.226,1116086.806,Route sèche,Route secondaire,150000.0,Samedi,0,0,1,0,0,0,0,2,0,0,0,0,0,0,0,0,0.0,0.0,0,0,,,2022,2492476.23,1116086.81,6.04592973149992,46.18763813856566