,OBJECTID,ID_ACCIDENT,DATE_,GROUPE_ACCIDENT,TYPE,CAUSE,COMMUNE,CONDITIONS_LUMINEUSES,CONDITIONS_METEO,CONSEQUENCES,COOR_X,COOR_Y,ETAT_ROUTE,GENRE_ROUTE,HEURE,JOUR,NB_ENFANTS_IMPLIQUES,NB_ENFANTS_ECOLE,NB_BLESSES_LEGERS,NB_BLESSES_GRAVES,NB_TUES,NB_PIETONS,NB_BICYCLETTES,NB_VAE_25,NB_VAE_45,NB_CYCLOMOTEURS,NB_MOTOS_50,NB_MOTOS,NB_VOITURES_TOURISME,NB_VOITURES_LIVRAISON,NB_CAMIONS,NB_BUS,NB_TRAM,NB_TRAINS,NB_SENIORS,NB_TC,REF_GROUPE_CAUSE,TOTAL_PERSONNES,ANNEE,E,N,LATITUDE,LONGITUDE
34894,47333,221229044,20221224,Accident par tamponnement,Collision avec un véhicule en marche,Inattention et distraction - Manque d'attention momentané,Genève,Nuit,Temps couvert,Avec dommages matériels,2499885.167,1119246.253,Route sèche,Route principale,170000.0,Samedi,0,0,0,0,0,0,0,0,0,0,0,0,0,0,0,1,0.0,0.0,0,1,,,2022,2499885.17,1119246.25,6.141199268213046,46.21719920787002
34895,47334,220709021,20220708,Dérapage ou perte de maîtrise,Sans collision,Inattention et distraction - Manque d'attention momentané,Genève,Jour,Beau temps,Avec blessés graves,2499770.21,1117694.878,Route sèche,Route principale,130000.0,Vendredi,0,0,0,1,0,0,1,0,0,0,0,0,0,1,0,0,0.0,0.0,0,0,,,2022,2499770.21,1117694.88,6.140042933200418,46.203228481343345
34896,47335,220331133,20220331,Accident lors d'un dépassement ou lors d'un changement de voie de circulation,Collision lors du changement de voie vers la gauche,Conduite - Manque d'égards en changeant de voie,Genève,Jour,Beau temps,Avec blessés légers,2501574.465,1116883.824,Route sèche,Route principale,110000.0,Jeudi,0,0,1,0,0,0,0,0,0,0,0,2,0,0,0,0,0.0,0.0,0,0,,,2022,2501574.47,1116883.82,6.163586252071114,46.196200078271154
34897,47336,220908020,20220907,Accident par tamponnement,Collision avec un véhicule en marche,Signalisation lumineuse - Non-respect d'un feu rouge,Vernier,Jour,Beau temps,Avec dommages matériels,2496385.752,1119529.499,Route sèche,Route principale,140000.0,Mercredi,0,0,0,0,0,0,0,0,0,0,0,0,2,0,0,0,0.0,0.0,1,0,,,2022,2496385.75,1119529.5,6.095794033886015,46.21921643271496
34898,47337,221218015,20221218,Dérapage ou perte de maîtrise,Collision avec un obstacle hors de la chaussée,Inattention et distraction - Manque d'attention momentané,Versoix,Nuit,Beau temps,Avec dommages matériels,2500400.678,1127945.282,Route sèche,Autoroute,0.0,Dimanche,0,0,0,0,0,0,0,0,0,0,0,0,1,0,0,0,0.0,0.0,0,0,,,2022,2500400.68,1127945.28,6.146018951096256,46.29551832997904
34899,47338,221017001,20221016,Dérapage ou perte de maîtrise,Collision avec un obstacle hors de la chaussée,Etat de la personne - Influence de l'alcool,Genève,Nuit,Beau temps,Avec dommages matériels,2501736.464,1117807.359,Route sèche,Route principale,230000.0,Dimanche,0,0,0,0,0,0,0,0,0,0,0,0,1,0,0,0,0.0,0.0,0,0,,,2022,2501736.46,1117807.36,6.165489979874538,46.20453047230828
34900,47339,221026291,20221024,Accident en parquant,Avec violation de l'obligation de déclarer,Cause inconnue - Véhicule stationné (omission de la déclaration obligatoire),Genève,Inconnu,Autre,Avec dommages matériels,2500207.99,1116595.369,Autre,Route principale,70000.0,Lundi,0,0,0,0,0,0,0,0,0,0,0,0,0,0,0,0,0.0,0.0,0,0,,,2022,2500207.99,1116595.37,6.145948932157174,46.193404209850605
34901,47340,221019120,20221015,Collision frontale,Frôlement avec le trafic en sens inverse (sans dépassement),Priorité - Autres attitude fautive en lien avec la priorité,Genève,Aurore / crépuscule,Beau temps,Avec dommages matériels,2499934.441,1116385.481,Route sèche,Route secondaire,190000.0,Samedi,0,0,0,0,0,0,0,0,0,0,0,0,2,0,0,0,0.0,0.0,0,0,,,2022,2499934.44,1116385.48,6.142451012613866,46.19147572560974
34902,47341,220311003,20220309,Accident par tamponnement,Collision avec véhicule à l'arrêt,Conduite - Suivre de trop près le véhicule qui précède,Genève,Jour,Beau temps,Avec blessés légers,2499739.154,1118020.455,Route sèche,Route principale,180000.0,Mercredi,0,0,1,0,0,0,0,0,0,0,0,1,1,0,0,0,0.0,0.0,1,0,,,2022,2499739.15,1118020.45,6.1395706469105145,46.20615214465566
34903,47342,220610250,20220610,Accident lors d'un dépassement ou lors d'un changement de voie de circulation,Collision avec le trafic venant en sens inverse,Dépassement - Dépassement en présence de trafic venant en sens inverse,Genève,Jour,Beau temps,Avec blessés légers,2500980.778,1117823.962,Route sèche,Route principale,180000.0,Vendredi,1,0,1,0,0,0,0,0,0,0,0,0,0,0,0,0,0.0,0.0,0,0,,,2022,2500980.78,1117823.96,6.155697194194488,46.20456888742825
34904,47343,221004278,20221003,Accident en parquant,Avec violation de l'obligation de déclarer,Cause inconnue - Véhicule stationné (omission de la déclaration obligatoire),Genève,Jour,Beau temps,Avec dommages matériels,2500075.683,1116100.283,Route sèche,Route secondaire,80000.0,Lundi,0,0,0,0,0,0,0,0,0,0,0,0,0,0,0,0,0.0,0.0,0,0,,,2022,2500075.68,1116100.28,6.14434125564688,46.18893153772952
34905,46455,220527002,20220527,Dérapage ou perte de maîtrise,Collision avec un obstacle hors de la chaussée,Etat de la personne - Influence de l'alcool,Bardonnex,Nuit,Beau temps,Avec blessés légers,2499396.63,1111344.049,Route sèche,Route principale,0.0,Vendredi,0,0,1,0,0,0,0,0,0,0,0,0,1,0,0,0,0.0,0.0,0,0,,,2022,2499396.63,1111344.05,6.136571052558682,46.146051137311886
34906,46456,220329253,20220329,Dérapage ou perte de maîtrise,Collision avec un obstacle hors de la chaussée,Etat de la personne - Maladies physiques ou psychiques,Puplinge,Jour,Beau temps,Avec dommages matériels,2506146.0,1117662.936,Route sèche,Route principale,110000.0,Mardi,0,0,0,0,0,0,0,0,0,0,0,0,1,0,0,0,0.0,0.0,1,0,,,2022,2506146.0,1117662.94,6.222642062145752,46.203861635969034
34907,46457,220505118,20220426,Accident lors d'un dépassement ou lors d'un changement de voie de circulation,Collision avec le véhicule dépassé en déboîtant,Dépassement - En dépassant de trop près (latéral),Laconnex,Jour,Temps couvert,Avec dommages matériels,2491688.416,1112578.74,Route sèche,Route principale,70000.0,Mardi,0,0,0,0,0,0,0,0,0,0,0,0,0,0,0,0,0.0,0.0,0,0,,,2022,2491688.42,1112578.74,6.0365407608466075,46.15595961457573
34908,46458,220907247,20220906,Accident lors d'un dépassement ou lors d'un changement de voie de circulation,Collision lors du changement de voie vers la droite,Conduite - Manque d'égards en changeant de voie,Le Grand-Saconnex,Jour,Beau temps,Avec dommages matériels,2498884.577,1122332.645,Route sèche,Autoroute,170000.0,Mardi,0,0,0,0,0,0,0,0,0,0,0,0,1,1,0,0,0.0,0.0,0,0,,,2022,2498884.58,1122332.64,6.127565136158889,46.244809486733224
34909,46459,220316096,20220316,Accident par tamponnement,Collision avec véhicule à l'arrêt,Inattention et distraction - Manque d'attention momentané,Carouge (GE),Jour,Temps couvert,Avec blessés légers,2498846.856,1115681.676,Route sèche,Autoroute,80000.0,Mercredi,0,0,1,0,0,0,0,0,0,0,0,1,1,0,0,0,0.0,0.0,0,0,,,2022,2498846.86,1115681.68,6.128518134513498,46.18498277329457
34910,46460,220203254,20220203,Accident lors d'un dépassement ou lors d'un changement de voie de circulation,Collision lors du changement de voie vers la droite,Conduite - Manque d'égards en changeant de voie,Thônex,Nuit,Beau temps,Avec dommages matériels,2503068.161,1115072.226,Route sèche,Route principale,180000.0,Jeudi,0,0,0,0,0,0,0,0,0,0,0,1,1,0,0,0,0.0,0.0,0,0,,,2022,2503068.16,1115072.23,6.183309052034283,46.1801228671836
34911,46461,220520005,20220519,Accident en traversant une route,Collision avec le trafic traversant depuis la gauche,Priorité - Non-respect du signal de priorité «Cédez le passage»,Genève,Nuit,Beau temps,Avec blessés légers,2498053.949,1119809.622,Route sèche,Route principale,220000.0,Jeudi,0,0,1,0,0,0,0,0,0,0,0,1,1,0,0,0,0.0,0.0,0,0,,,2022,2498053.95,1119809.62,6.117348742957672,46.22199105511338
34912,46462,220629014,20220615,Dérapage ou perte de maîtrise,Collision avec un obstacle hors de la chaussée,Inattention et distraction - Manque d'attention momentané,Russin,Nuit,Beau temps,Avec dommages matériels,2491049.242,1116654.064,Route sèche,Route principale,210000.0,Mercredi,0,0,0,0,0,0,0,0,0,0,0,0,0,1,0,0,0.0,0.0,0,0,,,2022,2491049.24,1116654.06,6.027318063832127,46.1925103767627
34913,46463,220125002,20220124,Dérapage ou perte de maîtrise,Collision avec un obstacle hors de la chaussée,Inattention et distraction - Manque d'attention momentané,Genthod,Nuit,Temps couvert,Avec blessés graves,2501443.735,1124230.85,Route sèche,Route principale,190000.0,Lundi,0,0,0,1,0,0,1,0,0,0,0,0,0,0,0,0,0.0,0.0,0,0,,,2022,2501443.73,1124230.85,6.160340014193855,46.26226315314848
34914,46464,220813010,20220812,Dérapage ou perte de maîtrise,Collision avec un autre usager de la route,Inattention et distraction - Manque d'attention momentané,Genève,Nuit,Beau temps,Avec blessés légers,2500482.796,1117746.02,Route sèche,Route secondaire,230000.0,Vendredi,0,0,1,0,0,0,0,0,0,0,0,0,1,0,0,0,0.0,0.0,0,0,,,2022,2500482.8,1117746.02,6.149262861851537,46.203794325435226
34915,46465,220622288,20220622,Accident par tamponnement,Collision avec véhicule à l'arrêt,Inattention et distraction - Manque d'attention momentané,Le Grand-Saconnex,Jour,Beau temps,Avec dommages matériels,2498588.403,1121241.044,Route sèche,Route principale,140000.0,Mercredi,0,0,0,0,0,0,0,0,0,0,0,1,0,1,0,0,0.0,0.0,0,0,,,2022,2498588.4,1121241.04,6.123963022591273,46.234946606318005
34916,46466,220124153,20220120,Dérapage ou perte de maîtrise,Sans collision,Inattention et distraction - Manque d'attention momentané,Genève,Jour,Beau temps,Avec blessés graves,2498537.639,1118205.112,Route sèche,Route principale,110000.0,Jeudi,0,0,0,1,0,0,1,0,0,0,0,0,0,0,0,0,0.0,0.0,1,0,,,2022,2498537.64,1118205.11,6.123965485056222,46.2076327532495
34917,46467,220614206,20220614,Autres,Autres,Etat de l'infrastructure - Chantier mal signalé ou mal éclairé,Genthod,Jour,Beau temps,Avec blessés graves,2501051.208,1124438.716,Route sèche,Route secondaire,100000.0,Mardi,0,0,0,1,0,1,0,0,0,0,0,0,1,0,0,0,0.0,0.0,1,0,,,2022,2501051.21,1124438.72,6.155205651587355,46.26407509643609
34918,46468,221101276,20221014,Accident en parquant,Avec violation de l'obligation de déclarer,Cause inconnue - Véhicule stationné (omission de la déclaration obligatoire),Genève,Inconnu,Autre,Avec dommages matériels,2501212.449,1117358.521,Autre,Route principale,140000.0,Vendredi,0,0,0,0,0,0,0,0,0,0,0,0,0,0,0,0,0.0,0.0,0,0,,,2022,2501212.45,1117358.52,6.158796817260196,46.20041662097085
34919,46469,221022006,20221022,Dérapage ou perte de maîtrise,Collision avec un obstacle hors de la chaussée,Etat de la personne - Influence de l'alcool,Carouge (GE),Nuit,Pluie,Avec dommages matériels,2499357.255,1115500.51,Route mouillée,Route principale,20000.0,Samedi,0,0,0,0,0,0,0,0,0,0,0,0,1,0,0,0,0.0,0.0,0,0,,,2022,2499357.25,1115500.51,6.135166487777475,46.18342984936174
34920,46470,220502097,20220501,Dérapage ou perte de maîtrise,Collision avec un obstacle en manoeuvrant,Conduite - Marche arrière imprudente,Genève,Jour,Beau temps,Avec blessés légers,2498906.775,1118630.278,Route sèche,Route principale,140000.0,Dimanche,0,0,1,0,0,0,0,0,0,0,0,0,1,0,0,0,0.0,0.0,2,0,,,2022,2498906.77,1118630.28,6.1286554227060135,46.21151249680239
34921,46471,220813067,20220807,Dérapage ou perte de maîtrise,Collision avec un obstacle en manoeuvrant,Inattention et distraction - Manque d'attention momentané,Genève,Nuit,Beau temps,Avec dommages matériels,2499515.576,1117437.938,Route sèche,Route secondaire,210000.0,Dimanche,0,0,0,0,0,0,0,0,0,0,0,0,1,0,0,0,0.0,0.0,0,0,,,2022,2499515.58,1117437.94,6.136799798716761,46.20087945703455
34922,46472,220529001,20220528,Dérapage ou perte de maîtrise,Sans collision,Etat de la personne - Influence de l'alcool,Genève,Nuit,Beau temps,Avec blessés légers,2499161.807,1119252.806,Route sèche,Route secondaire,230000.0,Samedi,0,0,1,0,0,0,1,0,0,0,0,0,0,0,0,0,0.0,0.0,0,0,,,2022,2499161.81,1119252.81,6.131825133039847,46.2171500636354
34923,46473,220416007,20220416,Accident en parquant,Collision avec un autre usager de la route,Etat de la personne - Influence de l'alcool,Carouge (GE),Nuit,Beau temps,Avec dommages matériels,2499903.159,1115661.424,Route sèche,Route secondaire,20000.0,Samedi,0,0,0,0,0,0,0,0,0,0,0,0,2,0,0,0,0.0,0.0,0,0,,,2022,2499903.16,1115661.42,6.142201095862256,46.184958612399036
34924,46745,220330262,20220330,Dérapage ou perte de maîtrise,Collision avec un obstacle hors de la chaussée,Inattention et distraction - Manque d'attention momentané,Lancy,Jour,Beau temps,Avec blessés légers,2498060.822,1114686.845,Route sèche,Route secondaire,140000.0,Mercredi,0,0,1,0,0,0,0,0,0,0,0,0,1,0,0,0,0.0,0.0,1,0,,,2022,2498060.82,1114686.84,6.1185564062318685,46.17591617268406
34925,46746,221018014,20221010,Accident lors d'un dépassement ou lors d'un changement de voie de circulation,Autre cas d'accident lors d'un dépassement ou lors d'un changement de voie de circulation,Cause inconnue - Cause inconnue,Genève,Jour,Beau temps,Avec dommages matériels,2501565.442,1116860.242,Route sèche,Route secondaire,140000.0,Lundi,0,0,0,0,0,0,0,0,0,0,0,0,2,0,0,0,0.0,0.0,0,0,,,2022,2501565.44,1116860.24,6.163474264608086,46.19598666814162
34926,46747,221216004,20221216,Dérapage ou perte de maîtrise,Collision avec un obstacle hors de la chaussée,Etat de la personne - Influence de l'alcool,Genève,Nuit,Pluie,Avec dommages matériels,2499720.502,1119813.965,Route mouillée,Route principale,0.0,Vendredi,0,0,0,0,0,0,0,0,0,0,0,0,1,0,0,0,0.0,0.0,0,0,,,2022,2499720.5,1119813.96,6.138943559299729,46.22228085040281
34927,46748,221214065,20221214,Accident par tamponnement,Collision avec véhicule à l'arrêt,Etat de la personne - Influence de l'alcool,Genève,Nuit,Temps couvert,Avec blessés légers,2501981.03,1116785.933,Route humide,Route principale,50000.0,Mercredi,0,0,2,0,0,0,0,0,0,0,0,0,2,0,0,0,0.0,0.0,0,0,,,2022,2501981.03,1116785.93,6.168872690483855,46.19537901323422
34928,46749,221116158,20221111,Dérapage ou perte de maîtrise,Collision avec un obstacle hors de la chaussée,Inattention et distraction - Manque d'attention momentané,Genève,Aurore / crépuscule,Beau temps,Avec dommages matériels,2498766.745,1118764.822,Route sèche,Route secondaire,170000.0,Vendredi,0,0,0,0,0,0,0,0,0,0,0,0,1,0,0,0,0.0,0.0,0,0,,,2022,2498766.75,1118764.82,6.126812157933491,46.21270152100505
34929,46750,220922028,20220921,Accident en parquant,Collision avec un autre usager de la route,Conduite - Marche arrière imprudente,Lancy,Jour,Beau temps,Avec dommages matériels,2497192.889,1116818.558,Route sèche,Autre,110000.0,Mercredi,0,0,0,0,0,0,0,0,0,0,0,0,2,0,0,0,0.0,0.0,0,0,,,2022,2497192.89,1116818.56,6.106849827414713,46.19495737782668
34930,46751,221011220,20220924,Dérapage ou perte de maîtrise,Collision avec un obstacle hors de la chaussée,Vitesse - Autre attitude fautive ayant trait à la vitesse,Perly-Certoux,Nuit,Pluie,Avec dommages matériels,2496456.762,1112761.273,Route mouillée,Route principale,230000.0,Samedi,0,0,0,0,0,0,0,0,0,0,0,0,1,0,0,0,0.0,0.0,0,0,,,2022,2496456.76,1112761.27,6.09821478247758,46.158352049229606
34931,46752,220601021,20220531,Accident par tamponnement,Collision avec un véhicule en marche,Inattention et distraction - Manque d'attention momentané,Genève,Jour,Temps couvert,Avec blessés légers,2499854.002,1118270.301,Route humide,Route principale,140000.0,Mardi,0,0,1,0,0,0,0,0,0,0,0,1,1,0,0,0,0.0,0.0,0,0,,,2022,2499854.0,1118270.3,6.141004865735473,46.2084165082919
34932,46753,220906299,20220906,Dérapage ou perte de maîtrise,Sans collision,Etat de la personne - Influence de l'alcool,Genève,Aurore / crépuscule,Beau temps,Avec blessés légers,2499880.374,1116784.888,Route sèche,Route principale,200000.0,Mardi,0,0,1,0,0,0,1,0,0,0,0,0,0,0,0,0,0.0,0.0,0,0,,,2022,2499880.37,1116784.89,6.141665102444744,46.19506011488723
34933,46754,220911026,20220911,Dérapage ou perte de maîtrise,Collision avec un obstacle hors de la chaussée,Inattention et distraction - Manque d'attention momentané,Genève,Jour,Temps couvert,Avec dommages matériels,2500611.341,1118909.817,Route sèche,Route secondaire,80000.0,Dimanche,0,0,0,0,0,0,0,0,0,0,0,1,0,0,0,0,0.0,0.0,0,0,,,2022,2500611.34,1118909.82,6.150680104456501,46.21428101040618
34934,46755,220719108,20220719,Accident impliquant des piétons,Piéton traversant la chaussée touché par un véhicule circulant en ligne droite,Priorité - Ne pas accorder la priorité à un passage pour piétons,Genève,Jour,Beau temps,Avec blessés légers,2500567.42,1116580.209,Route sèche,Route secondaire,70000.0,Mardi,0,0,1,0,0,1,0,0,0,0,0,0,0,1,0,0,0.0,0.0,0,0,,,2022,2500567.42,1116580.21,6.150607348587297,46.19332110743654
34935,46756,220704278,20220428,Accident impliquant des piétons,Autre cas d'accident impliquant des piétons,Inattention et distraction - Manque d'attention momentané,Meyrin,Nuit,Beau temps,Avec blessés légers,2497215.148,1120259.702,Route sèche,Route principale,210000.0,Jeudi,0,0,1,0,0,1,0,0,0,0,0,0,0,1,0,0,0.0,0.0,0,0,,,2022,2497215.15,1120259.7,6.106380161563189,46.2259114405592
34936,46757,220821045,20220812,Accident en parquant,Collision avec un obstacle fixe (y compris véhicule correctement stationné),Conduite - Marche arrière imprudente,Collonge-Bellerive,Jour,Autre,Avec dommages matériels,2504198.827,1121571.001,Autre,Autre,190000.0,Vendredi,0,0,0,0,0,0,0,0,0,0,0,0,1,0,0,0,0.0,0.0,1,0,,,2022,2504198.83,1121571.0,6.1966153485180975,46.23873789597733
34937,46758,221114366,20220917,Autres,Autres,Signalisation - Inobservation d'un signal,Genève,Nuit,Beau temps,Avec blessés légers,2499514.092,1118505.121,Route sèche,Route secondaire,220000.0,Samedi,0,0,2,0,0,0,0,0,0,0,0,0,1,0,0,1,0.0,0.0,0,1,,,2022,2499514.09,1118505.12,6.136550725926635,46.21047783441788
34938,46759,221128259,20220321,Accident lors d'un dépassement ou lors d'un changement de voie de circulation,Collision lors du changement de voie vers la droite,Conduite - Manque d'égards en changeant de voie,Carouge (GE),Jour,Beau temps,Avec dommages matériels,2500227.987,1115608.526,Route sèche,Route principale,100000.0,Lundi,0,0,0,0,0,0,0,0,0,0,0,0,2,0,0,0,0.0,0.0,0,0,,,2022,2500227.99,1115608.53,6.146418801089304,46.18453117450186
34939,46760,221107056,20221106,Accident en traversant une route,Collision avec le trafic traversant depuis la droite,Priorité - Non-respect du signal de priorité «Cédez le passage»,Genève,Nuit,Beau temps,Avec blessés graves,2500039.43,1117816.243,Route sèche,Route principale,180000.0,Dimanche,0,0,0,1,0,0,1,0,0,0,0,0,1,0,0,0,0.0,0.0,0,0,,,2022,2500039.43,1117816.24,6.143504391366749,46.204360125649664
34940,46761,220429065,20220428,Accident lors d'un dépassement ou lors d'un changement de voie de circulation,Collision lors du changement de voie vers la gauche,Conduite - Manque d'égards en changeant de voie,Genève,Jour,Beau temps,Avec dommages matériels,2500642.57,1116779.722,Route sèche,Route principale,130000.0,Jeudi,0,0,0,0,0,0,0,0,0,0,0,0,2,0,0,0,0.0,0.0,2,0,,,2022,2500642.57,1116779.72,6.151538202558024,46.19512668631635
34941,46762,220811011,20220810,Accident en quittant une route,"Collision en obliquant à droite avec les usagers d'une voie séparée, d'une piste séparée, d'une piste cyclable/voie piétonne séparée, des rails de tramway",Priorité - Autres attitude fautive en lien avec la priorité,Vernier,Jour,Beau temps,Avec dommages matériels,2496965.71,1118874.21,Route sèche,Route principale,70000.0,Mercredi,0,0,0,0,0,0,0,0,0,0,0,0,1,0,0,0,0.0,0.0,0,0,,,2022,2496965.71,1118874.21,6.103453643178449,46.21341172476212
34942,46854,220407136,20220407,Dérapage ou perte de maîtrise,Collision avec un obstacle hors de la chaussée,Etat de la personne - Influence de l'alcool,Genève,Nuit,Pluie,Avec dommages matériels,2500170.84,1117652.774,Route humide,Route secondaire,50000.0,Jeudi,0,0,0,0,0,0,0,0,0,0,0,0,1,0,0,0,0.0,0.0,0,0,,,2022,2500170.84,1117652.77,6.145241663628992,46.20290934378927
34943,46855,220816346,20220813,Autres,Autres,Cause inconnue - Cause inconnue,Genève,Nuit,Beau temps,Avec dommages matériels,2500261.881,1118185.277,Route sèche,Route secondaire,30000.0,Samedi,0,0,0,0,0,0,0,0,0,0,0,0,2,0,0,0,0.0,0.0,0,0,,,2022,2500261.88,1118185.28,6.146307181132697,46.207712453354844
34944,46856,220319018,20220319,Dérapage ou perte de maîtrise,Collision avec un obstacle hors de la chaussée,Etat de la personne - Influence de l'alcool,Bernex,Nuit,Beau temps,Avec blessés légers,2493764.997,1114688.023,Route sèche,Route principale,50000.0,Samedi,0,0,1,0,0,0,0,0,0,0,0,1,0,0,0,0,0.0,0.0,0,0,,,2022,2493765.0,1114688.02,6.062937370695152,46.175261974063716
34945,46857,220206029,20220205,Accident par tamponnement,Collision avec véhicule à l'arrêt,Inattention et distraction - Manque d'attention momentané,Plan-les-Ouates,Jour,Beau temps,Avec dommages matériels,2498187.102,1113989.349,Route sèche,Route principale,130000.0,Samedi,0,0,0,0,0,0,0,0,0,0,0,0,2,0,0,0,0.0,0.0,0,0,,,2022,2498187.1,1113989.35,6.120343370960245,46.1696618580755
34946,46858,221105058,20221025,Accident par tamponnement,Collision avec un véhicule en marche,Conduite - Marche arrière imprudente,Genève,Nuit,Beau temps,Avec dommages matériels,2500406.524,1118456.345,Route sèche,Route principale,180000.0,Mardi,0,0,0,0,0,0,0,0,0,0,0,0,2,0,0,0,0.0,0.0,0,0,,,2022,2500406.52,1118456.34,6.148123139373482,46.21017191718433
34947,46859,220817105,20220817,Accident lors d'un dépassement ou lors d'un changement de voie de circulation,Collision avec le véhicule dépassé en déboîtant,Dépassement - Autre attitude fautive en rapport avec un dépassement,Vernier,Jour,Beau temps,Avec blessés légers,2497084.419,1119184.871,Route sèche,Route principale,70000.0,Mercredi,0,0,1,0,0,0,0,0,0,0,0,1,1,0,0,0,0.0,0.0,0,0,,,2022,2497084.42,1119184.87,6.104923149650414,46.21622408245199
34948,46860,220130007,20220129,Accident par tamponnement,Collision avec un véhicule en marche,Conduite - Suivre de trop près le véhicule qui précède,Pregny-Chambésy,Nuit,Beau temps,Avec dommages matériels,2500492.508,1122079.823,Route sèche,Route principale,230000.0,Samedi,0,0,0,0,0,0,0,0,0,0,0,0,2,0,0,0,0.0,0.0,0,0,,,2022,2500492.51,1122079.82,6.148464027763539,46.24277564681552
34949,46861,221107339,20221107,Accident par tamponnement,Collision avec un véhicule en marche,Etat de la personne - Influence de l'alcool,Genève,Nuit,Beau temps,Avec dommages matériels,2498903.349,1116869.487,Route sèche,Route principale,190000.0,Lundi,0,0,0,0,0,0,0,0,0,0,0,1,1,0,0,0,0.0,0.0,0,0,,,2022,2498903.35,1116869.49,6.128992499165194,46.195674832731065
34950,46862,230104012,20221104,Accident lors d'un dépassement ou lors d'un changement de voie de circulation,Collision lors du changement de voie vers la gauche,Conduite - Manque d'égards en changeant de voie,Meyrin,Jour,Temps couvert,Avec dommages matériels,2494913.044,1120461.838,Route humide,Route principale,60000.0,Vendredi,0,0,0,0,0,0,0,0,0,0,0,2,0,0,0,0,0.0,0.0,0,0,,,2022,2494913.04,1120461.84,6.0765013019767755,46.227373461235466
34951,46863,220629142,20220629,Accident lors d'un dépassement ou lors d'un changement de voie de circulation,Collision lors du changement de voie vers la gauche,Conduite - Manque d'égards en changeant de voie,Meyrin,Jour,Beau temps,Avec dommages matériels,2496702.494,1120114.494,Route sèche,Route principale,110000.0,Mercredi,0,0,0,0,0,0,0,0,0,0,0,0,2,0,0,0,0.0,0.0,0,0,,,2022,2496702.49,1120114.49,6.099768669291097,46.22452676529174
34952,46864,221211001,20221210,Accident par tamponnement,Collision avec véhicule à l'arrêt,Inattention et distraction - Manque d'attention momentané,Genève,Nuit,Temps couvert,Avec dommages matériels,2500373.112,1119121.655,Route sèche,Route principale,210000.0,Samedi,0,0,0,0,0,0,0,0,0,0,0,0,2,0,0,0,0.0,0.0,0,0,,,2022,2500373.11,1119121.66,6.1475482300282085,46.216151108610795
34953,46865,220719287,20220719,Accident lors d'un dépassement ou lors d'un changement de voie de circulation,Collision lors du changement de voie vers la gauche,Conduite - Manque d'égards en changeant de voie,Genève,Jour,Beau temps,Avec dommages matériels,2499739.154,1118020.455,Route sèche,Route principale,140000.0,Mardi,0,0,0,0,0,0,0,0,0,0,0,0,1,1,0,0,0.0,0.0,0,0,,,2022,2499739.15,1118020.45,6.1395706469105145,46.20615214465566
34954,46866,220129026,20220129,Dérapage ou perte de maîtrise,Collision avec un obstacle sur la chaussée,Etat de la personne - Influence de l'alcool,Gy,Jour,Beau temps,Avec dommages matériels,2508503.774,1122849.751,Route sèche,Route principale,70000.0,Samedi,0,0,0,0,0,0,0,0,0,0,0,0,1,0,0,0,0.0,0.0,0,0,,,2022,2508503.77,1122849.75,6.252167667181803,46.25083987296608
34955,46867,220206067,20220206,Accident par tamponnement,Collision avec véhicule à l'arrêt,Conduite - Suivre de trop près le véhicule qui précède,Genève,Nuit,Pluie,Avec blessés légers,2499544.677,1117030.29,Route mouillée,Route principale,180000.0,Dimanche,0,0,2,0,0,0,0,0,0,0,0,1,1,0,0,0,0.0,0.0,1,0,,,2022,2499544.68,1117030.29,6.137264462866439,46.19721725641594
34956,46868,221030010,20221030,Accident lors d'un dépassement ou lors d'un changement de voie de circulation,Frôlement latéral avec le véhicule dépassé,Dépassement - En dépassant de trop près (latéral),Genève,Nuit,Pluie,Avec blessés graves,2500211.479,1118806.049,Route humide,Route principale,40000.0,Dimanche,0,0,0,1,0,0,0,0,1,0,0,0,0,0,0,0,0.0,0.0,0,0,,,2022,2500211.48,1118806.05,6.145521497168396,46.21328841291553
34957,46869,220307263,20220307,Accident par tamponnement,"Collision avec véhicule à l'arrêt, en reculant",Conduite - Marche arrière imprudente,Collonge-Bellerive,Jour,Beau temps,Avec blessés légers,2504289.903,1121798.71,Route sèche,Route principale,110000.0,Lundi,0,0,1,0,0,0,0,0,0,0,0,1,0,1,0,0,0.0,0.0,0,0,,,2022,2504289.9,1121798.71,6.197749085821567,46.24079901160948
34958,46870,220214414,20220214,Accident impliquant des piétons,Piéton traversant la chaussée touché par un véhicule circulant en ligne droite,Priorité - Ne pas accorder la priorité à un passage pour piétons,Genève,Nuit,Pluie,Avec blessés graves,2500689.304,1116090.189,Route mouillée,Route principale,190000.0,Lundi,0,0,0,1,0,1,0,0,0,0,0,0,1,0,0,0,0.0,0.0,0,0,,,2022,2500689.3,1116090.19,6.152290102700505,46.1889316944435
34959,46871,220719090,20220719,Dérapage ou perte de maîtrise,Collision avec un obstacle sur la chaussée,Inattention et distraction - Manque d'attention momentané,Meyrin,Nuit,Beau temps,Avec blessés légers,2493297.516,1121172.032,Route sèche,Route principale,60000.0,Mardi,0,0,1,0,0,0,1,0,0,0,0,0,0,0,0,0,0.0,0.0,0,0,,,2022,2493297.52,1121172.03,6.0554026168978465,46.233506467951635