,OBJECTID,ID_ACCIDENT,DATE_,GROUPE_ACCIDENT,TYPE,CAUSE,COMMUNE,CONDITIONS_LUMINEUSES,CONDITIONS_METEO,CONSEQUENCES,COOR_X,COOR_Y,ETAT_ROUTE,GENRE_ROUTE,HEURE,JOUR,NB_ENFANTS_IMPLIQUES,NB_ENFANTS_ECOLE,NB_BLESSES_LEGERS,NB_BLESSES_GRAVES,NB_TUES,NB_PIETONS,NB_BICYCLETTES,NB_VAE_25,NB_VAE_45,NB_CYCLOMOTEURS,NB_MOTOS_50,NB_MOTOS,NB_VOITURES_TOURISME,NB_VOITURES_LIVRAISON,NB_CAMIONS,NB_BUS,NB_TRAM,NB_TRAINS,NB_SENIORS,NB_TC,REF_GROUPE_CAUSE,TOTAL_PERSONNES,ANNEE,E,N,LATITUDE,LONGITUDE
34960,47344,220630214,20220630,Accident en traversant une route,Collision avec le trafic traversant depuis la gauche,Priorité - Non-respect du signal de priorité «Cédez le passage»,Lancy,Jour,Beau temps,Avec blessés légers,2498867.705,1115063.452,Route sèche,Route principale,150000.0,Jeudi,0,0,1,0,0,0,0,0,0,0,0,1,0,1,0,0,0.0,0.0,0,0,,,2022,2498867.7,1115063.45,6.128921853196219,46.17942534117515
34961,47345,220214212,20220214,Accident impliquant des piétons,Piéton traversant la chaussée touché par un véhicule circulant en ligne droite,Priorité - Ne pas accorder la priorité à un passage pour piétons,Genève,Jour,Beau temps,Avec blessés légers,2499444.041,1118919.17,Route sèche,Route principale,90000.0,Lundi,0,0,1,0,0,1,0,0,0,0,0,0,1,0,0,0,0.0,0.0,1,0,,,2022,2499444.04,1118919.17,6.135553953669696,46.21419147283951
34962,47346,220928266,20220928,Dérapage ou perte de maîtrise,Collision avec un autre usager de la route,Vitesse - Inadaptée aux conditions du trafic,Lancy,Jour,Pluie,Avec blessés légers,2497599.612,1116968.796,Route mouillée,Route principale,110000.0,Mercredi,0,0,1,0,0,0,0,0,0,0,0,1,1,0,0,0,0.0,0.0,0,0,,,2022,2497599.61,1116968.8,6.112084651813036,46.19637075134507
34963,47347,221124301,20221124,Dérapage ou perte de maîtrise,Collision avec un obstacle hors de la chaussée,Etat de la personne - Influence de l'alcool,Bernex,Jour,Temps couvert,Avec dommages matériels,2494399.625,1113309.683,Route humide,Route principale,150000.0,Jeudi,0,0,0,0,0,0,0,0,0,0,0,0,1,0,0,0,0.0,0.0,0,0,,,2022,2494399.63,1113309.68,6.071465402362481,46.16296482713902
34964,47348,220915218,20220904,Accident en parquant,Avec violation de l'obligation de déclarer,Cause inconnue - Véhicule stationné (omission de la déclaration obligatoire),Carouge (GE),Inconnu,Autre,Avec dommages matériels,2499892.501,1115568.676,Autre,Route principale,0.0,Dimanche,0,0,0,0,0,0,0,0,0,0,0,0,0,0,0,0,0.0,0.0,0,0,,,2022,2499892.5,1115568.68,6.142082930805402,46.18412288863453
34965,47349,220706417,20220504,Accident en parquant,Collision avec un autre usager de la route,Conduite - Marche arrière imprudente,Genève,Jour,Beau temps,Avec dommages matériels,2500865.127,1117711.735,Route sèche,Route secondaire,140000.0,Mercredi,0,0,0,0,0,0,0,0,0,0,0,0,2,0,0,0,0.0,0.0,0,0,,,2022,2500865.13,1117711.73,6.154222873118537,46.20354240099178
34966,47350,220929310,20220929,Accident lors d'un dépassement ou lors d'un changement de voie de circulation,Collision lors du changement de voie vers la droite,Conduite - Manque d'égards en changeant de voie,Plan-les-Ouates,Nuit,Pluie,Avec blessés légers,2497328.842,1113150.933,Route sèche,Autoroute,60000.0,Jeudi,0,0,2,0,0,0,0,0,0,0,0,0,1,0,1,0,0.0,0.0,0,0,,,2022,2497328.84,1113150.93,6.109416658433606,46.16199041205299
34967,47351,220227039,20220227,Accident en parquant,Collision avec un obstacle fixe (y compris véhicule correctement stationné),Etat de la personne - Influence de l'alcool,Perly-Certoux,Nuit,Beau temps,Avec dommages matériels,2496134.0,1112561.0,Route sèche,Autre,60000.0,Dimanche,0,0,0,0,0,0,0,0,0,0,0,0,1,0,0,0,0.0,0.0,0,0,,,2022,2496134.0,1112561.0,6.094081759026673,46.1565010195289
34968,47352,220422303,20220420,Accident lors d'un dépassement ou lors d'un changement de voie de circulation,Frôlement latéral avec le véhicule sur la voie voisine,Inattention et distraction - Manque d'attention momentané,Genève,Jour,Beau temps,Avec dommages matériels,2499265.512,1119027.343,Route sèche,Route principale,130000.0,Mercredi,0,0,0,0,0,0,0,0,0,0,0,0,2,0,0,0,0.0,0.0,1,0,,,2022,2499265.51,1119027.34,6.133217477533239,46.21513765759382
34969,47353,220622165,20220618,Dérapage ou perte de maîtrise,Collision avec un obstacle sur la chaussée,Etat de la personne - Influence de l'alcool,Thônex,Jour,Beau temps,Avec dommages matériels,2504136.955,1115787.584,Route sèche,Route principale,70000.0,Samedi,0,0,0,0,0,0,0,0,0,0,0,0,1,0,0,0,0.0,0.0,0,0,,,2022,2504136.95,1115787.58,6.19700151018519,46.18671026028143
34970,47354,220702014,20220701,Accident en quittant une route,Collision en obliquant à gauche avec le trafic dans le même sens,Inattention et distraction - Manque d'attention momentané,Genève,Jour,Beau temps,Avec blessés légers,2499357.174,1118214.576,Route sèche,Route principale,180000.0,Vendredi,0,0,1,0,0,0,1,0,0,0,0,1,0,0,0,0,0.0,0.0,0,0,,,2022,2499357.17,1118214.58,6.134580393771343,46.20784113581332
34971,47355,221031188,20221030,Accident en parquant,Collision avec un autre usager de la route,Conduite - Marche arrière imprudente,Genève,Jour,Beau temps,Avec dommages matériels,2501189.505,1117557.487,Route sèche,Route principale,160000.0,Dimanche,0,0,0,0,0,0,0,0,0,0,0,0,2,0,0,0,0.0,0.0,1,0,,,2022,2501189.5,1117557.49,6.158457420238939,46.202202863403976
34972,47356,220620451,20220620,Accident impliquant des piétons,Autre cas d'accident impliquant des piétons,Inattention et distraction - Manque d'attention momentané,Lancy,Jour,Beau temps,Avec blessés légers,2498381.161,1115406.903,Route sèche,Route secondaire,180000.0,Lundi,0,0,1,0,0,1,0,0,0,0,0,1,0,0,0,0,0.0,0.0,0,0,,,2022,2498381.16,1115406.9,6.122547330727435,46.18244109964982
34973,47357,220803059,20220801,Accident en parquant,Avec violation de l'obligation de déclarer,Cause inconnue - Véhicule stationné (omission de la déclaration obligatoire),Le Grand-Saconnex,Jour,Beau temps,Avec dommages matériels,2498112.948,1121364.324,Route sèche,Autre,110000.0,Lundi,0,0,0,0,0,0,0,0,0,0,0,0,0,0,0,0,0.0,0.0,0,0,,,2022,2498112.95,1121364.32,6.117773590347578,46.235983492633395
34974,47358,221007230,20221007,Accident par tamponnement,Collision avec véhicule à l'arrêt,Inattention et distraction - Manque d'attention momentané,Carouge (GE),Jour,Beau temps,Avec blessés légers,2499459.129,1115325.742,Route sèche,Route principale,130000.0,Vendredi,0,0,1,0,0,0,0,0,0,0,0,1,0,1,0,0,0.0,0.0,0,0,,,2022,2499459.13,1115325.74,6.136523367946567,46.18187314703253
34975,47359,220715174,20220708,Accident en s'engageant sur une route,Collision en obliquant à gauche avec le trafic venant de droite,Priorité - Non-respect du signal de priorité «Stop»,Lancy,Jour,Beau temps,Avec dommages matériels,2498181.984,1116962.992,Route sèche,Route principale,160000.0,Vendredi,0,0,0,0,0,0,0,0,0,0,0,0,1,0,0,0,0.0,0.0,0,0,,,2022,2498181.98,1116962.99,6.119628895127114,46.196406942888096
34976,47360,220928154,20220927,Accident lors d'un dépassement ou lors d'un changement de voie de circulation,Frôlement latéral avec le véhicule sur la voie voisine,Dépassement - En dépassant de trop près (latéral),Genève,Jour,Temps couvert,Avec dommages matériels,2500372.454,1118091.266,Route sèche,Route principale,170000.0,Mardi,0,0,0,0,0,0,0,0,0,0,0,0,1,0,1,0,0.0,0.0,0,0,,,2022,2500372.45,1118091.27,6.147759682909885,46.206883289307505
34977,47361,220919005,20220918,Dérapage ou perte de maîtrise,Collision avec un obstacle hors de la chaussée,Etat de la personne - Influence de l'alcool,Vandoeuvres,Jour,Beau temps,Avec dommages matériels,2504684.201,1119626.132,Route sèche,Route principale,80000.0,Dimanche,0,0,0,0,0,0,0,0,0,0,0,0,1,0,0,0,0.0,0.0,0,0,,,2022,2504684.2,1119626.13,6.20330453609241,46.221313824478976
34978,46474,220830321,20220830,Accident lors d'un dépassement ou lors d'un changement de voie de circulation,Collision lors du changement de voie vers la gauche,Conduite - Manque d'égards en changeant de voie,Genève,Nuit,Beau temps,Avec blessés graves,2499852.785,1117944.961,Route sèche,Route secondaire,60000.0,Mardi,0,0,0,2,0,0,1,0,0,0,0,1,0,0,0,0,0.0,0.0,0,0,,,2022,2499852.79,1117944.96,6.141059005645536,46.20549010038238
34979,46475,221114254,20221109,Accident lors d'un dépassement ou lors d'un changement de voie de circulation,Frôlement latéral avec le véhicule sur la voie voisine,Signalisation - Inobservation d'une marque,Genève,Aurore / crépuscule,Pluie,Avec dommages matériels,2501335.097,1117438.766,Route mouillée,Route principale,60000.0,Mercredi,0,0,0,0,0,0,0,0,0,0,0,0,1,1,0,0,0.0,0.0,0,0,,,2022,2501335.1,1117438.77,6.160368574337903,46.20115643400803
34980,46476,220701007,20220625,Accident lors d'un dépassement ou lors d'un changement de voie de circulation,Collision lors du changement de voie vers la gauche,Conduite - Manque d'égards en changeant de voie,Meyrin,Jour,Beau temps,Avec dommages matériels,2493977.487,1120858.496,Route sèche,Route principale,90000.0,Samedi,0,0,0,0,0,0,0,0,0,0,0,0,2,0,0,0,0.0,0.0,0,0,,,2022,2493977.49,1120858.5,6.064286924614365,46.2307941500325
34981,46477,220909123,20220907,Accident en parquant,Avec violation de l'obligation de déclarer,Cause inconnue - Véhicule stationné (omission de la déclaration obligatoire),Carouge (GE),Nuit,Beau temps,Avec dommages matériels,2499261.387,1115311.258,Route sèche,Autre,50000.0,Mercredi,0,0,0,0,0,0,0,0,0,0,0,0,0,0,0,0,0.0,0.0,0,0,,,2022,2499261.39,1115311.26,6.133965995566266,46.181713316508315
34982,46478,220226035,20220203,Accident en parquant,Collision avec un obstacle fixe (y compris véhicule correctement stationné),Conduite - Marche arrière imprudente,Bellevue,Nuit,Beau temps,Avec dommages matériels,2500994.581,1123392.242,Route sèche,Route secondaire,210000.0,Jeudi,0,0,0,0,0,0,0,0,0,0,0,0,1,0,0,0,0.0,0.0,0,0,,,2022,2500994.58,1123392.24,6.154693684045614,46.25465427644734
34983,46479,220331094,20220330,Dérapage ou perte de maîtrise,Collision avec un obstacle hors de la chaussée,Inattention et distraction - Manque d'attention momentané,Genève,Nuit,Beau temps,Avec dommages matériels,2499803.483,1118171.723,Route sèche,Route principale,190000.0,Mercredi,0,0,0,0,0,0,0,0,0,0,0,0,0,0,0,0,0.0,0.0,0,0,,,2022,2499803.48,1118171.72,6.140371538387037,46.20752231463535
34984,46480,220518272,20220518,Accident en s'engageant sur une route,Collision en obliquant à gauche avec le trafic venant de gauche,Priorité - Non-respect du signal de priorité «Stop»,Onex,Jour,Beau temps,Avec blessés légers,2496566.612,1115114.661,Route sèche,Route secondaire,170000.0,Mercredi,0,0,1,0,0,0,1,0,0,0,0,0,1,0,0,0,0.0,0.0,0,0,,,2022,2496566.61,1115114.66,6.099115727656051,46.17953597103398
34985,46481,221004001,20221003,Accident en traversant une route,Autre cas d'accident en traversant une route,Comportement du cycliste ou du cyclomotoriste - Emprunter un passage pour piétons pour traverser la route,Genève,Jour,Temps couvert,Avec blessés graves,2499306.273,1119413.468,Route sèche,Route principale,180000.0,Lundi,1,0,1,1,0,0,0,0,1,0,0,0,0,0,0,0,0.0,0.0,0,0,,,2022,2499306.27,1119413.47,6.133662250294281,46.21861675720753
34986,46482,220209214,20220209,Accident impliquant des piétons,Piéton traversant la chaussée touché par un véhicule circulant en ligne droite,Signalisation lumineuse - Non-respect d'un feu rouge,Genève,Jour,Beau temps,Avec blessés légers,2501891.813,1117683.584,Route sèche,Route principale,150000.0,Mercredi,0,0,1,0,0,1,0,0,0,0,0,0,0,0,0,0,0.0,0.0,0,0,,,2022,2501891.81,1117683.58,6.167528445834914,46.203439835109066
34987,46483,220630242,20220630,Accident par tamponnement,Collision avec véhicule à l'arrêt,Etat de la personne - Influence de l'alcool,Thônex,Aurore / crépuscule,Pluie,Avec dommages matériels,2504619.853,1116525.674,Route mouillée,Route principale,210000.0,Jeudi,0,0,0,0,0,0,0,0,0,0,0,0,2,0,0,0,0.0,0.0,0,0,,,2022,2504619.85,1116525.67,6.203104365843962,46.19341766466346
34988,46484,220719277,20220718,Accident par tamponnement,"Collision avec un véhicule en marche, en reculant",Conduite - Marche arrière imprudente,Genève,Jour,Beau temps,Avec dommages matériels,2500509.654,1118869.867,Route sèche,Route secondaire,140000.0,Lundi,0,0,0,0,0,0,0,0,0,0,0,1,0,1,0,0,0.0,0.0,0,0,,,2022,2500509.65,1118869.87,6.149371072030627,46.213906638899196
34989,46485,220304029,20220303,Accident par tamponnement,Collision avec véhicule à l'arrêt,Inattention et distraction - Manque d'attention momentané,Lancy,Aurore / crépuscule,Beau temps,Avec dommages matériels,2498227.645,1115426.903,Route sèche,Route principale,180000.0,Jeudi,1,0,0,0,0,0,0,0,0,0,0,0,2,1,0,0,0.0,0.0,0,0,,,2022,2498227.64,1115426.9,6.1205550587220605,46.182597770139225
34990,46486,220719302,20220719,Accident en s'engageant sur une route,Collision en obliquant à gauche avec le trafic venant de gauche,Etat de la personne - Influence de l'alcool,Genève,Jour,Beau temps,Avec dommages matériels,2501341.114,1117897.847,Route sèche,Route principale,170000.0,Mardi,0,0,0,0,0,0,0,0,0,0,0,0,0,1,0,1,0.0,0.0,0,1,,,2022,2501341.11,1117897.85,6.16034938547961,46.20528646627593
34991,46487,220203007,20220121,Dérapage ou perte de maîtrise,Collision avec un obstacle hors de la chaussée,Inattention et distraction - Manque d'attention momentané,Genève,Jour,Beau temps,Avec dommages matériels,2500646.459,1118622.177,Route sèche,Route secondaire,110000.0,Vendredi,0,0,0,0,0,0,0,0,0,0,0,0,1,0,0,0,0.0,0.0,0,0,,,2022,2500646.46,1118622.18,6.151196388808261,46.21169905693035
34992,46488,220110245,20220110,Dérapage ou perte de maîtrise,Sans collision,Inattention et distraction - Manque d'attention momentané,Anières,Nuit,Temps couvert,Avec blessés graves,2506258.732,1125689.096,Route humide,Route secondaire,180000.0,Lundi,0,0,0,1,0,0,0,0,1,0,0,0,0,0,0,0,0.0,0.0,0,0,,,2022,2506258.73,1125689.1,6.222488177272454,46.2760689021891
34993,46489,221029078,20221029,Accident par tamponnement,Collision avec un véhicule en marche,Conduite - Suivre de trop près le véhicule qui précède,Genève,Nuit,Beau temps,Avec dommages matériels,2500461.097,1116726.911,Route sèche,Route principale,190000.0,Samedi,0,0,0,0,0,0,0,0,0,0,0,1,1,0,0,0,0.0,0.0,0,0,,,2022,2500461.1,1116726.91,6.149199063776947,46.194624850468266
34994,46490,220612021,20220612,Accident par tamponnement,Collision avec véhicule à l'arrêt,Etat de la personne - Influence de l'alcool,Genève,Jour,Beau temps,Avec dommages matériels,2500049.421,1118138.907,Route sèche,Route secondaire,50000.0,Dimanche,0,0,0,0,0,0,0,0,0,0,0,0,2,0,0,0,0.0,0.0,0,0,,,2022,2500049.42,1118138.91,6.143564699614176,46.207263825203206
34995,46491,220130024,20220122,Accident en parquant,Collision avec un obstacle fixe (y compris véhicule correctement stationné),Inattention et distraction - Manque d'attention momentané,Onex,Jour,Beau temps,Avec dommages matériels,2496653.201,1115776.147,Route sèche,Route secondaire,140000.0,Samedi,0,0,0,0,0,0,0,0,0,0,0,0,1,0,0,0,0.0,0.0,1,0,,,2022,2496653.2,1115776.15,6.1000905559104,46.185498908062904
34996,46763,220712180,20220706,Accident en traversant une route,Collision avec le trafic traversant depuis la gauche,"Priorité - Inobservation des règles de la circulation données par des signes de la main (police, pompiers, patrouilleurs scolaires, etc.)",Le Grand-Saconnex,Nuit,Beau temps,Avec dommages matériels,2498576.569,1122174.49,Route sèche,Route principale,60000.0,Mercredi,0,0,0,0,0,0,0,0,0,0,0,1,1,0,0,0,0.0,0.0,0,0,,,2022,2498576.57,1122174.49,6.123606588195372,46.24334059436047
34997,46764,220829275,20220829,Accident impliquant des piétons,Piéton traversant la chaussée touché par un véhicule circulant en ligne droite,Priorité - Ne pas accorder la priorité à un passage pour piétons,Genève,Jour,Beau temps,Avec blessés graves,2499930.394,1116633.365,Route sèche,Route secondaire,120000.0,Lundi,0,0,0,1,0,1,0,0,0,0,0,0,0,1,0,0,0.0,0.0,1,0,,,2022,2499930.39,1116633.36,6.142345436441317,46.193704645754245
34998,46765,220622299,20220622,Dérapage ou perte de maîtrise,Collision avec un autre usager de la route,"Vitesse - Inadaptée aux conditions de la route (mouillée, verglacée, gravillon, feuilles, etc.)",Jussy,Nuit,Pluie,Avec blessés graves,2508555.725,1121430.217,Route mouillée,Route secondaire,60000.0,Mercredi,0,0,1,1,0,0,0,0,0,0,0,1,1,0,0,0,0.0,0.0,0,0,,,2022,2508555.73,1121430.22,6.253119907036757,46.23807886870351
34999,46766,221014254,20221003,Accident en parquant,Avec violation de l'obligation de déclarer,Cause inconnue - Véhicule stationné (omission de la déclaration obligatoire),Collonge-Bellerive,Jour,Beau temps,Avec dommages matériels,2504735.774,1121246.548,Route sèche,Route secondaire,140000.0,Lundi,0,0,0,0,0,0,0,0,0,0,0,0,0,0,0,0,0.0,0.0,0,0,,,2022,2504735.77,1121246.55,6.203641748095407,46.235895991665394
35000,46767,220817077,20220817,Accident en quittant une route,"Collision en obliquant à droite avec les usagers d'une voie séparée, d'une piste séparée, d'une piste cyclable/voie piétonne séparée, des rails de tramway",Priorité - Autres attitude fautive en lien avec la priorité,Carouge (GE),Nuit,Beau temps,Avec dommages matériels,2499160.545,1114718.607,Route sèche,Route principale,60000.0,Mercredi,0,0,0,0,0,0,0,0,1,0,0,0,1,0,0,0,0.0,0.0,0,0,,,2022,2499160.55,1114718.61,6.132788169376141,46.176367708156555
35001,46768,220512307,20220512,Accident par tamponnement,Collision avec un véhicule en marche,Vitesse - Inadaptée aux conditions du trafic,Genève,Jour,Beau temps,Avec blessés légers,2500872.521,1117408.17,Route sèche,Route principale,130000.0,Jeudi,0,0,2,0,0,0,1,0,0,0,0,1,0,0,0,0,0.0,0.0,1,0,,,2022,2500872.52,1117408.17,6.154383070998878,46.20081315358062
35002,46769,221107300,20220930,Dérapage ou perte de maîtrise,Collision avec un obstacle sur la chaussée,Inattention et distraction - Manque d'attention momentané,Puplinge,Jour,Beau temps,Avec dommages matériels,2506928.572,1118466.841,Route sèche,Route principale,170000.0,Vendredi,0,0,0,0,0,0,0,0,0,0,0,0,1,0,0,0,0.0,0.0,0,0,,,2022,2506928.57,1118466.84,6.232619361958589,46.211201154503236
35003,46770,220725003,20220724,Dérapage ou perte de maîtrise,Collision avec un obstacle hors de la chaussée,Inattention et distraction - Manque d'attention momentané,Genève,Nuit,Beau temps,Avec blessés légers,2499050.25,1118058.238,Route sèche,Route principale,200000.0,Dimanche,0,0,1,0,0,0,0,0,0,0,0,0,1,0,0,0,0.0,0.0,1,0,,,2022,2499050.25,1118058.24,6.130638074122405,46.206388934684085
35004,46771,220324240,20220324,Accident en parquant,Collision avec un autre usager de la route,Conduite - Manque d'égards en changeant de voie,Genève,Jour,Beau temps,Avec blessés légers,2498433.258,1118367.806,Route sèche,Route principale,170000.0,Jeudi,0,0,1,0,0,0,1,0,0,0,0,0,1,0,0,0,0.0,0.0,0,0,,,2022,2498433.26,1118367.81,6.122577842702571,46.20908036744487
35005,46772,220619047,20220617,Collision frontale,Collision frontale avec le trafic venant en sens inverse (sans dépassement),Signalisation lumineuse - Non-respect d'un feu rouge,Meyrin,Jour,Beau temps,Avec dommages matériels,2496733.565,1120148.435,Route sèche,Route principale,170000.0,Vendredi,0,0,0,0,0,0,0,0,0,0,0,0,2,0,0,0,0.0,0.0,1,0,,,2022,2496733.57,1120148.43,6.100163915641381,46.22483680868863
35006,46773,220925021,20220925,Accident par tamponnement,Collision avec un véhicule en marche,Inattention et distraction - Manque d'attention momentané,Le Grand-Saconnex,Aurore / crépuscule,Temps couvert,Avec dommages matériels,2497380.645,1120752.839,Route humide,Route principale,50000.0,Dimanche,0,0,0,0,0,0,0,0,0,0,0,0,2,0,0,0,0.0,0.0,1,0,,,2022,2497380.64,1120752.84,6.108416262103628,46.230372190345875
35007,46774,220605032,20220605,Accident impliquant des piétons,Piéton touché par un véhicule arrivant dans son dos sur sa gauche,Inattention et distraction - Manque d'attention momentané,Cologny,Jour,Beau temps,Avec blessés graves,2503094.76,1119999.993,Route sèche,Route principale,80000.0,Dimanche,0,0,0,1,0,1,1,0,0,0,0,0,0,0,0,0,0.0,0.0,0,0,,,2022,2503094.76,1119999.99,6.182630400084479,46.224449158938675
35008,46775,220625013,20220625,Dérapage ou perte de maîtrise,Collision avec un obstacle hors de la chaussée,Etat de la personne - Influence de l'alcool,Genève,Nuit,Beau temps,Avec dommages matériels,2500325.279,1116943.96,Route sèche,Route principale,20000.0,Samedi,0,0,0,0,0,0,0,0,0,0,0,1,0,0,0,0,0.0,0.0,0,0,,,2022,2500325.28,1116943.96,6.147393602771543,46.19655695736282
35009,46776,221014259,20221011,Dérapage ou perte de maîtrise,Collision avec un obstacle hors de la chaussée,Inattention et distraction - Manque d'attention momentané,Genève,Jour,Beau temps,Avec dommages matériels,2500911.833,1117541.705,Route sèche,Route principale,190000.0,Mardi,0,0,0,0,0,0,0,0,0,0,0,0,0,0,0,0,0.0,0.0,0,0,,,2022,2500911.83,1117541.7,6.15486392145093,46.20201997003727
35010,46777,220304214,20220304,Accident par tamponnement,Collision avec un véhicule en marche,Etat de la personne - Influence de l'alcool,Genève,Jour,Beau temps,Avec dommages matériels,2499974.267,1119274.966,Route sèche,Route principale,180000.0,Vendredi,0,0,0,0,0,0,0,0,0,0,0,0,2,0,0,0,0.0,0.0,0,0,,,2022,2499974.27,1119274.97,6.142347598952686,46.21747079356244
35011,46778,221001008,20220930,Accident en quittant une route,Collision en obliquant à droite avec le trafic dans le même sens,Conduite - Manque d'égards en changeant de voie,Collonge-Bellerive,Aurore / crépuscule,Temps couvert,Avec blessés légers,2505386.725,1123807.243,Route sèche,Route principale,70000.0,Vendredi,0,0,1,0,0,0,1,0,0,0,0,0,1,0,0,0,0.0,0.0,0,0,,,2022,2505386.73,1123807.24,6.211559466224012,46.25902014482404
35012,46779,220416003,20220415,Accident en parquant,Avec violation de l'obligation de déclarer,Cause inconnue - Véhicule stationné (omission de la déclaration obligatoire),Genève,Inconnu,Autre,Avec dommages matériels,2500737.004,1117132.236,Autre,Route principale,160000.0,Vendredi,0,0,0,0,0,0,0,0,0,0,0,0,0,0,0,0,0.0,0.0,0,0,,,2022,2500737.0,1117132.24,6.152686307037164,46.1983113355365
35013,46780,220719011,20220718,Accident en quittant une route,Collision en obliquant à droite avec le trafic dans le même sens,Conduite - Manque d'égards en changeant de voie,Cologny,Jour,Beau temps,Avec dommages matériels,2502493.734,1118028.855,Route sèche,Route principale,170000.0,Lundi,0,0,0,0,0,0,0,0,0,1,0,1,0,0,0,0,0.0,0.0,0,0,,,2022,2502493.73,1118028.86,6.175253602979862,46.206633012553176
35014,46872,220723086,20220722,Dérapage ou perte de maîtrise,Collision avec un obstacle hors de la chaussée,"Etat de la personne - Excès de fatigue, endormissement (y compris endormissement passager)",Genève,Nuit,Beau temps,Avec dommages matériels,2497999.855,1118043.541,Route sèche,Route principale,230000.0,Vendredi,0,0,0,0,0,0,0,0,0,0,0,0,1,0,0,0,0.0,0.0,1,0,,,2022,2497999.86,1118043.54,6.117033923237993,46.20609814976523
35015,46873,221003234,20220928,Dérapage ou perte de maîtrise,Collision avec un obstacle hors de la chaussée,Cause inconnue - Cause inconnue,Genève,Nuit,Pluie,Avec dommages matériels,2500278.03,1118543.515,Route mouillée,Route secondaire,20000.0,Mercredi,0,0,0,0,0,0,0,0,0,0,0,0,1,0,0,0,0.0,0.0,0,0,,,2022,2500278.03,1118543.52,6.146439847834319,46.210936995912604
35016,46874,220928040,20220928,Accident en traversant une route,Collision avec le trafic traversant depuis la droite,Priorité - Non-respect du signal de priorité «Stop»,Genève,Nuit,Pluie,Avec blessés graves,2499476.99,1116836.671,Route mouillée,Route secondaire,60000.0,Mercredi,0,0,0,1,0,0,1,0,0,0,0,0,1,0,0,0,0.0,0.0,0,0,,,2022,2499476.99,1116836.67,6.136429400398552,46.195465651810295
35017,46875,221116099,20220831,Accident par tamponnement,Collision avec véhicule à l'arrêt,"Utilisation du véhicule - Manouvres incorrectes dans le véhicule (confusion frein - accélérateur, glisser de la pédale de frein dans les véhicules à transmission automatique, etc.)",Genève,Jour,Beau temps,Avec blessés légers,2501057.371,1117194.072,Route sèche,Route principale,170000.0,Mercredi,0,0,2,0,0,0,0,0,0,0,0,0,2,0,0,0,0.0,0.0,1,0,,,2022,2501057.37,1117194.07,6.156822880644029,46.19891468586814
35018,46876,220914327,20220914,Accident par tamponnement,Collision avec véhicule à l'arrêt,Etat de la personne - Influence de l'alcool,Vernier,Nuit,Pluie,Avec dommages matériels,2496589.243,1119289.742,Route mouillée,Route principale,210000.0,Mercredi,0,0,0,0,0,0,0,0,0,0,0,0,2,0,0,0,0.0,0.0,0,0,,,2022,2496589.24,1119289.74,6.098483920536607,46.217091304291856
35019,46877,220724012,20220724,Dérapage ou perte de maîtrise,Collision avec un obstacle hors de la chaussée,Inattention et distraction - Manque d'attention momentané,Genève,Nuit,Beau temps,Avec dommages matériels,2500392.141,1118420.453,Route sèche,Route secondaire,30000.0,Dimanche,0,0,0,0,0,0,0,0,0,0,0,0,1,0,0,0,0.0,0.0,0,0,,,2022,2500392.14,1118420.45,6.147944499466828,46.20984697789987
35020,46878,221013143,20221012,Accident par tamponnement,Collision avec un véhicule en marche,Inattention et distraction - Manque d'attention momentané,Confignon,Jour,Beau temps,Avec blessés légers,2495277.56,1114320.276,Route sèche,Route principale,150000.0,Mercredi,2,0,1,0,0,0,0,0,0,0,0,0,2,0,0,0,0.0,0.0,0,0,,,2022,2495277.56,1114320.28,6.082603028244795,46.17219163918893
35021,46879,220319074,20220319,Accident impliquant des piétons,Piéton traversant la chaussée touché par un véhicule circulant en ligne droite,Priorité - Ne pas accorder la priorité à un passage pour piétons,Genthod,Jour,Temps couvert,Avec blessés graves,2500957.432,1124421.51,Route sèche,Route secondaire,150000.0,Samedi,0,0,0,1,0,1,0,0,0,0,0,0,1,0,0,0,0.0,0.0,0,0,,,2022,2500957.43,1124421.51,6.153993132731103,46.263906476517434
35022,46880,220331157,20220331,Accident en traversant une route,Collision avec le trafic traversant depuis la droite,Inattention et distraction - Manque d'attention momentané,Lancy,Jour,Beau temps,Avec dommages matériels,2498475.609,1114182.388,Route sèche,Route principale,130000.0,Jeudi,0,0,0,0,0,0,0,0,0,0,0,1,0,0,0,0,1.0,0.0,0,1,,,2022,2498475.61,1114182.39,6.124036444749031,46.17144172912747
35023,46881,221021232,20221003,Accident lors d'un dépassement ou lors d'un changement de voie de circulation,Collision avec le véhicule dépassé par la droite,Dépassement - Dépassement par la droite,Meyrin,Jour,Temps couvert,Avec dommages matériels,2496316.968,1119933.71,Route sèche,Route principale,180000.0,Lundi,0,0,0,0,0,0,0,0,0,0,0,1,1,0,0,0,0.0,0.0,0,0,,,2022,2496316.97,1119933.71,6.0948129651696705,46.22284140496525