,OBJECTID,ID_ACCIDENT,DATE_,GROUPE_ACCIDENT,TYPE,CAUSE,COMMUNE,CONDITIONS_LUMINEUSES,CONDITIONS_METEO,CONSEQUENCES,COOR_X,COOR_Y,ETAT_ROUTE,GENRE_ROUTE,HEURE,JOUR,NB_ENFANTS_IMPLIQUES,NB_ENFANTS_ECOLE,NB_BLESSES_LEGERS,NB_BLESSES_GRAVES,NB_TUES,NB_PIETONS,NB_BICYCLETTES,NB_VAE_25,NB_VAE_45,NB_CYCLOMOTEURS,NB_MOTOS_50,NB_MOTOS,NB_VOITURES_TOURISME,NB_VOITURES_LIVRAISON,NB_CAMIONS,NB_BUS,NB_TRAM,NB_TRAINS,NB_SENIORS,NB_TC,REF_GROUPE_CAUSE,TOTAL_PERSONNES,ANNEE,E,N,LATITUDE,LONGITUDE
35024,46882,220516001,20220515,Accident en quittant une route,Collision en obliquant à gauche avec le trafic venant en sens inverse,Signalisation lumineuse - Non-respect d'un feu rouge,Perly-Certoux,Jour,Beau temps,Avec blessés légers,2496644.157,1112993.054,Route sèche,Route principale,190000.0,Dimanche,1,0,1,0,0,0,0,0,0,0,0,0,2,0,0,0,0.0,0.0,0,0,,,2022,2496644.16,1112993.05,6.100589080691006,46.160465555529825
35025,46883,220505014,20220504,Accident par tamponnement,Collision avec véhicule à l'arrêt,Inattention et distraction - Manque d'attention momentané,Lancy,Jour,Pluie,Avec blessés légers,2498315.369,1116409.166,Route mouillée,Route principale,170000.0,Mercredi,1,0,1,0,0,0,1,0,0,0,0,0,1,0,0,0,0.0,0.0,0,0,,,2022,2498315.37,1116409.17,6.121477203111975,46.19144589382428
35026,46884,220929136,20220924,Dérapage ou perte de maîtrise,Collision avec un obstacle en manoeuvrant,Conduite - Marche arrière imprudente,Le Grand-Saconnex,Jour,Beau temps,Avec dommages matériels,2497383.696,1120739.096,Route sèche,Autre,150000.0,Samedi,0,0,0,0,0,0,0,0,0,0,0,0,1,0,0,0,0.0,0.0,0,0,,,2022,2497383.7,1120739.1,6.108458944246062,46.23024907579891
35027,46885,221030064,20221029,Accident en parquant,Avec violation de l'obligation de déclarer,Cause inconnue - Véhicule stationné (omission de la déclaration obligatoire),Genève,Jour,Autre,Avec dommages matériels,2500493.197,1117842.068,Autre,Autre,150000.0,Samedi,0,0,0,0,0,0,0,0,0,0,0,0,0,0,0,0,0.0,0.0,0,0,,,2022,2500493.2,1117842.07,6.149377106104936,46.204659775435616
35028,46886,220426313,20220425,Accident en quittant une route,Collision en obliquant à gauche avec le trafic venant en sens inverse,Priorité - Priorité en obliquant à gauche devant des véhicules venant en sens inverse,Genève,Jour,Beau temps,Avec blessés légers,2501575.006,1117543.487,Route sèche,Route principale,160000.0,Lundi,0,0,1,0,0,0,0,0,0,0,0,1,1,0,0,0,0.0,0.0,1,0,,,2022,2501575.01,1117543.49,6.163454157912335,46.202133497286454
35029,46887,221029003,20221028,Dérapage ou perte de maîtrise,"Lors de l'évitement, avec collision",Priorité - Autres attitude fautive en lien avec la priorité,Vernier,Nuit,Temps couvert,Avec blessés légers,2497433.795,1119545.462,Route sèche,Route secondaire,210000.0,Vendredi,0,0,1,0,0,0,0,0,0,0,0,1,1,0,0,0,0.0,0.0,0,0,,,2022,2497433.8,1119545.46,6.109370752939593,46.21952075157986
35030,46888,220226023,20220225,Accident en parquant,Collision avec un autre usager de la route,Conduite - Marche arrière imprudente,Genève,Jour,Beau temps,Avec dommages matériels,2500325.003,1118208.739,Route sèche,Route principale,100000.0,Vendredi,0,0,0,0,0,0,0,0,0,0,0,0,2,0,0,0,0.0,0.0,1,0,,,2022,2500325.0,1118208.74,6.147119888640396,46.20793282450238
35031,46889,220910061,20220907,Dérapage ou perte de maîtrise,Collision avec un obstacle hors de la chaussée,Inattention et distraction - Manque d'attention momentané,Genève,Nuit,Beau temps,Avec blessés légers,2499998.282,1118444.18,Route sèche,Autre,40000.0,Mercredi,0,0,1,0,0,0,0,0,0,0,0,0,0,0,0,0,0.0,0.0,0,0,,,2022,2499998.28,1118444.18,6.142836770363041,46.21000193078709
35032,47362,221119078,20220920,Dérapage ou perte de maîtrise,Collision avec un obstacle sur la chaussée,Inattention et distraction - Manque d'attention momentané,Puplinge,Jour,Beau temps,Avec dommages matériels,2506871.885,1118413.313,Route sèche,Route principale,170000.0,Mardi,0,0,0,0,0,0,0,0,0,0,0,0,1,0,0,0,0.0,0.0,0,0,,,2022,2506871.89,1118413.31,6.231895698390749,46.21071182554951
35033,47363,220220002,20220219,Accident lors d'un dépassement ou lors d'un changement de voie de circulation,Collision avec le véhicule dépassé en déboîtant,Dépassement - En dépassant de trop près (latéral),Genève,Nuit,Beau temps,Avec blessés légers,2499707.485,1117196.502,Route sèche,Route principale,180000.0,Samedi,0,0,1,0,0,0,0,0,0,0,0,1,1,0,0,0,0.0,0.0,1,0,,,2022,2499707.48,1117196.5,6.13933741605945,46.198736515157016
35034,47364,220813101,20220813,Accident par tamponnement,Collision avec véhicule à l'arrêt,Etat de la personne - Influence de l'alcool,Genève,Nuit,Temps couvert,Avec dommages matériels,2501898.717,1117687.262,Route sèche,Route principale,210000.0,Samedi,0,0,0,0,0,0,0,0,0,0,0,0,3,0,0,0,0.0,0.0,0,0,,,2022,2501898.72,1117687.26,6.167617184612006,46.2034739430317
35035,47365,221127026,20221125,Accident en parquant,Collision avec un obstacle fixe (y compris véhicule correctement stationné),Conduite - Marche arrière imprudente,Versoix,Jour,Temps couvert,Avec dommages matériels,2501625.172,1126557.841,Route mouillée,Route secondaire,150000.0,Vendredi,0,0,0,0,0,0,0,0,0,0,0,0,1,0,0,0,0.0,0.0,1,0,,,2022,2501625.17,1126557.84,6.1622012248702145,46.2832197088157
35036,47366,220430092,20220430,Accident en s'engageant sur une route,Collision en s'engageant depuis le bord de la route,Priorité - Autres attitude fautive en lien avec la priorité,Chêne-Bougeries,Jour,Temps couvert,Avec dommages matériels,2503549.613,1117563.677,Route sèche,Route secondaire,190000.0,Samedi,0,0,0,0,0,0,0,0,0,0,0,0,2,0,0,0,0.0,0.0,0,0,,,2022,2503549.61,1117563.68,6.1890284868640375,46.20260131235395
35037,47367,220906265,20220827,Accident par tamponnement,"Collision avec véhicule à l'arrêt, en reculant",Conduite - Marche arrière imprudente,Genève,Nuit,Beau temps,Avec dommages matériels,2498978.432,1117002.123,Route sèche,Route principale,20000.0,Samedi,0,0,0,0,0,0,0,0,0,0,0,0,2,0,0,0,0.0,0.0,0,0,,,2022,2498978.43,1117002.12,6.1299362419326275,46.196879037920375
35038,47368,221016040,20221014,Dérapage ou perte de maîtrise,Collision avec un obstacle sur la chaussée,Inattention et distraction - Manque d'attention momentané,Meyrin,Jour,Pluie,Avec dommages matériels,2495730.48,1120164.855,Route mouillée,Route principale,170000.0,Vendredi,0,0,0,0,0,0,0,0,0,0,0,0,0,0,1,0,0.0,0.0,0,0,,,2022,2495730.48,1120164.86,6.087161308950255,46.224829685524135
35039,47369,221209197,20221209,Accident impliquant des piétons,Piéton traversant la chaussée touché par un véhicule circulant en ligne droite,Comportement du piéton / du conducteur d'EAV - Traversée imprudente de la route,Bernex,Aurore / crépuscule,Chute de neige,Avec blessés légers,2495364.49,1115088.481,Route enneigée,Route principale,70000.0,Vendredi,0,0,1,0,0,1,0,0,0,0,0,0,0,0,0,0,1.0,0.0,0,1,,,2022,2495364.49,1115088.48,6.08355641931224,46.17911454518597
35040,47370,221105005,20221105,Accident en traversant une route,Autre cas d'accident en traversant une route,Signalisation lumineuse - Non-respect d'un feu rouge,Genève,Nuit,Beau temps,Avec blessés graves,2499081.29,1119103.248,Route sèche,Route secondaire,0.0,Samedi,0,0,0,1,0,0,0,0,0,0,0,0,1,0,0,0,0.0,0.0,0,0,,,2022,2499081.29,1119103.25,6.13081417357705,46.21579278186362
35041,47371,221117187,20220920,Accident en parquant,Avec violation de l'obligation de déclarer,Cause inconnue - Véhicule stationné (omission de la déclaration obligatoire),Genève,Inconnu,Autre,Avec dommages matériels,2501173.477,1117938.667,Autre,Route principale,80000.0,Mardi,0,0,0,0,0,0,0,0,0,0,0,0,0,0,0,0,0.0,0.0,0,0,,,2022,2501173.48,1117938.67,6.158169190337877,46.20562899327664
35042,47372,220429107,20220429,Accident lors d'un dépassement ou lors d'un changement de voie de circulation,Collision avec le véhicule dépassé en se rabattant,Dépassement - Autre attitude fautive en rapport avec un dépassement,Chêne-Bougeries,Aurore / crépuscule,Beau temps,Avec dommages matériels,2502901.097,1116484.935,Route sèche,Route principale,60000.0,Vendredi,0,0,0,0,0,0,0,0,0,0,0,0,2,0,0,0,0.0,0.0,0,0,,,2022,2502901.1,1116484.93,6.180852159447767,46.19280520090064
35043,47373,220207320,20220207,Accident par tamponnement,Collision avec véhicule à l'arrêt,Conduite - Suivre de trop près le véhicule qui précède,Vernier,Jour,Beau temps,Avec dommages matériels,2496741.789,1119570.891,Route sèche,Autoroute,160000.0,Lundi,0,0,0,0,0,0,0,0,0,0,0,0,3,0,0,0,0.0,0.0,0,0,,,2022,2496741.79,1119570.89,6.100398292243738,46.219643505838036
35044,47374,221222226,20221221,Accident en parquant,Collision avec un obstacle fixe (y compris véhicule correctement stationné),Inattention et distraction - Manque d'attention momentané,Genève,Jour,Pluie,Avec dommages matériels,2501407.0,1116041.0,Route mouillée,Autre,100000.0,Mercredi,0,0,0,0,0,0,0,0,0,0,0,0,1,0,0,0,0.0,0.0,1,0,,,2022,2501407.0,1116041.0,6.161595097773464,46.188594879924096
35045,47375,221013247,20221013,Accident en s'engageant sur une route,Collision en obliquant à droite avec le trafic venant de gauche,Priorité - Non-respect du signal de priorité «Cédez le passage»,Genève,Aurore / crépuscule,Beau temps,Avec blessés légers,2499880.661,1119447.315,Route sèche,Route principale,70000.0,Jeudi,0,0,1,0,0,0,0,0,0,0,0,0,1,0,0,0,0.0,0.0,0,0,,,2022,2499880.66,1119447.32,6.141097677398074,46.219007034521475
35046,47376,220905008,20220905,Dérapage ou perte de maîtrise,Collision avec un obstacle en manoeuvrant,Etat de la personne - Influence de l'alcool,Genève,Nuit,Beau temps,Avec dommages matériels,2500608.991,1117610.305,Route sèche,Route secondaire,30000.0,Lundi,0,0,0,0,0,0,0,0,0,0,0,0,1,0,0,0,0.0,0.0,0,0,,,2022,2500608.99,1117610.3,6.150926435147484,46.20259227744598
35047,47377,220601292,20220601,Accident par tamponnement,Collision avec véhicule à l'arrêt,Inattention et distraction - Manque d'attention momentané,Cologny,Jour,Beau temps,Avec blessés graves,2503018.242,1119856.572,Route sèche,Route principale,120000.0,Mercredi,0,0,1,1,0,0,0,0,0,0,0,0,2,2,0,0,0.0,0.0,0,0,,,2022,2503018.24,1119856.57,6.181668596377948,46.22314813516119
35048,47378,220517312,20220517,Accident lors d'un dépassement ou lors d'un changement de voie de circulation,Collision lors du changement de voie vers la droite,Conduite - Manque d'égards en changeant de voie,Bellevue,Jour,Beau temps,Avec dommages matériels,2499517.407,1122783.514,Route sèche,Autoroute,70000.0,Mardi,0,0,0,0,0,0,0,0,0,0,0,0,2,0,0,0,0.0,0.0,0,0,,,2022,2499517.41,1122783.51,6.1356717880304705,46.24895974342448
35049,47379,221111244,20221111,Accident par tamponnement,Collision avec un véhicule en marche,Etat de la personne - Influence de l'alcool,Lancy,Nuit,Beau temps,Avec dommages matériels,2498405.796,1116209.171,Route sèche,Route principale,200000.0,Vendredi,0,0,0,0,0,0,0,0,0,0,0,0,2,0,0,0,0.0,0.0,0,0,,,2022,2498405.8,1116209.17,6.12269187803198,46.189660698556224
35050,46492,221019265,20221009,Dérapage ou perte de maîtrise,Collision avec un obstacle hors de la chaussée,Etat de la personne - Maladies physiques ou psychiques,Lancy,Nuit,Beau temps,Avec dommages matériels,2497959.796,1114935.624,Route sèche,Route principale,0.0,Dimanche,0,0,0,0,0,0,0,0,0,0,0,0,1,0,0,0,0.0,0.0,0,0,,,2022,2497959.8,1114935.62,6.117194131133291,46.17813845780122
35051,46493,220218019,20220217,Accident lors d'un dépassement ou lors d'un changement de voie de circulation,Frôlement latéral avec le véhicule dépassé,Dépassement - En dépassant de trop près (latéral),Bernex,Jour,Temps couvert,Avec dommages matériels,2495368.49,1115088.981,Route sèche,Route principale,170000.0,Jeudi,0,0,0,0,0,0,0,0,0,0,0,0,1,0,1,0,0.0,0.0,1,0,,,2022,2495368.49,1115088.98,6.083608099336609,46.17911966462669
35052,46494,220206007,20220206,Accident par tamponnement,Collision avec véhicule à l'arrêt,Etat de la personne - Influence de l'alcool,Meyrin,Nuit,Beau temps,Avec dommages matériels,2494547.581,1120642.613,Route sèche,Route principale,10000.0,Dimanche,0,0,0,0,0,0,0,0,0,0,0,0,2,0,0,0,0.0,0.0,0,0,,,2022,2494547.58,1120642.61,6.071724264113648,46.22894209670505
35053,46495,220302121,20220302,Accident par tamponnement,Collision avec véhicule à l'arrêt,Conduite - Suivre de trop près le véhicule qui précède,Confignon,Jour,Beau temps,Avec dommages matériels,2496013.668,1114209.491,Route sèche,Autoroute,80000.0,Mercredi,0,0,0,0,0,0,0,0,0,0,0,0,2,0,0,0,0.0,0.0,0,0,,,2022,2496013.67,1114209.49,6.092157642102569,46.17130936959126
35054,46496,220713238,20220616,Accident en parquant,Autres cas d'accident en parquant,Utilisation du véhicule - Stationnement sans précautions suffisantes,Pregny-Chambésy,Jour,Beau temps,Avec dommages matériels,2500439.646,1121485.357,Route sèche,Autre,80000.0,Jeudi,0,0,0,0,0,0,0,0,0,0,0,0,1,0,0,0,0.0,0.0,0,0,,,2022,2500439.65,1121485.36,6.147905759645455,46.23742100712954
35055,46497,220414123,20220409,Accident lors d'un dépassement ou lors d'un changement de voie de circulation,Collision lors du changement de voie vers la droite,Conduite - Manque d'égards en changeant de voie,Genève,Jour,Beau temps,Avec dommages matériels,2500461.503,1117958.488,Route sèche,Route principale,150000.0,Samedi,0,0,0,0,0,0,0,0,0,0,0,0,2,0,0,0,0.0,0.0,0,0,,,2022,2500461.5,1117958.49,6.148941626579018,46.205702208036094
35056,46498,220614045,20220613,Accident lors d'un dépassement ou lors d'un changement de voie de circulation,Frôlement latéral avec le véhicule dépassé,Dépassement - En dépassant de trop près (latéral),Collonge-Bellerive,Jour,Beau temps,Avec blessés légers,2505505.747,1124106.912,Route sèche,Route principale,170000.0,Lundi,0,0,1,0,0,0,0,0,0,0,0,1,1,0,0,0,0.0,0.0,0,0,,,2022,2505505.75,1124106.91,6.2130420445802885,46.26173229128163
35057,46499,220428010,20220427,Accident par tamponnement,Collision avec un véhicule en marche,Conduite - Suivre de trop près le véhicule qui précède,Genève,Jour,Beau temps,Avec blessés graves,2499470.176,1118247.987,Route sèche,Route principale,160000.0,Mercredi,0,0,0,1,0,0,1,0,0,0,0,0,0,1,0,0,0.0,0.0,0,0,,,2022,2499470.18,1118247.99,6.136037238870355,46.208158548691465
35058,46500,220602004,20220530,Accident en parquant,Collision avec un obstacle fixe (y compris véhicule correctement stationné),Conduite - Marche arrière imprudente,Genève,Jour,Beau temps,Avec dommages matériels,2499724.353,1118336.542,Route sèche,Route principale,160000.0,Lundi,0,0,0,0,0,0,0,0,0,0,0,0,1,0,0,0,0.0,0.0,0,0,,,2022,2499724.35,1118336.54,6.139310999928974,46.20899296579401
35059,46501,220331089,20220309,Accident en traversant une route,Collision avec le trafic traversant depuis la gauche,Signalisation lumineuse - Non-respect d'un feu rouge,Genève,Nuit,Beau temps,Avec dommages matériels,2498833.749,1116783.485,Route sèche,Route principale,190000.0,Mercredi,0,0,0,0,0,0,0,0,0,0,0,0,2,0,0,0,0.0,0.0,0,0,,,2022,2498833.75,1116783.48,6.12810967238138,46.194890760355236
35060,46502,220125208,20220115,Accident lors d'un dépassement ou lors d'un changement de voie de circulation,Collision lors du changement de voie vers la droite,Conduite - Manque d'égards en changeant de voie,Genève,Jour,Beau temps,Avec dommages matériels,2501231.978,1117372.294,Route sèche,Route principale,150000.0,Samedi,0,0,0,0,0,0,0,0,0,0,0,0,2,0,0,0,0.0,0.0,0,0,,,2022,2501231.98,1117372.29,6.1590468811328085,46.200543343505565
35061,46503,220415073,20220415,Accident en parquant,Collision avec un obstacle fixe (y compris véhicule correctement stationné),Conduite - Marche arrière imprudente,Vernier,Jour,Beau temps,Avec dommages matériels,2494995.0,1119784.0,Route sèche,Autre,100000.0,Vendredi,0,0,0,0,0,0,0,0,0,0,0,0,1,0,0,0,0.0,0.0,0,0,,,2022,2494995.0,1119784.0,6.077716066515021,46.221289609560785
35062,46504,220907270,20220907,Accident impliquant des piétons,Piéton traversant la chaussée touché par un véhicule circulant en ligne droite,Comportement du piéton / du conducteur d'EAV - Autre attitude fautive du piéton ou du conducteur d'EAV,Vernier,Jour,Beau temps,Avec blessés graves,2498137.82,1119172.451,Route sèche,Route principale,70000.0,Mercredi,0,0,0,1,0,1,0,0,0,0,0,1,0,0,0,0,0.0,0.0,0,0,,,2022,2498137.82,1119172.45,6.118574689211225,46.21627285597333
35063,46505,220318001,20220317,Dérapage ou perte de maîtrise,Collision avec un obstacle hors de la chaussée,Etat de la personne - Influence de l'alcool,Meinier,Nuit,Beau temps,Avec dommages matériels,2507554.321,1121449.32,Route sèche,Route principale,220000.0,Jeudi,0,0,0,0,0,0,0,0,0,0,0,0,1,0,0,0,0.0,0.0,0,0,,,2022,2507554.32,1121449.32,6.240135390178753,46.23811359784889
35064,46506,220423037,20220418,Accident en traversant une route,Collision avec le trafic traversant depuis la droite,Priorité - Non-respect de la priorité de droite,Avusy,Jour,Beau temps,Avec blessés graves,2489201.901,1111442.34,Route sèche,Route secondaire,160000.0,Lundi,0,0,0,1,0,0,1,0,0,0,0,0,1,0,0,0,0.0,0.0,0,0,,,2022,2489201.9,1111442.34,6.0046287714401645,46.14533389344962
35065,46507,220919006,20220917,Accident en parquant,Avec violation de l'obligation de déclarer,Cause inconnue - Véhicule stationné (omission de la déclaration obligatoire),Genève,Inconnu,Autre,Avec dommages matériels,2500930.269,1117291.229,Autre,Route principale,210000.0,Samedi,0,0,0,0,0,0,0,0,0,0,0,0,0,0,0,0,0.0,0.0,0,0,,,2022,2500930.27,1117291.23,6.155155946153697,46.199769862642654
35066,46508,220308194,20220308,Accident lors d'un dépassement ou lors d'un changement de voie de circulation,Collision lors du changement de voie vers la droite,Conduite - Manque d'égards en changeant de voie,Genève,Jour,Beau temps,Avec blessés légers,2500959.004,1117642.487,Route sèche,Route principale,110000.0,Mardi,0,0,1,0,0,0,0,0,0,0,0,1,1,0,0,0,0.0,0.0,0,0,,,2022,2500959.0,1117642.49,6.155453558392589,46.20293346618698
35067,46509,220903022,20220901,Autres,Autres,Cause inconnue - Cause inconnue,Genève,Jour,Beau temps,Avec dommages matériels,2499847.008,1118535.863,Route sèche,Autre,100000.0,Jeudi,0,0,0,0,0,0,0,0,0,0,0,0,2,0,0,0,0.0,0.0,0,0,,,2022,2499847.01,1118535.86,6.1408573132983255,46.210804011359535
35068,46781,220128134,20220117,Accident en traversant une route,Collision avec le trafic traversant depuis la gauche,Signalisation lumineuse - Non-respect d'un feu rouge,Lancy,Aurore / crépuscule,Temps couvert,Avec dommages matériels,2498456.549,1114237.113,Route humide,Route principale,70000.0,Lundi,0,0,0,0,0,0,0,0,0,0,0,0,1,0,0,0,1.0,0.0,0,1,,,2022,2498456.55,1114237.11,6.123777797687474,46.171931021049105
35069,46782,220120172,20220118,Accident lors d'un dépassement ou lors d'un changement de voie de circulation,Collision avec le véhicule dépassé par la droite,Dépassement - Dépassement par la droite,Le Grand-Saconnex,Nuit,Beau temps,Avec dommages matériels,2498952.609,1122401.715,Route sèche,Autoroute,210000.0,Mardi,0,0,0,0,0,0,0,0,0,0,0,0,2,0,0,0,0.0,0.0,0,0,,,2022,2498952.61,1122401.71,6.128432085047383,46.245440964373906
35070,46783,220504148,20220504,Accident en parquant,Collision avec un obstacle fixe (y compris véhicule correctement stationné),Dépassement - En dépassant de trop près (latéral),Genève,Jour,Beau temps,Avec dommages matériels,2500581.228,1118787.084,Route sèche,Route secondaire,120000.0,Mercredi,0,0,0,0,0,0,0,0,0,0,0,0,1,0,0,0,0.0,0.0,1,0,,,2022,2500581.23,1118787.08,6.150316136854617,46.213172585823855
35071,46784,220412154,20220401,Accident en parquant,Collision avec un obstacle fixe (y compris véhicule correctement stationné),Conduite - Marche arrière imprudente,Veyrier,Nuit,Chute de neige,Avec dommages matériels,2502939.871,1114685.567,Route mouillée,Route principale,230000.0,Vendredi,0,0,0,0,0,0,0,0,0,0,0,0,1,0,0,0,0.0,0.0,0,0,,,2022,2502939.87,1114685.57,6.181728222759513,46.17662657725403
35072,46785,220126137,20220117,Accident par tamponnement,Collision avec véhicule à l'arrêt,Inattention et distraction - Autre influence en rapport avec l'inattention ou la distraction,Genève,Jour,Beau temps,Avec dommages matériels,2499746.751,1117954.738,Route sèche,Route principale,120000.0,Lundi,0,0,0,0,0,0,0,0,0,0,0,0,3,0,0,0,0.0,0.0,0,0,,,2022,2499746.75,1117954.74,6.139683217024404,46.20556225848826
35073,46786,221210067,20221209,Accident en parquant,Avec violation de l'obligation de déclarer,Cause inconnue - Véhicule stationné (omission de la déclaration obligatoire),Genève,Inconnu,Autre,Avec dommages matériels,2500666.945,1117147.976,Autre,Route principale,50000.0,Vendredi,0,0,0,0,0,0,0,0,0,0,0,0,0,0,0,0,0.0,0.0,0,0,,,2022,2500666.95,1117147.98,6.151775617357628,46.19844256048314
35074,46787,221122338,20221117,Accident en s'engageant sur une route,Collision en s'engageant depuis le bord de la route,Priorité - Autres attitude fautive en lien avec la priorité,Genève,Nuit,Beau temps,Avec dommages matériels,2498910.552,1118922.348,Route humide,Route secondaire,210000.0,Jeudi,0,0,0,0,0,0,0,0,0,0,0,0,2,0,0,0,0.0,0.0,0,0,,,2022,2498910.55,1118922.35,6.1286411168441255,46.214140044271886
35075,46788,220323152,20220322,Accident lors d'un dépassement ou lors d'un changement de voie de circulation,Collision lors du changement de voie vers la droite,Conduite - Manque d'égards en changeant de voie,Bellevue,Jour,Beau temps,Avec blessés légers,2499514.891,1123643.255,Route sèche,Autoroute,110000.0,Mardi,0,0,1,0,0,0,0,0,0,0,0,0,2,0,0,0,0.0,0.0,0,0,,,2022,2499514.89,1123643.25,6.135453690188899,46.25669219005544
35076,46789,220113321,20220113,Accident par tamponnement,Collision avec véhicule à l'arrêt,Etat de la personne - Influence de l'alcool,Cologny,Nuit,Beau temps,Avec blessés graves,2503101.387,1120012.355,Route sèche,Route principale,170000.0,Jeudi,0,0,4,2,0,0,0,0,0,0,0,0,5,0,0,0,0.0,0.0,1,0,,,2022,2503101.39,1120012.36,6.182713748520004,46.22456137643175
35077,46790,220905003,20220904,Collision frontale,Collision frontale avec le trafic venant en sens inverse (sans dépassement),Conduite - Croisement longitudinal non conforme ou circulation trop à gauche,Genève,Nuit,Beau temps,Avec blessés légers,2502392.635,1117730.402,Route sèche,Route principale,210000.0,Dimanche,0,0,1,0,0,0,0,0,0,0,0,1,1,0,0,0,0.0,0.0,0,0,,,2022,2502392.64,1117730.4,6.174006423374193,46.203933863522344
35078,46791,220515022,20220514,Accident par tamponnement,Collision avec véhicule à l'arrêt,Conduite - Suivre de trop près le véhicule qui précède,Carouge (GE),Jour,Beau temps,Avec dommages matériels,2500678.919,1115534.379,Route sèche,Route principale,150000.0,Samedi,3,0,0,0,0,0,0,0,0,0,0,1,1,0,0,0,0.0,0.0,0,0,,,2022,2500678.92,1115534.38,6.152273877336612,46.18393099534512
35079,46792,221020204,20221006,Accident en parquant,Avec violation de l'obligation de déclarer,Cause inconnue - Véhicule stationné (omission de la déclaration obligatoire),Genève,Inconnu,Autre,Avec dommages matériels,2499545.966,1116658.956,Autre,Route principale,160000.0,Jeudi,0,0,0,0,0,0,0,0,0,0,0,0,0,0,0,0,0.0,0.0,0,0,,,2022,2499545.97,1116658.96,6.137361066923441,46.19387757505993
35080,46793,220324254,20220324,Accident impliquant des piétons,Piéton traversant la chaussée touché par un véhicule circulant en ligne droite,Priorité - Ne pas accorder la priorité à un passage pour piétons,Meyrin,Jour,Beau temps,Avec blessés légers,2494895.15,1119822.92,Route sèche,Route principale,170000.0,Jeudi,1,0,3,0,0,2,0,0,0,0,0,1,0,0,0,0,0.0,0.0,0,0,,,2022,2494895.15,1119822.92,6.076413438937725,46.22162405663203
35081,46794,221017123,20221008,Accident en parquant,Avec violation de l'obligation de déclarer,Cause inconnue - Véhicule stationné (omission de la déclaration obligatoire),Chêne-Bourg,Inconnu,Autre,Avec dommages matériels,2503912.677,1116886.097,Autre,Autre,160000.0,Samedi,0,0,0,0,0,0,0,0,0,0,0,0,0,0,0,0,0.0,0.0,0,0,,,2022,2503912.68,1116886.1,6.193871130809672,46.196558841349706
35082,46795,220221316,20220216,Accident en traversant une route,Collision avec le trafic traversant depuis la gauche,Priorité - Non-respect du signal de priorité «Cédez le passage»,Vernier,Aurore / crépuscule,Pluie,Avec dommages matériels,2497341.212,1119688.082,Route mouillée,Route secondaire,180000.0,Mercredi,0,0,0,0,0,0,0,0,0,0,0,1,1,0,0,0,0.0,0.0,0,0,,,2022,2497341.21,1119688.08,6.108139613728017,46.22078938270376
35083,46796,220811190,20220805,Dérapage ou perte de maîtrise,Collision avec un obstacle sur la chaussée,Inattention et distraction - Manque d'attention momentané,Meyrin,Jour,Pluie,Avec dommages matériels,2495311.75,1121712.557,Route mouillée,Route secondaire,140000.0,Vendredi,0,0,0,0,0,0,0,0,0,0,0,0,1,0,0,0,0.0,0.0,0,0,,,2022,2495311.75,1121712.56,6.081387552428793,46.23868500335131
35084,46797,220408191,20220407,Accident impliquant des animaux,Collision avec un animal domestique (D),Inattention et distraction - Manque d'attention momentané,Genève,Jour,Pluie,Avec dommages matériels,2499823.919,1118155.073,Route mouillée,Route secondaire,110000.0,Jeudi,0,0,0,0,0,0,0,0,0,0,0,0,1,0,0,0,0.0,0.0,0,0,,,2022,2499823.92,1118155.07,6.140639910945559,46.20737560498422
35085,46798,220311152,20220311,Accident lors d'un dépassement ou lors d'un changement de voie de circulation,Collision lors du changement de voie vers la droite,Conduite - Manque d'égards en changeant de voie,Genève,Jour,Beau temps,Avec blessés légers,2501140.249,1117556.487,Route sèche,Route principale,80000.0,Vendredi,0,0,1,0,0,0,0,0,0,0,0,1,1,0,0,0,0.0,0.0,0,0,,,2022,2501140.25,1117556.49,6.157819662466243,46.20218662796049
35086,48752,220922195,20220922,Dérapage ou perte de maîtrise,Sans collision,Inattention et distraction - Manque d'attention momentané,Bernex,Jour,Beau temps,Avec blessés graves,2494979.296,1115154.78,Route sèche,Route principale,100000.0,Jeudi,0,0,0,1,0,1,0,0,0,0,0,0,0,0,0,0,0.0,0.0,1,0,,,2022,2494979.3,1115154.78,6.0785540797113695,46.179650823897745
35087,48753,220523372,20220512,Dérapage ou perte de maîtrise,Collision avec un obstacle hors de la chaussée,Inattention et distraction - Manque d'attention momentané,Chêne-Bougeries,Nuit,Beau temps,Avec dommages matériels,2502546.597,1117456.46,Route sèche,Route principale,200000.0,Jeudi,0,0,0,0,0,0,0,0,0,0,0,0,1,0,0,0,0.0,0.0,0,0,,,2022,2502546.6,1117456.46,6.176058042107736,46.20149226744211
35088,48754,220915128,20220915,Accident impliquant des piétons,Piéton traversant la chaussée touché par un véhicule circulant en ligne droite,Inattention et distraction - Manque d'attention momentané,Genève,Jour,Temps couvert,Avec blessés légers,2501322.252,1117446.541,Route mouillée,Route principale,70000.0,Jeudi,0,0,1,0,0,1,0,0,0,0,0,0,1,0,0,0,0.0,0.0,0,0,,,2022,2501322.25,1117446.54,6.160200479856549,46.20122443438014