,OBJECTID,ID_ACCIDENT,DATE_,GROUPE_ACCIDENT,TYPE,CAUSE,COMMUNE,CONDITIONS_LUMINEUSES,CONDITIONS_METEO,CONSEQUENCES,COOR_X,COOR_Y,ETAT_ROUTE,GENRE_ROUTE,HEURE,JOUR,NB_ENFANTS_IMPLIQUES,NB_ENFANTS_ECOLE,NB_BLESSES_LEGERS,NB_BLESSES_GRAVES,NB_TUES,NB_PIETONS,NB_BICYCLETTES,NB_VAE_25,NB_VAE_45,NB_CYCLOMOTEURS,NB_MOTOS_50,NB_MOTOS,NB_VOITURES_TOURISME,NB_VOITURES_LIVRAISON,NB_CAMIONS,NB_BUS,NB_TRAM,NB_TRAINS,NB_SENIORS,NB_TC,REF_GROUPE_CAUSE,TOTAL_PERSONNES,ANNEE,E,N,LATITUDE,LONGITUDE
35089,48755,220624199,20220624,Dérapage ou perte de maîtrise,Sans collision,Inattention et distraction - Manque d'attention momentané,Genève,Jour,Pluie,Avec blessés légers,2500399.422,1119199.383,Route mouillée,Route principale,110000.0,Vendredi,0,0,1,0,0,0,0,1,0,0,0,0,0,0,0,0,0.0,0.0,1,0,,,2022,2500399.42,1119199.38,6.147872535456558,46.2168540518927
35090,48756,220210104,20220210,Accident en parquant,Collision avec une portière ouverte,Utilisation du véhicule - Ouverture imprudente de la portière,Carouge (GE),Jour,Beau temps,Avec blessés légers,2499531.482,1116008.78,Route sèche,Route secondaire,80000.0,Jeudi,0,0,1,0,0,0,1,0,0,0,0,0,1,0,0,0,0.0,0.0,0,0,,,2022,2499531.48,1116008.78,6.137313286820797,46.188027461263786
35091,48757,221102021,20221101,Dérapage ou perte de maîtrise,Sans collision,Etat de la personne - Influence de l'alcool,Onex,Jour,Beau temps,Avec blessés légers,2496622.346,1116273.336,Route sèche,Autre,160000.0,Mardi,0,0,1,0,0,0,1,0,0,0,0,0,0,0,0,0,0.0,0.0,0,0,,,2022,2496622.35,1116273.34,6.099581006864963,46.189966032226216
35092,48758,220221009,20220220,Dérapage ou perte de maîtrise,Collision avec un obstacle sur la chaussée,Inattention et distraction - Manque d'attention momentané,Le Grand-Saconnex,Nuit,Beau temps,Avec dommages matériels,2497856.06,1121126.1,Route sèche,Autoroute,50000.0,Dimanche,0,0,0,0,0,0,0,0,0,0,0,0,1,0,0,0,0.0,0.0,0,0,,,2022,2497856.06,1121126.1,6.114496071278084,46.233801855732864
35093,48759,221104138,20221103,Dérapage ou perte de maîtrise,Sans collision,"Vitesse - Inadaptée au tracé de la route (virage serré, proximité d'une intersection, etc.)",Bernex,Aurore / crépuscule,Pluie,Avec dommages matériels,2495290.99,1115990.983,Route mouillée,Route principale,170000.0,Jeudi,0,0,0,0,0,0,0,0,0,0,0,0,1,0,0,0,0.0,0.0,0,0,,,2022,2495290.99,1115990.98,6.082402432404822,46.1872204113763
35094,48760,220331034,20220323,Dérapage ou perte de maîtrise,Collision avec un obstacle hors de la chaussée,Signalisation - Inobservation d'un signal,Puplinge,Jour,Beau temps,Avec dommages matériels,2506877.406,1118422.712,Route sèche,Route secondaire,160000.0,Mercredi,0,0,0,0,0,0,0,0,0,0,0,0,1,0,0,0,0.0,0.0,0,0,,,2022,2506877.41,1118422.71,6.231965338983485,46.21079713902702
35095,48761,220223008,20220222,Collision frontale,Frôlement avec le trafic en sens inverse (sans dépassement),Inattention et distraction - Manque d'attention momentané,Aire-la-Ville,Jour,Temps couvert,Avec blessés graves,2492590.483,1116011.483,Route sèche,Route principale,160000.0,Mardi,0,0,0,1,0,0,0,0,0,0,0,1,1,0,0,0,0.0,0.0,0,0,,,2022,2492590.48,1116011.48,6.047426584589633,46.186978865959446
35096,48762,221128325,20221125,Dérapage ou perte de maîtrise,Sans collision,Etat de la personne - Influence de l'alcool,Genève,Nuit,Temps couvert,Avec blessés graves,2500760.109,1117277.224,Route sèche,Route principale,30000.0,Vendredi,0,0,0,1,0,0,1,0,0,0,0,0,0,0,0,0,0.0,0.0,0,0,,,2022,2500760.11,1117277.22,6.15295482424982,46.19961875354208
35097,48763,220130019,20220130,Dérapage ou perte de maîtrise,Collision avec un obstacle hors de la chaussée,Etat de la personne - Influence de l'alcool,Meyrin,Nuit,Temps couvert,Avec dommages matériels,2495723.09,1120161.025,Route humide,Route principale,60000.0,Dimanche,0,0,0,0,0,0,0,0,0,0,0,0,1,0,0,0,0.0,0.0,0,0,,,2022,2495723.09,1120161.02,6.087066401311897,46.22479400078958
35098,48764,220403025,20220403,Accident par tamponnement,Collision avec véhicule à l'arrêt,Etat de la personne - Influence de l'alcool,Genève,Aurore / crépuscule,Temps couvert,Avec dommages matériels,2499348.75,1117972.738,Route sèche,Route principale,60000.0,Dimanche,0,0,0,0,0,0,0,0,0,0,0,0,2,0,0,0,0.0,0.0,0,0,,,2022,2499348.75,1117972.74,6.134523470603532,46.20566468012302
35099,48765,220507002,20220506,Dérapage ou perte de maîtrise,Collision avec un obstacle hors de la chaussée,Vitesse - Supérieure à la vitesse maximale générale ou signalée (route),Lancy,Nuit,Beau temps,Avec dommages matériels,2498789.323,1114435.441,Route sèche,Route secondaire,220000.0,Vendredi,0,0,0,0,0,0,0,0,0,0,0,0,1,0,0,0,0.0,0.0,0,0,,,2022,2498789.32,1114435.44,6.128043018851459,46.173765021567505
35100,48766,220209135,20220209,Accident en parquant,Avec violation de l'obligation de déclarer,Cause inconnue - Véhicule stationné (omission de la déclaration obligatoire),Genève,Inconnu,Autre,Avec dommages matériels,2500122.041,1117148.042,Autre,Route principale,80000.0,Mercredi,0,0,0,0,0,0,0,0,0,0,0,0,0,0,0,0,0.0,0.0,0,0,,,2022,2500122.04,1117148.04,6.144717512261287,46.19836236563874
35101,48767,220811228,20220811,Accident en parquant,Avec violation de l'obligation de déclarer,Cause inconnue - Véhicule stationné (omission de la déclaration obligatoire),Le Grand-Saconnex,Nuit,Beau temps,Avec dommages matériels,2498466.774,1120311.161,Route sèche,Route secondaire,10000.0,Jeudi,0,0,0,0,0,0,0,0,0,0,0,0,0,0,0,0,0.0,0.0,0,0,,,2022,2498466.77,1120311.16,6.122589008893613,46.226564576708256
35102,48768,221023008,20221022,Dérapage ou perte de maîtrise,Collision avec un obstacle hors de la chaussée,Influence externe - Eblouissement du soleil,Genève,Jour,Beau temps,Avec dommages matériels,2501040.823,1117185.241,Route sèche,Route principale,170000.0,Samedi,0,0,0,0,0,0,0,0,0,0,0,0,1,0,0,0,0.0,0.0,0,0,,,2022,2501040.82,1117185.24,6.156610381802904,46.19883282938709
35103,48769,220705026,20220704,Dérapage ou perte de maîtrise,Collision avec un obstacle hors de la chaussée,Inattention et distraction - Manque d'attention momentané,Genève,Jour,Beau temps,Avec dommages matériels,2502089.782,1117630.097,Route sèche,Autre,140000.0,Lundi,0,0,0,0,0,0,0,0,0,0,0,0,1,0,0,0,0.0,0.0,0,0,,,2022,2502089.78,1117630.1,6.1701041726940105,46.20298767794102
35104,48770,221116154,20220730,Accident par tamponnement,Collision avec véhicule à l'arrêt,Conduite - Suivre de trop près le véhicule qui précède,Genève,Jour,Beau temps,Avec dommages matériels,2500426.575,1118167.61,Route sèche,Route principale,110000.0,Samedi,0,0,0,0,0,0,0,0,0,0,0,0,1,0,0,0,0.0,0.0,0,0,,,2022,2500426.57,1118167.61,6.148444507509817,46.20757793973668
35105,48845,220627378,20220627,Accident par tamponnement,Collision avec véhicule à l'arrêt,Inattention et distraction - Manque d'attention momentané,Genève,Jour,Beau temps,Avec dommages matériels,2499033.369,1119887.542,Route sèche,Route principale,90000.0,Lundi,0,0,0,0,0,0,0,0,0,0,0,0,1,0,0,0,0.0,0.0,0,0,,,2022,2499033.37,1119887.54,6.130023525407044,46.22283976511481
35106,48846,220130004,20220129,Accident par tamponnement,Collision avec véhicule à l'arrêt,Inattention et distraction - Manque d'attention momentané,Genève,Nuit,Beau temps,Avec blessés légers,2499758.847,1116992.958,Route sèche,Route principale,190000.0,Samedi,0,0,1,0,0,0,0,0,0,0,0,0,3,0,0,0,0.0,0.0,0,0,,,2022,2499758.85,1116992.96,6.140046507231663,46.19691346432401
35107,48847,220422146,20220422,Accident par tamponnement,Collision avec véhicule à l'arrêt,Conduite - Suivre de trop près le véhicule qui précède,Genève,Jour,Beau temps,Avec blessés légers,2498609.258,1119034.613,Route sèche,Route principale,80000.0,Vendredi,0,0,1,0,0,0,0,0,0,0,0,1,0,0,1,0,0.0,0.0,0,0,,,2022,2498609.26,1119034.61,6.12471307263901,46.21510436447064
35108,48848,220728001,20220727,Dérapage ou perte de maîtrise,Collision avec un obstacle hors de la chaussée,Etat de la personne - Influence de l'alcool,Genève,Nuit,Beau temps,Avec dommages matériels,2500367.183,1118913.043,Route sèche,Route secondaire,230000.0,Mercredi,0,0,0,0,0,0,0,0,0,0,0,0,1,0,0,0,0.0,0.0,0,0,,,2022,2500367.18,1118913.04,6.147515947107474,46.21427382124045
35109,48849,220228327,20220228,Accident lors d'un dépassement ou lors d'un changement de voie de circulation,Collision lors du changement de voie vers la droite,Conduite - Manque d'égards en changeant de voie,Plan-les-Ouates,Jour,Beau temps,Avec blessés légers,2497211.083,1113190.442,Route sèche,Autoroute,170000.0,Lundi,0,0,2,0,0,0,0,0,0,0,0,0,2,1,0,0,0.0,0.0,0,0,,,2022,2497211.08,1113190.44,6.107883685181719,46.16232779374448
35110,48850,221014011,20221013,Accident en quittant une route,"Collision en obliquant à droite avec les usagers d'une voie séparée, d'une piste séparée, d'une piste cyclable/voie piétonne séparée, des rails de tramway",Priorité - Autres attitude fautive en lien avec la priorité,Genève,Nuit,Pluie,Avec blessés graves,2500369.33,1118282.792,Route mouillée,Route principale,220000.0,Jeudi,0,0,0,1,0,0,1,0,0,0,0,0,1,0,0,0,0.0,0.0,0,0,,,2022,2500369.33,1118282.79,6.147678375804926,46.208605430650344
35111,48851,220308095,20220302,Accident lors d'un dépassement ou lors d'un changement de voie de circulation,Collision lors du changement de voie vers la droite,Conduite - Manque d'égards en changeant de voie,Vernier,Jour,Beau temps,Avec dommages matériels,2497432.746,1118665.99,Route sèche,Route principale,150000.0,Mercredi,0,0,0,0,0,0,0,0,0,0,0,0,2,0,0,0,0.0,0.0,2,0,,,2022,2497432.75,1118665.99,6.1095504930559645,46.21161036423492
35112,48852,220929247,20220929,Accident impliquant des piétons,Piéton traversant la chaussée touché par un véhicule circulant en ligne droite,Priorité - Ne pas accorder la priorité à un passage pour piétons,Genève,Jour,Temps couvert,Avec blessés légers,2498976.564,1119608.805,Route humide,Route principale,120000.0,Jeudi,0,0,1,0,0,1,1,0,0,0,0,0,0,0,0,0,0.0,0.0,0,0,,,2022,2498976.56,1119608.8,6.129347721977847,46.220324141329236
35113,48853,220621388,20220620,Accident en parquant,Avec violation de l'obligation de déclarer,Cause inconnue - Véhicule stationné (omission de la déclaration obligatoire),Genève,Inconnu,Autre,Avec dommages matériels,2500366.355,1117158.097,Autre,Route principale,80000.0,Lundi,0,0,0,0,0,0,0,0,0,0,0,0,0,0,0,0,0.0,0.0,0,0,,,2022,2500366.36,1117158.1,6.147879982675312,46.1984891023712
35114,48854,220627009,20220626,Accident en traversant une route,Collision avec le trafic traversant depuis la droite,Priorité - Non-respect de la priorité de droite,Genève,Jour,Temps couvert,Avec dommages matériels,2499927.355,1117693.323,Route sèche,Route principale,130000.0,Dimanche,0,0,0,0,0,0,0,0,0,0,0,0,2,0,0,0,0.0,0.0,0,0,,,2022,2499927.36,1117693.32,6.1420789728513485,46.203237863181776
35115,48855,220906229,20220906,Accident en traversant une route,Collision avec le trafic traversant depuis la gauche,Priorité - Non-respect du signal de priorité «Stop»,Lancy,Jour,Beau temps,Avec blessés légers,2498843.597,1114719.662,Route sèche,Route principale,130000.0,Mardi,0,0,1,0,0,0,0,0,0,0,0,1,1,0,0,0,0.0,0.0,0,0,,,2022,2498843.6,1114719.66,6.128684240188742,46.176329555684866
35116,48856,221208002,20221207,Accident en traversant une route,Collision avec le trafic traversant depuis la gauche,Priorité - Non-respect du signal de priorité «Stop»,Thônex,Nuit,Temps couvert,Avec blessés graves,2504493.387,1116179.394,Route sèche,Route principale,190000.0,Mercredi,0,0,0,1,0,0,0,0,0,0,0,0,1,0,0,0,0.0,0.0,1,0,,,2022,2504493.39,1116179.39,6.201537320641814,46.19028510642863
35117,48857,220807009,20220807,Dérapage ou perte de maîtrise,Sans collision,Etat de la personne - Influence de l'alcool,Genève,Nuit,Beau temps,Avec blessés légers,2500626.414,1116886.531,Route sèche,Route principale,10000.0,Dimanche,0,0,2,0,0,0,0,0,0,0,0,1,0,0,0,0,0.0,0.0,0,0,,,2022,2500626.41,1116886.53,6.1513061639886,46.19608498787542
35118,48858,220209079,20220208,Accident par tamponnement,Collision avec un véhicule en marche,Conduite - Suivre de trop près le véhicule qui précède,Vernier,Jour,Beau temps,Avec dommages matériels,2496192.148,1119047.612,Route sèche,Autoroute,160000.0,Mardi,0,0,0,0,0,0,0,0,0,0,0,0,2,0,0,0,0.0,0.0,1,0,,,2022,2496192.15,1119047.61,6.093392674841345,46.21485230204511
35119,48859,220331218,20220331,Dérapage ou perte de maîtrise,Sans collision,Inattention et distraction - Manque d'attention momentané,Genève,Jour,Pluie,Avec blessés légers,2500379.577,1118275.007,Route mouillée,Route principale,170000.0,Jeudi,0,0,1,0,0,0,0,0,0,0,0,1,0,0,0,0,0.0,0.0,0,0,,,2022,2500379.58,1118275.01,6.1478128273953105,46.20853697360381
35120,48860,220728133,20220722,Accident par tamponnement,Collision avec véhicule à l'arrêt,Inattention et distraction - Manque d'attention momentané,Genève,Jour,Beau temps,Avec dommages matériels,2501688.418,1117592.788,Route sèche,Route principale,90000.0,Vendredi,0,0,0,0,0,0,0,0,0,0,0,0,3,1,0,0,0.0,0.0,0,0,,,2022,2501688.42,1117592.79,6.164912853027633,46.20259351725368
35121,48861,220831248,20220827,Dérapage ou perte de maîtrise,Sans collision,Comportement du piéton / du conducteur d'EAV - Autre attitude fautive du piéton ou du conducteur d'EAV,Carouge (GE),Jour,Beau temps,Avec blessés graves,2499391.81,1115037.766,Route sèche,Route principale,200000.0,Samedi,0,0,0,1,0,0,0,0,0,0,0,0,0,0,0,0,0.0,0.0,0,0,,,2022,2499391.81,1115037.77,6.1357136753423385,46.17927297726868
35122,48862,220114111,20220113,Accident en parquant,Avec violation de l'obligation de déclarer,Cause inconnue - Véhicule stationné (omission de la déclaration obligatoire),Genève,Jour,Beau temps,Avec dommages matériels,2500716.563,1116263.622,Route sèche,Route principale,170000.0,Jeudi,0,0,0,0,0,0,0,0,0,0,0,0,0,0,0,0,0.0,0.0,0,0,,,2022,2500716.56,1116263.62,6.152606261173004,46.190495615726455
35123,48462,220803213,20220711,Accident en parquant,Collision avec un obstacle fixe (y compris véhicule correctement stationné),Conduite - Marche arrière imprudente,Genève,Jour,Beau temps,Avec dommages matériels,2500125.868,1116521.112,Route sèche,Route secondaire,120000.0,Lundi,0,0,0,0,0,0,0,0,0,0,0,0,0,1,0,0,0.0,0.0,0,0,,,2022,2500125.87,1116521.11,6.144901233492935,46.192724094365694
35124,48463,220919260,20220917,Accident en parquant,Collision avec un obstacle fixe (y compris véhicule correctement stationné),Conduite - Marche arrière imprudente,Genève,Nuit,Beau temps,Avec dommages matériels,2500449.437,1118566.388,Route sèche,Route secondaire,230000.0,Samedi,0,0,0,0,0,0,0,0,0,0,0,0,0,0,0,0,0.0,0.0,0,0,,,2022,2500449.44,1118566.39,6.1486557138484885,46.21116810741914
35125,48464,220506223,20220411,Accident en traversant une route,Collision avec le trafic traversant depuis la droite,Signalisation lumineuse - Non-respect d'un feu rouge,Onex,Jour,Beau temps,Avec dommages matériels,2496500.548,1115444.793,Route sèche,Route principale,120000.0,Lundi,0,0,0,0,0,0,0,0,0,0,0,0,1,0,0,1,0.0,0.0,0,1,,,2022,2496500.55,1115444.79,6.09818722965381,46.18249508757035
35126,48465,220721277,20220721,Accident en quittant une route,Collision en obliquant à gauche avec le trafic venant en sens inverse,Priorité - Priorité en obliquant à gauche devant des véhicules venant en sens inverse,Vernier,Jour,Beau temps,Avec blessés graves,2497641.468,1119753.004,Route sèche,Route principale,140000.0,Jeudi,0,0,0,1,0,0,0,0,0,0,0,1,1,0,0,0,0.0,0.0,0,0,,,2022,2497641.47,1119753.0,6.112016135639788,46.221419095028274
35127,48466,220621022,20220612,Dérapage ou perte de maîtrise,Collision avec un obstacle hors de la chaussée,Inattention et distraction - Manque d'attention momentané,Genève,Jour,Beau temps,Avec dommages matériels,2501598.16,1117978.049,Route sèche,Route principale,140000.0,Dimanche,0,0,0,0,0,0,0,0,0,0,0,0,1,0,0,0,0.0,0.0,1,0,,,2022,2501598.16,1117978.05,6.163662416055709,46.20604549671653
35128,48467,220413236,20220413,Accident par tamponnement,Collision avec un véhicule en marche,Conduite - Suivre de trop près le véhicule qui précède,Plan-les-Ouates,Jour,Beau temps,Avec dommages matériels,2498756.464,1113964.443,Route sèche,Semi-autoroute,170000.0,Mercredi,0,0,0,0,0,0,0,0,0,0,0,0,3,1,0,0,0.0,0.0,0,0,,,2022,2498756.46,1113964.44,6.127719632434576,46.169523748680696
35129,48468,220716069,20220716,Accident impliquant des piétons,Piéton traversant la chaussée touché par un véhicule circulant en ligne droite,Comportement du piéton / du conducteur d'EAV - Traversée imprudente de la route,Genève,Jour,Beau temps,Avec blessés légers,2501712.71,1118241.258,Route sèche,Route principale,150000.0,Samedi,0,0,2,0,0,1,1,0,0,0,0,0,0,0,0,0,0.0,0.0,0,0,,,2022,2501712.71,1118241.26,6.1650909336203705,46.208429675620486
35130,48469,220824252,20220824,Accident en s'engageant sur une route,Collision en obliquant à droite avec le trafic venant de gauche,Priorité - Non-respect du signal de priorité «Stop»,Pregny-Chambésy,Jour,Beau temps,Avec blessés légers,2500780.307,1122298.153,Route sèche,Route principale,120000.0,Mercredi,0,0,1,0,0,0,0,0,0,0,0,0,1,0,1,0,0.0,0.0,1,0,,,2022,2500780.31,1122298.15,6.152148396864717,46.244781966502885
35131,48470,221121381,20221118,Accident en parquant,Avec violation de l'obligation de déclarer,Cause inconnue - Véhicule stationné (omission de la déclaration obligatoire),Collonge-Bellerive,Inconnu,Autre,Avec dommages matériels,2504196.007,1121526.371,Autre,Route principale,140000.0,Vendredi,0,0,0,0,0,0,0,0,0,0,0,0,0,0,0,0,0.0,0.0,0,0,,,2022,2504196.01,1121526.37,6.1965879671068675,46.23833607005794
35132,48471,221104255,20221103,Accident par tamponnement,Collision avec un véhicule en marche,Conduite - Suivre de trop près le véhicule qui précède,Bellevue,Aurore / crépuscule,Beau temps,Avec blessés légers,2499091.702,1122538.044,Route sèche,Autoroute,70000.0,Jeudi,0,0,1,0,0,0,0,0,0,0,0,0,1,1,0,0,0.0,0.0,0,0,,,2022,2499091.7,1122538.04,6.130205716725219,46.246688075144775
35133,48472,221128051,20221128,Autres,Autres,Utilisation du véhicule - Stationnement sans précautions suffisantes,Onex,Aurore / crépuscule,Temps couvert,Avec tués,2497426.989,1114714.755,Route sèche,Autre,70000.0,Lundi,0,0,0,0,1,0,0,0,0,0,0,0,1,0,0,0,0.0,0.0,1,0,,,2022,2497426.99,1114714.75,6.110343881537803,46.17607083697083
35134,48473,220516550,20220516,Accident en parquant,Avec violation de l'obligation de déclarer,Cause inconnue - Véhicule stationné (omission de la déclaration obligatoire),Genève,Inconnu,Autre,Avec dommages matériels,2500003.052,1116404.835,Autre,Route principale,120000.0,Lundi,0,0,0,0,0,0,0,0,0,0,0,0,0,0,0,0,0.0,0.0,0,0,,,2022,2500003.05,1116404.84,6.143335442046831,46.19166006398706
35135,48474,220615187,20220614,Accident lors d'un dépassement ou lors d'un changement de voie de circulation,Collision avec le véhicule dépassé par la droite,Dépassement - Dépassement par la droite,Carouge (GE),Jour,Beau temps,Avec blessés légers,2500229.71,1115743.355,Route sèche,Route principale,160000.0,Mardi,0,0,1,0,0,0,0,0,0,0,0,1,1,0,0,0,0.0,0.0,2,0,,,2022,2500229.71,1115743.36,6.14641227238219,46.185744140307705
35136,48475,220507009,20220506,Collision frontale,Collision frontale avec le trafic venant en sens inverse (sans dépassement),Conduite - Croisement longitudinal non conforme ou circulation trop à gauche,Aire-la-Ville,Nuit,Beau temps,Avec blessés légers,2492777.484,1115907.983,Route sèche,Route principale,220000.0,Vendredi,0,0,1,0,0,0,0,0,0,0,0,1,1,0,0,0,0.0,0.0,0,0,,,2022,2492777.48,1115907.98,6.049871953098462,46.18607781116835
35137,48476,220707252,20220707,Accident par tamponnement,Collision avec véhicule à l'arrêt,Conduite - Suivre de trop près le véhicule qui précède,Cologny,Jour,Beau temps,Avec dommages matériels,2503447.361,1120506.311,Route sèche,Route principale,90000.0,Jeudi,0,0,0,0,0,0,0,0,0,0,0,0,1,1,0,0,0.0,0.0,0,0,,,2022,2503447.36,1120506.31,6.187094936438186,46.22905399264898
35138,48477,220330263,20220330,Accident en quittant une route,Collision en obliquant à gauche avec le trafic dans le même sens,Inattention et distraction - Manque d'attention momentané,Presinge,Jour,Temps couvert,Avec blessés graves,2508139.143,1118944.11,Route mouillée,Route principale,70000.0,Mercredi,0,0,1,1,0,0,0,1,0,0,0,1,0,0,0,0,0.0,0.0,0,0,,,2022,2508139.14,1118944.11,6.248209620179548,46.21566054275304
35139,48478,220131157,20220124,Accident en parquant,Collision avec un obstacle fixe (y compris véhicule correctement stationné),Conduite - Marche arrière imprudente,Genève,Jour,Temps couvert,Avec dommages matériels,2500245.977,1118293.237,Route sèche,Route principale,120000.0,Lundi,0,0,0,0,0,0,0,0,0,0,0,1,0,0,0,0,0.0,0.0,1,0,,,2022,2500245.98,1118293.24,6.146078119406833,46.208681126904395
35140,48479,220624258,20220623,Accident lors d'un dépassement ou lors d'un changement de voie de circulation,Autre cas d'accident lors d'un dépassement ou lors d'un changement de voie de circulation,Comportement du cycliste ou du cyclomotoriste - Autre attitude fautive d'un cycliste ou d'un cyclomotoriste,Genève,Jour,Pluie,Avec dommages matériels,2501646.256,1118207.739,Route mouillée,Autre,180000.0,Jeudi,0,0,0,0,0,0,0,0,2,0,0,0,0,0,0,0,0.0,0.0,0,0,,,2022,2501646.26,1118207.74,6.164237125637042,46.2081184627718
35141,48863,220219021,20220219,Dérapage ou perte de maîtrise,Collision avec un obstacle hors de la chaussée,Inattention et distraction - Manque d'attention momentané,Chêne-Bourg,Jour,Beau temps,Avec dommages matériels,2503866.256,1116714.191,Route sèche,Route principale,60000.0,Samedi,0,0,0,0,0,0,0,0,0,0,0,0,1,0,0,0,0.0,0.0,0,0,,,2022,2503866.26,1116714.19,6.193305277144721,46.19500596762583
35142,48864,220210103,20220209,Accident par tamponnement,Collision avec un véhicule en marche,"Chargement ou passager du véhicule - Chargement insuffisamment arrimé, perte du chargement",Genève,Nuit,Beau temps,Avec dommages matériels,2498702.178,1118244.122,Route sèche,Route principale,170000.0,Mercredi,0,0,0,0,0,0,0,0,0,0,0,0,1,1,0,0,0.0,0.0,0,0,,,2022,2498702.18,1118244.12,6.126088617207965,46.20800843905105
35143,48865,221029007,20221029,Dérapage ou perte de maîtrise,Collision avec un obstacle hors de la chaussée,Etat de la personne - Influence de l'alcool,Lancy,Nuit,Beau temps,Avec dommages matériels,2498538.057,1115965.589,Route sèche,Route principale,10000.0,Samedi,0,0,0,0,0,0,0,0,0,0,0,0,1,0,0,0,0.0,0.0,0,0,,,2022,2498538.06,1115965.59,6.124457648093308,46.18748983069483
35144,48866,221230125,20221230,Accident en parquant,Avec violation de l'obligation de déclarer,Cause inconnue - Véhicule stationné (omission de la déclaration obligatoire),Genève,Inconnu,Autre,Avec dommages matériels,2499028.847,1116597.468,Autre,Route principale,30000.0,Vendredi,0,0,0,0,0,0,0,0,0,0,0,0,0,0,0,0,0.0,0.0,0,0,,,2022,2499028.85,1116597.47,6.130676810589464,46.1932470513864
35145,48867,220722023,20220721,Accident en parquant,Collision avec un obstacle fixe (y compris véhicule correctement stationné),Inattention et distraction - Manque d'attention momentané,Genève,Inconnu,Autre,Avec dommages matériels,2499568.502,1119223.682,Autre,Route secondaire,170000.0,Jeudi,0,0,0,0,0,0,0,0,0,0,0,0,0,0,0,0,0.0,0.0,0,0,,,2022,2499568.5,1119223.68,6.137100967325567,46.21694895647016
35146,48868,220227050,20220226,Accident lors d'un dépassement ou lors d'un changement de voie de circulation,Collision avec le véhicule dépassé par la droite,Dépassement - Dépassement par la droite,Meyrin,Jour,Temps couvert,Avec dommages matériels,2495636.613,1120195.839,Route sèche,Route principale,160000.0,Samedi,0,0,0,0,0,0,0,0,0,0,0,0,2,0,0,0,0.0,0.0,0,0,,,2022,2495636.61,1120195.84,6.085937926061348,46.2250937558366
35147,48869,221207002,20221206,Accident par tamponnement,Collision avec un véhicule en marche,Inattention et distraction - Manque d'attention momentané,Genève,Nuit,Beau temps,Avec dommages matériels,2499621.807,1118344.79,Route sèche,Route principale,220000.0,Mardi,0,0,0,0,0,0,1,0,0,0,0,1,0,0,0,0,0.0,0.0,0,0,,,2022,2499621.81,1118344.79,6.13798079303102,46.20905186394655
35148,48870,220314136,20220308,Accident en parquant,Collision avec une portière ouverte,Utilisation du véhicule - Ouverture imprudente de la portière,Genève,Jour,Beau temps,Avec blessés légers,2499521.94,1117492.632,Route sèche,Route principale,80000.0,Mardi,0,0,1,0,0,0,1,0,0,0,0,0,0,1,0,0,0.0,0.0,0,0,,,2022,2499521.94,1117492.63,6.1368704095530315,46.201372309069114
35149,48871,220408236,20220408,Accident par tamponnement,Collision avec véhicule à l'arrêt,Etat de la personne - Influence de l'alcool,Lancy,Jour,Beau temps,Avec dommages matériels,2498847.033,1114821.516,Route sèche,Route principale,180000.0,Vendredi,0,0,0,0,0,0,0,0,0,0,0,0,3,0,0,0,0.0,0.0,0,0,,,2022,2498847.03,1114821.52,6.128706596528533,46.17724623404554
35150,48872,220827086,20220620,Accident en parquant,Collision avec un obstacle fixe (y compris véhicule correctement stationné),Conduite - Marche arrière imprudente,Genève,Jour,Autre,Avec dommages matériels,2500554.314,1118501.621,Route sèche,Route secondaire,190000.0,Lundi,0,0,0,0,0,0,0,0,0,0,0,0,1,0,0,0,0.0,0.0,0,0,,,2022,2500554.31,1118501.62,6.150028193474045,46.2106010655493
35151,48873,221025083,20221024,Accident en s'engageant sur une route,Collision en s'engageant depuis le bord de la route,Priorité - Non-respect du signal de priorité «Stop»,Chêne-Bougeries,Jour,Pluie,Avec blessés légers,2502678.048,1116550.386,Route mouillée,Route principale,80000.0,Lundi,0,0,1,0,0,0,0,0,0,0,0,1,1,0,0,0,0.0,0.0,0,0,,,2022,2502678.05,1116550.39,6.177949679792601,46.19336172623997
35152,48874,220918016,20220918,Dérapage ou perte de maîtrise,Collision avec un obstacle sur la chaussée,Etat de la personne - Influence de l'alcool,Genève,Nuit,Beau temps,Avec dommages matériels,2501535.451,1118170.169,Route sèche,Route principale,60000.0,Dimanche,0,0,0,0,0,0,0,0,0,0,0,0,1,0,0,0,0.0,0.0,0,0,,,2022,2501535.45,1118170.17,6.162809496206062,46.207764319262445
35153,48875,220902061,20220712,Accident en parquant,Collision avec un obstacle fixe (y compris véhicule correctement stationné),Conduite - Marche arrière imprudente,Genève,Nuit,Beau temps,Avec dommages matériels,2499817.456,1116389.279,Route sèche,Route principale,220000.0,Mardi,0,0,0,0,0,0,0,0,0,0,0,0,1,0,0,0,0.0,0.0,1,0,,,2022,2499817.46,1116389.28,6.140935177703666,46.19149248432667