,OBJECTID,ID_ACCIDENT,DATE_,GROUPE_ACCIDENT,TYPE,CAUSE,COMMUNE,CONDITIONS_LUMINEUSES,CONDITIONS_METEO,CONSEQUENCES,COOR_X,COOR_Y,ETAT_ROUTE,GENRE_ROUTE,HEURE,JOUR,NB_ENFANTS_IMPLIQUES,NB_ENFANTS_ECOLE,NB_BLESSES_LEGERS,NB_BLESSES_GRAVES,NB_TUES,NB_PIETONS,NB_BICYCLETTES,NB_VAE_25,NB_VAE_45,NB_CYCLOMOTEURS,NB_MOTOS_50,NB_MOTOS,NB_VOITURES_TOURISME,NB_VOITURES_LIVRAISON,NB_CAMIONS,NB_BUS,NB_TRAM,NB_TRAINS,NB_SENIORS,NB_TC,REF_GROUPE_CAUSE,TOTAL_PERSONNES,ANNEE,E,N,LATITUDE,LONGITUDE
35154,48876,220621374,20220621,Collision frontale,Frôlement avec le trafic en sens inverse (sans dépassement),Priorité - Autres attitude fautive en lien avec la priorité,Chêne-Bougeries,Jour,Beau temps,Avec dommages matériels,2502433.71,1117177.677,Route sèche,Route principale,120000.0,Mardi,0,0,0,0,0,0,0,0,0,0,0,0,2,0,0,0,0.0,0.0,0,0,,,2022,2502433.71,1117177.68,6.174653982654708,46.19896842584539
35155,48877,220316226,20220312,Dérapage ou perte de maîtrise,Collision avec un obstacle hors de la chaussée,Inattention et distraction - Manque d'attention momentané,Cologny,Nuit,Beau temps,Avec dommages matériels,2502551.041,1117934.902,Route sèche,Route principale,30000.0,Samedi,0,0,0,0,0,0,0,0,0,0,0,0,1,0,0,0,0.0,0.0,0,0,,,2022,2502551.04,1117934.9,6.176015662316841,46.205796206802006
35156,48878,221103025,20221102,Accident lors d'un dépassement ou lors d'un changement de voie de circulation,Collision avec le véhicule dépassé par la droite,Dépassement - Dépassement par la droite,Genève,Jour,Beau temps,Avec blessés graves,2498997.531,1116830.804,Route sèche,Route secondaire,150000.0,Mercredi,0,0,0,1,0,0,0,0,0,0,0,1,1,0,0,0,0.0,0.0,0,0,,,2022,2498997.53,1116830.8,6.130220695002168,46.1953409968843
35157,48879,220719299,20220719,Accident lors d'un dépassement ou lors d'un changement de voie de circulation,Autre cas d'accident lors d'un dépassement ou lors d'un changement de voie de circulation,Dépassement - Moto circulant entre les colonnes,Cologny,Jour,Beau temps,Avec blessés légers,2502332.285,1118590.689,Route sèche,Route secondaire,150000.0,Mardi,0,0,1,0,0,0,0,0,0,0,0,1,0,0,0,1,0.0,0.0,0,1,,,2022,2502332.29,1118590.69,6.173044589999045,46.21166291388229
35158,48880,221124346,20221124,Accident en parquant,Collision avec un obstacle fixe (y compris véhicule correctement stationné),Conduite - Marche arrière imprudente,Vernier,Nuit,Beau temps,Avec dommages matériels,2496506.69,1117884.115,Route sèche,Route principale,210000.0,Jeudi,0,0,0,0,0,0,0,0,0,0,0,0,2,0,0,0,0.0,0.0,1,0,,,2022,2496506.69,1117884.11,6.097726065599655,46.20443595843343
35159,49063,220510285,20220509,Dérapage ou perte de maîtrise,Collision avec un obstacle en manoeuvrant,Conduite - Marche arrière imprudente,Carouge (GE),Nuit,Autre,Avec dommages matériels,2500515.0,1115614.29,Autre,Autre,10000.0,Lundi,0,0,0,0,0,0,0,0,0,0,0,0,1,0,0,0,0.0,0.0,0,0,,,2022,2500515.0,1115614.29,6.150134202431529,46.18462550493011
35160,49064,220208178,20220208,Dérapage ou perte de maîtrise,"Lors de l'évitement, sans collision",Vitesse - Inadaptée aux conditions du trafic,Lancy,Jour,Beau temps,Avec blessés graves,2498109.45,1116258.984,Route sèche,Route principale,120000.0,Mardi,0,0,0,1,0,0,0,0,1,0,0,0,0,0,0,0,0.0,0.0,0,0,,,2022,2498109.45,1116258.98,6.11884309745383,46.190063863911284
35161,49065,220519107,20220517,Accident en s'engageant sur une route,Collision en obliquant à gauche avec le trafic venant de gauche,Priorité - Non-respect du signal de priorité «Stop»,Genève,Jour,Beau temps,Avec dommages matériels,2500845.004,1117368.487,Route sèche,Route principale,160000.0,Mardi,0,0,0,0,0,0,0,0,0,0,0,0,1,1,0,0,0.0,0.0,0,0,,,2022,2500845.0,1117368.49,6.154035023438149,46.20045219762867
35162,49066,220625017,20220625,Dérapage ou perte de maîtrise,Sans collision,Etat de la personne - Influence de l'alcool,Genève,Aurore / crépuscule,Beau temps,Avec blessés légers,2499125.193,1116172.581,Route sèche,Route principale,50000.0,Samedi,0,0,1,0,0,0,0,0,0,0,0,1,0,0,0,0,0.0,0.0,0,0,,,2022,2499125.19,1116172.58,6.1320163456927155,46.18943990585988
35163,49067,220208187,20220201,Collision frontale,Collision frontale avec le trafic venant en sens inverse (sans dépassement),Inattention et distraction - Distraction par des passagers ou des animaux dans la voiture,Collonge-Bellerive,Jour,Beau temps,Avec dommages matériels,2504720.304,1121084.572,Route sèche,Route secondaire,80000.0,Mardi,0,0,0,0,0,0,0,0,0,0,0,0,2,0,0,0,0.0,0.0,1,0,,,2022,2504720.3,1121084.57,6.203474334185365,46.234436869695685
35164,49068,220918006,20220918,Dérapage ou perte de maîtrise,Collision avec un autre usager de la route,Vitesse - Supérieure à la vitesse maximale générale ou signalée (route),Genève,Nuit,Beau temps,Avec dommages matériels,2500400.106,1118132.886,Route sèche,Route principale,10000.0,Dimanche,0,0,0,0,0,0,0,0,0,0,0,0,4,0,0,0,0.0,0.0,0,0,,,2022,2500400.11,1118132.89,6.148109129635228,46.20726173456001
35165,49069,220814041,20220814,Accident par tamponnement,"Collision avec un véhicule en marche, en reculant",Conduite - Marche arrière imprudente,Genève,Jour,Pluie,Avec dommages matériels,2499744.72,1117348.51,Route humide,Route principale,110000.0,Dimanche,0,0,0,0,0,0,0,0,0,0,0,1,0,1,0,0,0.0,0.0,0,0,,,2022,2499744.72,1117348.51,6.139787132771265,46.20010930270317
35166,49070,220630006,20220629,Dérapage ou perte de maîtrise,Collision avec un autre usager de la route,Etat de la personne - Influence de l'alcool,Cologny,Jour,Beau temps,Avec blessés légers,2504567.92,1120900.612,Route sèche,Route principale,190000.0,Mercredi,0,0,1,0,0,0,0,0,0,0,0,0,2,0,0,0,0.0,0.0,0,0,,,2022,2504567.92,1120900.61,6.201536918907624,46.23276061489461
35167,49071,221030029,20220702,Accident par tamponnement,Collision avec véhicule à l'arrêt,Inattention et distraction - Manque d'attention momentané,Vernier,Jour,Beau temps,Avec dommages matériels,2497451.996,1118673.49,Route sèche,Route principale,160000.0,Samedi,0,0,0,0,0,0,0,0,0,0,0,0,2,0,0,0,0.0,0.0,2,0,,,2022,2497452.0,1118673.49,6.109798244023504,46.21168075883584
35168,49072,220402105,20220331,Dérapage ou perte de maîtrise,Collision avec un obstacle hors de la chaussée,Inattention et distraction - Manque d'attention momentané,Genève,Jour,Temps couvert,Avec dommages matériels,2500178.89,1118457.826,Route sèche,Route secondaire,180000.0,Jeudi,0,0,0,0,0,0,0,0,0,0,0,0,0,0,1,0,0.0,0.0,0,0,,,2022,2500178.89,1118457.83,6.145173746654148,46.21015155121591
35169,49073,220523410,20220523,Accident par tamponnement,Collision avec un véhicule en marche,Inattention et distraction - Manque d'attention momentané,Carouge (GE),Jour,Temps couvert,Avec blessés légers,2499244.045,1114806.476,Route humide,Route principale,170000.0,Lundi,0,0,1,0,0,0,0,0,1,0,0,0,0,0,0,0,0.0,0.0,0,0,,,2022,2499244.05,1114806.48,6.1338503347283355,46.17717055520675
35170,49074,220711429,20220711,Dérapage ou perte de maîtrise,Collision avec un obstacle sur la chaussée,Inattention et distraction - Manque d'attention momentané,Puplinge,Jour,Beau temps,Avec dommages matériels,2506896.205,1118449.523,Route sèche,Route secondaire,80000.0,Lundi,0,0,0,0,0,0,0,0,0,0,0,0,1,0,0,0,0.0,0.0,1,0,,,2022,2506896.2,1118449.52,6.23220343130606,46.21104088572506
35171,49075,221126044,20221116,Accident lors d'un dépassement ou lors d'un changement de voie de circulation,Frôlement latéral avec le véhicule sur la voie voisine,Etat de la personne - Influence de l'alcool,Genève,Nuit,Temps couvert,Avec dommages matériels,2499664.385,1116560.985,Route humide,Route principale,180000.0,Mercredi,0,0,0,0,0,0,0,0,0,0,0,0,2,0,0,0,0.0,0.0,0,0,,,2022,2499664.39,1116560.98,6.138915858085367,46.193013990609124
35172,49076,221222008,20221222,Accident par tamponnement,Collision avec véhicule à l'arrêt,Etat de la personne - Influence de l'alcool,Genève,Nuit,Temps couvert,Avec dommages matériels,2501509.441,1118067.859,Route sèche,Route principale,30000.0,Jeudi,0,0,0,0,0,0,0,0,0,0,0,0,2,0,0,0,0.0,0.0,0,0,,,2022,2501509.44,1118067.86,6.1624941281710575,46.20684029066901
35173,49077,220531404,20220507,Accident en s'engageant sur une route,Collision en obliquant à gauche avec le trafic venant de droite,Priorité - Non-respect du signal de priorité «Stop»,Satigny,Jour,Beau temps,Avec dommages matériels,2493408.824,1119347.239,Route sèche,Route principale,150000.0,Samedi,0,0,0,0,0,0,0,0,0,0,0,2,1,0,0,0,0.0,0.0,0,0,,,2022,2493408.82,1119347.24,6.057262204603845,46.21711158536368
35174,49078,220825299,20220825,Accident en quittant une route,Collision en obliquant à droite avec le trafic dans le même sens,Priorité - Non-respect de la priorité de droite,Genève,Jour,Beau temps,Avec blessés graves,2499851.366,1117350.977,Route sèche,Route principale,80000.0,Jeudi,0,0,0,1,0,0,0,0,1,0,0,0,0,1,0,0,0.0,0.0,0,0,,,2022,2499851.37,1117350.98,6.141168056732613,46.20014741521587
35175,49079,220423074,20220423,Dérapage ou perte de maîtrise,Collision avec un obstacle hors de la chaussée,Inattention et distraction - Manque d'attention momentané,Confignon,Jour,Pluie,Avec dommages matériels,2496348.882,1114407.229,Route mouillée,Route principale,140000.0,Samedi,0,0,0,0,0,0,0,0,0,0,0,0,1,0,0,0,0.0,0.0,1,0,,,2022,2496348.88,1114407.23,6.09645347061593,46.17313963447832
35176,49080,220306005,20220305,Dérapage ou perte de maîtrise,Collision avec un obstacle hors de la chaussée,Etat de la personne - Influence de l'alcool,Thônex,Nuit,Beau temps,Avec dommages matériels,2505270.657,1117039.433,Route sèche,Route principale,230000.0,Samedi,0,0,0,0,0,0,0,0,0,0,0,0,1,0,0,0,0.0,0.0,0,0,,,2022,2505270.66,1117039.43,6.21142924545154,46.19813068917127
35177,48480,221007005,20220930,Accident par tamponnement,Collision avec véhicule à l'arrêt,Inattention et distraction - Manque d'attention momentané,Genève,Nuit,Beau temps,Avec dommages matériels,2500157.367,1118228.507,Route sèche,Route principale,190000.0,Vendredi,0,0,0,0,0,0,0,0,0,0,0,0,2,0,0,0,0.0,0.0,0,0,,,2022,2500157.37,1118228.51,6.144944007886043,46.20808576454382
35178,48481,220422131,20220408,Accident en parquant,Avec violation de l'obligation de déclarer,Cause inconnue - Véhicule stationné (omission de la déclaration obligatoire),Genève,Inconnu,Autre,Avec dommages matériels,2499004.321,1118125.849,Autre,Route principale,190000.0,Vendredi,0,0,0,0,0,0,0,0,0,0,0,0,0,0,0,0,0.0,0.0,0,0,,,2022,2499004.32,1118125.85,6.130028437217212,46.20699014310533
35179,48482,221010006,20221009,Accident par tamponnement,"Collision avec véhicule à l'arrêt, en reculant",Etat de la personne - Influence de l'alcool,Collonge-Bellerive,Nuit,Temps couvert,Avec dommages matériels,2504674.96,1122019.413,Route humide,Route principale,220000.0,Dimanche,0,0,0,0,0,0,0,0,0,0,0,0,1,0,0,0,0.0,0.0,0,0,,,2022,2504674.96,1122019.41,6.202695481055994,46.24283885018914
35180,48483,220114065,20220114,Accident par tamponnement,Collision avec un véhicule en marche,Conduite - Croisement longitudinal non conforme ou circulation trop à gauche,Bellevue,Jour,Beau temps,Avec dommages matériels,2500677.929,1123778.117,Route sèche,Route principale,70000.0,Vendredi,0,0,0,0,0,0,0,0,0,0,0,0,2,0,0,0,0.0,0.0,1,0,,,2022,2500677.93,1123778.12,6.15050567267055,46.25807828182509
35181,48484,230105064,20221223,Accident par tamponnement,Collision avec véhicule à l'arrêt,Conduite - Suivre de trop près le véhicule qui précède,Vernier,Nuit,Pluie,Avec dommages matériels,2495345.579,1119146.457,Route mouillée,Route principale,80000.0,Vendredi,0,0,0,0,0,0,0,0,0,0,0,1,1,0,0,0,0.0,0.0,0,0,,,2022,2495345.58,1119146.46,6.082401917563994,46.21561009637939
35182,48485,220621216,20220621,Accident lors d'un dépassement ou lors d'un changement de voie de circulation,Collision lors du changement de voie vers la droite,Conduite - Manque d'égards en changeant de voie,Meyrin,Jour,Beau temps,Avec blessés légers,2495585.774,1121228.871,Route sèche,Route principale,90000.0,Mardi,0,0,1,0,0,0,0,0,0,0,0,0,1,0,0,0,0.0,0.0,1,0,,,2022,2495585.77,1121228.87,6.085047782278988,46.23437720860836
35183,48486,220516468,20220516,Accident en traversant une route,Collision avec le trafic traversant depuis la droite,Priorité - Non-respect du signal de priorité «Stop»,Genève,Jour,Temps couvert,Avec blessés légers,2499514.21,1117152.888,Route humide,Route secondaire,110000.0,Lundi,0,0,1,0,0,0,0,0,0,0,0,1,1,0,0,0,0.0,0.0,1,0,,,2022,2499514.21,1117152.89,6.136843412488418,46.198315410897095
35184,48487,221209201,20221209,Dérapage ou perte de maîtrise,Collision avec un obstacle sur la chaussée,Etat de la personne - Influence de l'alcool,Vernier,Nuit,Temps couvert,Avec dommages matériels,2496387.493,1119465.992,Route mouillée,Route principale,180000.0,Vendredi,0,0,0,0,0,0,0,0,0,0,0,0,1,0,0,0,0.0,0.0,0,0,,,2022,2496387.49,1119465.99,6.095830686236992,46.21864547384835
35185,48488,220527156,20220508,Accident en parquant,Avec violation de l'obligation de déclarer,Cause inconnue - Véhicule stationné (omission de la déclaration obligatoire),Genève,Inconnu,Autre,Avec dommages matériels,2501476.747,1117027.676,Autre,Route principale,210000.0,Dimanche,0,0,0,0,0,0,0,0,0,0,0,0,0,0,0,0,0.0,0.0,0,0,,,2022,2501476.75,1117027.68,6.162290195308757,46.19747969962358
35186,48489,220701002,20220630,Accident lors d'un dépassement ou lors d'un changement de voie de circulation,Collision lors du changement de voie vers la droite,Etat de la personne - Influence de l'alcool,Genève,Nuit,Beau temps,Avec dommages matériels,2500306.694,1116969.669,Route sèche,Route principale,230000.0,Jeudi,0,0,0,0,0,0,0,0,0,0,0,1,0,0,0,0,0.0,0.0,1,0,,,2022,2500306.69,1116969.67,6.147147328916275,46.196785446342936
35187,48490,220818216,20220812,Accident en parquant,Avec violation de l'obligation de déclarer,Cause inconnue - Véhicule stationné (omission de la déclaration obligatoire),Genève,Jour,Beau temps,Avec dommages matériels,2502357.89,1117268.431,Route sèche,Route principale,130000.0,Vendredi,0,0,0,0,0,0,0,0,0,0,0,0,0,0,0,0,0.0,0.0,0,0,,,2022,2502357.89,1117268.43,6.17365290623047,46.199773661747415
35188,48491,221001113,20220930,Accident en traversant une route,Collision avec le trafic traversant depuis la gauche,Priorité - Autres attitude fautive en lien avec la priorité,Genève,Jour,Beau temps,Avec blessés légers,2501866.751,1117306.962,Route sèche,Route principale,170000.0,Vendredi,0,0,1,0,0,0,0,0,0,0,0,1,1,0,0,0,0.0,0.0,0,0,,,2022,2501866.75,1117306.96,6.167282999049934,46.200048700860165
35189,48492,220627006,20220627,Accident en parquant,Collision avec un obstacle fixe (y compris véhicule correctement stationné),Etat de la personne - Influence de l'alcool,Lancy,Nuit,Beau temps,Avec dommages matériels,2498211.838,1115107.831,Route sèche,Autre,10000.0,Lundi,0,0,0,0,0,0,0,0,0,0,0,0,1,0,0,0,0.0,0.0,0,0,,,2022,2498211.84,1115107.83,6.1204199912224,46.17972556220327
35190,48493,221031193,20221030,Accident par tamponnement,Collision avec véhicule à l'arrêt,Conduite - Suivre de trop près le véhicule qui précède,Genève,Jour,Beau temps,Avec dommages matériels,2497841.782,1118569.242,Route sèche,Route principale,130000.0,Dimanche,0,0,0,0,0,0,0,0,0,0,0,0,2,0,0,0,0.0,0.0,0,0,,,2022,2497841.78,1118569.24,6.114870993505363,46.21080245737251
35191,48494,220413005,20220412,Dérapage ou perte de maîtrise,Collision avec un autre usager de la route,"Utilisation du véhicule - Manouvres incorrectes dans le véhicule (confusion frein - accélérateur, glisser de la pédale de frein dans les véhicules à transmission automatique, etc.)",Genève,Nuit,Beau temps,Avec blessés graves,2500163.253,1116959.991,Route sèche,Autre,200000.0,Mardi,0,0,0,2,0,1,0,0,0,0,0,0,1,0,0,0,0.0,0.0,1,0,,,2022,2500163.25,1116959.99,6.145291510386771,46.196677095211015
35192,48495,220722215,20220722,Dérapage ou perte de maîtrise,Collision avec un obstacle hors de la chaussée,Inattention et distraction - Manque d'attention momentané,Genève,Jour,Beau temps,Avec blessés légers,2501620.997,1117956.327,Route sèche,Route principale,110000.0,Vendredi,0,0,1,0,0,0,0,1,0,0,0,0,0,0,0,0,0.0,0.0,0,0,,,2022,2501621.0,1117956.33,6.163962878309655,46.205853481347454
35193,48496,220710013,20220710,Dérapage ou perte de maîtrise,Collision avec un obstacle hors de la chaussée,Etat de la personne - Influence de l'alcool,Anières,Nuit,Beau temps,Avec blessés légers,2506364.661,1125731.46,Route sèche,Route secondaire,20000.0,Dimanche,0,0,1,0,0,0,0,0,0,0,0,1,0,0,0,0,0.0,0.0,0,0,,,2022,2506364.66,1125731.46,6.223853723829739,46.27646469498443
35194,48497,220306038,20220306,Dérapage ou perte de maîtrise,Collision avec un obstacle sur la chaussée,Etat de la personne - Influence de l'alcool,Bellevue,Jour,Beau temps,Avec dommages matériels,2499766.928,1123290.032,Route sèche,Autoroute,100000.0,Dimanche,0,0,0,0,0,0,0,0,0,0,0,0,1,0,0,0,0.0,0.0,0,0,,,2022,2499766.93,1123290.03,6.138797795143009,46.25355285947323
35195,48881,220929002,20220928,Dérapage ou perte de maîtrise,Collision avec un obstacle sur la chaussée,Inattention et distraction - Manque d'attention momentané,Le Grand-Saconnex,Nuit,Pluie,Avec blessés légers,2498861.972,1120480.973,Route mouillée,Route principale,190000.0,Mercredi,0,0,1,0,0,0,0,0,0,0,0,0,1,0,0,0,0.0,0.0,1,0,,,2022,2498861.97,1120480.97,6.127673741912334,46.22815150757429
35196,48882,220323007,20220322,Accident en traversant une route,Collision avec le trafic traversant depuis la droite,Priorité - Refus d'accorder la priorité au tramway,Genève,Jour,Beau temps,Avec blessés légers,2501610.722,1117306.715,Route sèche,Route principale,80000.0,Mardi,0,0,1,0,0,0,0,1,0,0,0,0,0,0,0,0,1.0,0.0,0,1,,,2022,2501610.72,1117306.71,6.163966643773009,46.200009028976616
35197,48883,220216167,20220216,Accident lors d'un dépassement ou lors d'un changement de voie de circulation,Collision lors du changement de voie vers la gauche,Conduite - Manque d'égards en changeant de voie,Genève,Jour,Beau temps,Avec dommages matériels,2501037.459,1117174.379,Route sèche,Route principale,70000.0,Mercredi,0,0,0,0,0,0,0,0,0,0,0,0,1,1,0,0,0.0,0.0,0,0,,,2022,2501037.46,1117174.38,6.156569162331235,46.19873465567092
35198,48884,221223166,20221223,Accident lors d'un dépassement ou lors d'un changement de voie de circulation,Collision lors du changement de voie vers la gauche,Etat de la personne - Influence de l'alcool,Bardonnex,Jour,Pluie,Avec dommages matériels,2496596.453,1112501.87,Route mouillée,Autoroute,160000.0,Vendredi,0,0,0,0,0,0,0,0,0,0,0,0,2,0,0,0,0.0,0.0,0,0,,,2022,2496596.45,1112501.87,6.100080175698046,46.156040421001286
35199,48885,221112033,20221101,Accident en s'engageant sur une route,Collision en s'engageant depuis le bord de la route,Priorité - Autres attitude fautive en lien avec la priorité,Genève,Jour,Pluie,Avec dommages matériels,2499720.502,1119813.965,Route mouillée,Route principale,80000.0,Mardi,0,0,0,0,0,0,0,0,0,0,0,0,2,0,0,0,0.0,0.0,0,0,,,2022,2499720.5,1119813.96,6.138943559299729,46.22228085040281
35200,48886,221216241,20221216,Accident en s'engageant sur une route,Collision en s'engageant depuis le bord de la route,Priorité - Autres attitude fautive en lien avec la priorité,Genève,Jour,Pluie,Avec blessés légers,2500563.31,1118740.926,Route mouillée,Route secondaire,160000.0,Vendredi,0,0,1,0,0,0,0,0,0,0,0,1,1,0,0,0,0.0,0.0,0,0,,,2022,2500563.31,1118740.93,6.150093795603137,46.212754843821145
35201,48887,220222218,20220222,Accident en quittant une route,Collision avec le trafic dans le même sens lors d'un demi-tour,Priorité - Refus d'accorder la priorité au tramway,Chêne-Bougeries,Aurore / crépuscule,Temps couvert,Avec dommages matériels,2503097.688,1117123.199,Route sèche,Route principale,180000.0,Mardi,0,0,0,0,0,0,0,0,0,0,0,0,1,0,0,0,1.0,0.0,1,1,,,2022,2503097.69,1117123.2,6.183265821242859,46.198574445685104
35202,48888,220428207,20220428,Accident en quittant une route,"Collision en obliquant à droite avec les usagers d'une voie séparée, d'une piste séparée, d'une piste cyclable/voie piétonne séparée, des rails de tramway",Inattention et distraction - Manque d'attention momentané,Genève,Jour,Beau temps,Avec blessés légers,2501381.221,1117035.711,Route sèche,Route principale,130000.0,Jeudi,0,0,1,0,0,0,0,1,0,0,0,0,1,0,0,0,0.0,0.0,1,0,,,2022,2501381.22,1117035.71,6.161051138856203,46.19753791794577
35203,48889,220727012,20220726,Accident en s'engageant sur une route,Collision en obliquant à gauche avec le trafic venant de droite,Conduite - Autre attitude fautive lors des mouvements dans la circulation,Cologny,Jour,Beau temps,Avec blessés graves,2502549.163,1117933.186,Route sèche,Route principale,160000.0,Mardi,0,0,0,1,0,0,0,0,1,0,0,0,1,0,0,0,0.0,0.0,0,0,,,2022,2502549.16,1117933.19,6.175991664734969,46.20578055376671
35204,48890,220705264,20220705,Accident en quittant une route,"Collision en obliquant à droite avec les usagers d'une voie séparée, d'une piste séparée, d'une piste cyclable/voie piétonne séparée, des rails de tramway",Priorité - Autres attitude fautive en lien avec la priorité,Versoix,Jour,Beau temps,Avec blessés légers,2502042.161,1126123.258,Route sèche,Route principale,70000.0,Mardi,0,0,1,0,0,0,1,0,0,0,0,0,1,0,0,0,0.0,0.0,0,0,,,2022,2502042.16,1126123.26,6.1677023171610585,46.27937188805786
35205,48891,221026112,20221026,Dérapage ou perte de maîtrise,Collision avec un autre usager de la route,"Etat de l'infrastructure - Mauvais état local de la route (huile, boue, nids de poule, ornières, etc.)",Genève,Jour,Temps couvert,Avec blessés légers,2498787.431,1118569.015,Route mouillée,Route principale,80000.0,Mercredi,0,0,2,0,0,1,0,0,0,0,0,1,0,0,0,0,0.0,0.0,0,0,,,2022,2498787.43,1118569.02,6.127122561783644,46.210943543020164
35206,48892,221223164,20220826,Dérapage ou perte de maîtrise,Sans collision,Inattention et distraction - Distraction par le maniement du téléphone,Genève,Jour,Beau temps,Avec blessés légers,2500130.996,1118618.35,Route sèche,Route principale,160000.0,Vendredi,0,0,1,0,0,0,1,0,0,0,0,0,0,0,0,0,0.0,0.0,0,0,,,2022,2500131.0,1118618.35,6.144518949498647,46.211588214456604
35207,48893,221006003,20221005,Dérapage ou perte de maîtrise,Collision avec un obstacle hors de la chaussée,Etat de la personne - Influence de l'alcool,Plan-les-Ouates,Nuit,Beau temps,Avec dommages matériels,2496699.994,1113308.476,Route sèche,Autoroute,220000.0,Mercredi,0,0,0,0,0,0,0,0,0,0,0,0,1,0,0,0,0.0,0.0,0,0,,,2022,2496699.99,1113308.48,6.101242019445846,46.16331119282138
35208,48894,220306011,20220306,Dérapage ou perte de maîtrise,Collision avec un obstacle hors de la chaussée,Etat de la personne - Influence de l'alcool,Onex,Nuit,Beau temps,Avec dommages matériels,2497301.536,1115128.543,Route sèche,Route principale,20000.0,Dimanche,0,0,0,0,0,0,0,0,0,0,0,0,1,0,0,0,0.0,0.0,0,0,,,2022,2497301.54,1115128.54,6.108628676530453,46.17977344124373
35209,48895,220519173,20220519,Accident par tamponnement,Collision avec un véhicule en marche,Conduite - Suivre de trop près le véhicule qui précède,Bernex,Nuit,Beau temps,Avec dommages matériels,2494983.919,1116866.585,Route sèche,Autoroute,60000.0,Jeudi,0,0,0,0,0,0,0,0,0,0,0,0,2,0,0,0,0.0,0.0,0,0,,,2022,2494983.92,1116866.59,6.078228988684766,46.195047972510835
35210,48896,220531286,20220531,Accident en parquant,Collision avec une portière ouverte,Utilisation du véhicule - Ouverture imprudente de la portière,Genève,Jour,Temps couvert,Avec dommages matériels,2500487.654,1118345.246,Route sèche,Route secondaire,90000.0,Mardi,0,0,0,0,0,0,0,0,0,0,0,0,2,0,0,0,0.0,0.0,0,0,,,2022,2500487.65,1118345.25,6.149197915257089,46.209184747584125
35211,48897,221011246,20221011,Accident en s'engageant sur une route,Collision en s'engageant depuis le bord de la route,Priorité - Autres attitude fautive en lien avec la priorité,Genève,Jour,Beau temps,Avec blessés légers,2500232.121,1118152.792,Route sèche,Route secondaire,160000.0,Mardi,0,0,1,0,0,0,0,0,0,0,0,1,1,0,0,0,0.0,0.0,0,0,,,2022,2500232.12,1118152.79,6.145928586931331,46.20741580948818
35212,48898,220801016,20220801,Dérapage ou perte de maîtrise,Collision avec un obstacle sur la chaussée,Etat de la personne - Influence de l'alcool,Genève,Jour,Beau temps,Avec dommages matériels,2500371.818,1118095.689,Route sèche,Route principale,70000.0,Lundi,0,0,0,0,0,0,0,0,0,0,0,0,1,0,0,0,0.0,0.0,0,0,,,2022,2500371.82,1118095.69,6.147750577809639,46.20692295109197
35213,49081,220806057,20220606,Accident en parquant,Collision avec un obstacle fixe (y compris véhicule correctement stationné),Inattention et distraction - Manque d'attention momentané,Cologny,Jour,Beau temps,Avec dommages matériels,2502435.548,1118752.548,Route sèche,Route principale,150000.0,Lundi,0,0,0,0,0,0,0,0,0,0,0,0,1,0,0,0,0.0,0.0,0,0,,,2022,2502435.55,1118752.55,6.174348580093671,46.21313375006001
35214,49082,220616229,20220524,Collision frontale,Frôlement avec le trafic en sens inverse (sans dépassement),Conduite - Croisement longitudinal non conforme ou circulation trop à gauche,Genève,Jour,Beau temps,Avec dommages matériels,2499444.525,1118459.937,Route sèche,Route secondaire,190000.0,Mardi,0,0,0,0,0,0,0,0,0,0,0,0,2,0,0,0,0.0,0.0,0,0,,,2022,2499444.52,1118459.94,6.1356591403603495,46.210061064780696
35215,49083,220707012,20220706,Accident en parquant,Collision avec une portière ouverte,Utilisation du véhicule - Ouverture imprudente de la portière,Chêne-Bougeries,Jour,Beau temps,Avec blessés légers,2503745.968,1116793.666,Route sèche,Route principale,170000.0,Mercredi,0,0,1,0,0,0,0,1,0,0,0,0,1,0,0,0,0.0,0.0,1,0,,,2022,2503745.97,1116793.67,6.191730885789185,46.195703635698166
35216,49084,220914214,20220912,Accident en parquant,Avec violation de l'obligation de déclarer,Cause inconnue - Véhicule stationné (omission de la déclaration obligatoire),Vernier,Inconnu,Autre,Avec dommages matériels,2496592.144,1117810.446,Autre,Autre,170000.0,Lundi,0,0,0,0,0,0,0,0,0,0,0,0,0,0,0,0,0.0,0.0,0,0,,,2022,2496592.14,1117810.45,6.098849310095668,46.20378658947761
35217,49085,220507075,20220507,Accident impliquant des piétons,Piéton traversant la chaussée touché par un véhicule circulant en ligne droite,Comportement du piéton / du conducteur d'EAV - Traversée imprudente de la route,Genève,Jour,Beau temps,Avec dommages matériels,2499992.188,1117235.413,Route sèche,Route principale,120000.0,Samedi,0,0,0,0,0,1,1,0,0,0,0,0,1,0,0,0,0.0,0.0,0,0,,,2022,2499992.19,1117235.41,6.143016881248664,46.19912889973895
35218,49086,221213309,20221213,Dérapage ou perte de maîtrise,Collision avec un obstacle hors de la chaussée,Inattention et distraction - Manque d'attention momentané,Genève,Jour,Temps couvert,Avec dommages matériels,2500912.064,1117543.226,Route mouillée,Route principale,140000.0,Mardi,0,0,0,0,0,0,0,0,0,0,0,0,1,0,0,0,0.0,0.0,0,0,,,2022,2500912.06,1117543.23,6.154866575990882,46.202033765358664