,OBJECTID,ID_ACCIDENT,DATE_,GROUPE_ACCIDENT,TYPE,CAUSE,COMMUNE,CONDITIONS_LUMINEUSES,CONDITIONS_METEO,CONSEQUENCES,COOR_X,COOR_Y,ETAT_ROUTE,GENRE_ROUTE,HEURE,JOUR,NB_ENFANTS_IMPLIQUES,NB_ENFANTS_ECOLE,NB_BLESSES_LEGERS,NB_BLESSES_GRAVES,NB_TUES,NB_PIETONS,NB_BICYCLETTES,NB_VAE_25,NB_VAE_45,NB_CYCLOMOTEURS,NB_MOTOS_50,NB_MOTOS,NB_VOITURES_TOURISME,NB_VOITURES_LIVRAISON,NB_CAMIONS,NB_BUS,NB_TRAM,NB_TRAINS,NB_SENIORS,NB_TC,REF_GROUPE_CAUSE,TOTAL_PERSONNES,ANNEE,E,N,LATITUDE,LONGITUDE
35219,49087,221201011,20221201,Dérapage ou perte de maîtrise,Collision avec un obstacle hors de la chaussée,Etat de la personne - Influence de l'alcool,Genève,Nuit,Temps couvert,Avec dommages matériels,2501511.382,1118085.692,Route sèche,Route secondaire,40000.0,Jeudi,0,0,0,0,0,0,0,0,0,0,0,0,1,0,0,0,0.0,0.0,0,0,,,2022,2501511.38,1118085.69,6.162515497640656,46.20700094521957
35220,49088,221018374,20221018,Dérapage ou perte de maîtrise,Collision avec un autre usager de la route,Inattention et distraction - Manque d'attention momentané,Genève,Jour,Beau temps,Avec blessés graves,2499778.339,1118324.959,Route sèche,Route principale,160000.0,Mardi,0,0,0,1,0,0,1,0,0,0,0,0,0,0,0,1,0.0,0.0,1,1,,,2022,2499778.34,1118324.96,6.14001294169135,46.20889686341092
35221,49089,220315119,20220315,Accident par tamponnement,Collision avec véhicule à l'arrêt,Conduite - Suivre de trop près le véhicule qui précède,Vernier,Jour,Temps couvert,Avec dommages matériels,2495645.351,1118806.188,Route sèche,Autoroute,60000.0,Mardi,0,0,0,0,0,0,0,0,0,0,0,0,3,0,0,0,0.0,0.0,0,0,,,2022,2495645.35,1118806.19,6.0863620496913535,46.21259622912446
35222,49090,220128148,20220128,Accident par tamponnement,Collision avec véhicule à l'arrêt,Etat de la personne - Influence de l'alcool,Meyrin,Jour,Beau temps,Avec dommages matériels,2495672.656,1120491.658,Route sèche,Route principale,140000.0,Vendredi,0,0,0,0,0,0,0,0,0,0,0,0,2,0,0,0,0.0,0.0,1,0,,,2022,2495672.66,1120491.66,6.086338920722601,46.22776003896814
35223,49091,220628325,20220628,Accident par tamponnement,Collision avec véhicule à l'arrêt,Inattention et distraction - Manque d'attention momentané,Bellevue,Jour,Beau temps,Avec blessés légers,2500682.839,1122778.935,Route sèche,Route principale,160000.0,Mardi,0,0,2,0,0,0,0,0,0,0,0,0,2,0,0,0,0.0,0.0,1,0,,,2022,2500682.84,1122778.93,6.150782346505237,46.24909189022528
35224,49092,220626003,20220625,Dérapage ou perte de maîtrise,Sans collision,Etat de la personne - Influence de l'alcool,Genève,Nuit,Temps couvert,Avec blessés légers,2499969.651,1118037.856,Route humide,Route principale,230000.0,Samedi,0,0,1,0,0,0,0,1,0,0,0,0,0,0,0,0,0.0,0.0,0,0,,,2022,2499969.65,1118037.86,6.142552949614952,46.206343077681986
35225,49093,220830325,20220830,Accident en quittant une route,Collision en obliquant à gauche avec le trafic venant en sens inverse,Priorité - Priorité en obliquant à gauche devant des véhicules venant en sens inverse,Chêne-Bougeries,Jour,Beau temps,Avec blessés graves,2502905.564,1117524.887,Route sèche,Autre,80000.0,Mardi,1,0,1,1,0,0,2,0,0,0,0,0,0,0,0,0,0.0,0.0,0,0,,,2022,2502905.56,1117524.89,6.180693627565346,46.202159699827874
35226,49094,220823218,20220708,Accident lors d'un dépassement ou lors d'un changement de voie de circulation,Frôlement latéral avec le véhicule sur la voie voisine,Dépassement - En dépassant de trop près (latéral),Carouge (GE),Jour,Beau temps,Avec dommages matériels,2500194.225,1115669.954,Route sèche,Route principale,90000.0,Vendredi,0,0,0,0,0,0,0,0,0,0,0,0,1,0,0,0,0.0,0.0,1,0,,,2022,2500194.23,1115669.95,6.145968502494439,46.18507859865165
35227,49095,221202011,20221201,Dérapage ou perte de maîtrise,Sans collision,Etat de la personne - Influence de l'alcool,Genève,Nuit,Temps couvert,Avec blessés graves,2498719.355,1119365.105,Route sèche,Route principale,220000.0,Jeudi,0,0,0,1,0,0,0,1,0,0,0,0,0,0,0,0,0.0,0.0,0,0,,,2022,2498719.36,1119365.11,6.126067853045886,46.21809359579322
35228,49096,221225015,20221225,Dérapage ou perte de maîtrise,Sans collision,Etat de la personne - Influence de l'alcool,Genève,Nuit,Beau temps,Avec blessés légers,2500394.515,1118263.027,Route sèche,Route principale,10000.0,Dimanche,0,0,1,0,0,0,0,0,0,0,0,0,0,0,0,0,0.0,0.0,0,0,,,2022,2500394.52,1118263.03,6.148008934822782,46.20843143501434
35229,49097,221216007,20221215,Dérapage ou perte de maîtrise,Sans collision,Etat de la personne - Influence de l'alcool,Genève,Nuit,Pluie,Avec blessés légers,2500025.541,1117759.947,Route mouillée,Route secondaire,230000.0,Jeudi,0,0,1,0,0,0,0,0,1,0,0,0,0,0,0,0,0.0,0.0,0,0,,,2022,2500025.54,1117759.95,6.143336515280897,46.20385176685527
35230,49098,220505162,20220406,Accident par tamponnement,"Collision avec véhicule à l'arrêt, en reculant",Conduite - Marche arrière imprudente,Genève,Jour,Autre,Avec dommages matériels,2500914.621,1117539.923,Route sèche,Autre,160000.0,Mercredi,0,0,0,0,0,0,0,0,0,0,0,0,2,0,0,0,0.0,0.0,0,0,,,2022,2500914.62,1117539.92,6.154900439982323,46.20200437126599
35231,49099,220510170,20220509,Collision frontale,Frôlement avec le trafic en sens inverse (sans dépassement),Inattention et distraction - Manque d'attention momentané,Perly-Certoux,Jour,Beau temps,Avec dommages matériels,2496035.242,1112561.974,Route sèche,Route principale,170000.0,Lundi,0,0,0,0,0,0,0,0,0,0,0,0,2,0,0,0,0.0,0.0,1,0,,,2022,2496035.24,1112561.97,6.092803326842297,46.15649449055975
35232,48498,220602015,20220601,Dérapage ou perte de maîtrise,Collision avec un obstacle hors de la chaussée,Inattention et distraction - Manque d'attention momentané,Bellevue,Jour,Beau temps,Avec blessés graves,2498737.153,1123761.726,Route sèche,Route principale,170000.0,Mercredi,0,0,0,1,0,0,0,0,0,0,0,1,0,0,0,0,0.0,0.0,0,0,,,2022,2498737.15,1123761.73,6.125343301642729,46.257641020445085
35233,48499,220324257,20220318,Accident par tamponnement,Collision avec véhicule à l'arrêt,Inattention et distraction - Manque d'attention momentané,Lancy,Jour,Beau temps,Avec dommages matériels,2498490.226,1116649.516,Route sèche,Route principale,80000.0,Vendredi,0,0,0,0,0,0,0,0,0,0,0,0,3,0,0,0,0.0,0.0,0,0,,,2022,2498490.23,1116649.52,6.123689571900727,46.1936341024447
35234,48500,220213010,20220213,Dérapage ou perte de maîtrise,Collision avec un obstacle hors de la chaussée,Etat de la personne - Influence de l'alcool,Vernier,Nuit,Beau temps,Avec dommages matériels,2496368.243,1119468.492,Route sèche,Route principale,50000.0,Dimanche,0,0,0,0,0,0,0,0,0,0,0,0,1,0,0,0,0.0,0.0,0,0,,,2022,2496368.24,1119468.49,6.095580700142816,46.21866499144683
35235,48501,220924085,20220923,Accident par tamponnement,Collision avec véhicule à l'arrêt,Etat de la personne - Influence de l'alcool,Vernier,Jour,Beau temps,Avec dommages matériels,2497645.872,1118645.938,Route sèche,Route secondaire,150000.0,Vendredi,0,0,0,0,0,0,0,0,0,0,0,0,2,0,0,0,0.0,0.0,0,0,,,2022,2497645.87,1118645.94,6.112316033791311,46.211462516546966
35236,48502,220118012,20220118,Dérapage ou perte de maîtrise,Collision avec un obstacle hors de la chaussée,Inattention et distraction - Autre influence en rapport avec l'inattention ou la distraction,Genève,Nuit,Beau temps,Avec dommages matériels,2500653.504,1117177.486,Route sèche,Route principale,50000.0,Mardi,0,0,0,0,0,0,0,0,0,0,0,0,1,0,0,0,0.0,0.0,0,0,,,2022,2500653.5,1117177.49,6.15159512227194,46.19870599729362
35237,48503,221008069,20221008,Dérapage ou perte de maîtrise,Collision avec un obstacle hors de la chaussée,Inattention et distraction - Manque d'attention momentané,Vernier,Jour,Beau temps,Avec dommages matériels,2496719.994,1119598.992,Route humide,Autoroute,120000.0,Samedi,0,0,0,0,0,0,0,0,0,0,0,0,1,0,0,0,0.0,0.0,0,0,,,2022,2496719.99,1119598.99,6.100109593141094,46.21989289561759
35238,48504,221114019,20221113,Accident en parquant,Collision avec un obstacle fixe (y compris véhicule correctement stationné),Conduite - Marche arrière imprudente,Genève,Nuit,Beau temps,Avec dommages matériels,2499787.54,1118184.863,Route sèche,Route secondaire,190000.0,Dimanche,0,0,0,0,0,0,0,0,0,0,0,0,0,1,0,0,0.0,0.0,0,0,,,2022,2499787.54,1118184.86,6.140162215388055,46.2076381243365
35239,48505,220606061,20220606,Accident par tamponnement,Collision avec véhicule à l'arrêt,Inattention et distraction - Manque d'attention momentané,Veyrier,Jour,Beau temps,Avec blessés légers,2501239.344,1114689.964,Route sèche,Route principale,150000.0,Lundi,0,0,1,0,0,0,0,0,0,0,0,0,2,0,0,0,0.0,0.0,0,0,,,2022,2501239.34,1114689.96,6.159709480333036,46.17641849315923
35240,48506,220829117,20220821,Accident en parquant,Avec violation de l'obligation de déclarer,Cause inconnue - Véhicule stationné (omission de la déclaration obligatoire),Le Grand-Saconnex,Jour,Beau temps,Avec dommages matériels,2497461.0,1120928.0,Route sèche,Autre,190000.0,Dimanche,0,0,0,0,0,0,0,0,0,0,0,0,0,0,0,0,0.0,0.0,0,0,,,2022,2497461.0,1120928.0,6.109419230373398,46.231959903544784
35241,48507,220921291,20220914,Accident en traversant une route,Collision avec le trafic traversant depuis la gauche,Priorité - Non-respect du signal de priorité «Cédez le passage»,Meyrin,Jour,Beau temps,Avec dommages matériels,2493977.987,1120893.496,Route sèche,Route principale,130000.0,Mercredi,0,0,0,0,0,0,0,0,0,0,0,0,2,0,0,0,0.0,0.0,1,0,,,2022,2493977.99,1120893.5,6.064285446773904,46.23110902694573
35242,48508,221114076,20220917,Accident en parquant,Collision avec un obstacle fixe (y compris véhicule correctement stationné),Inattention et distraction - Manque d'attention momentané,Vernier,Jour,Beau temps,Avec dommages matériels,2496035.444,1117596.589,Route sèche,Autre,170000.0,Samedi,0,0,0,0,0,0,0,0,0,0,0,0,0,1,0,0,0.0,0.0,0,0,,,2022,2496035.44,1117596.59,6.091685511597835,46.20177720845308
35243,48509,220518266,20220518,Accident en quittant une route,"Collision en obliquant à droite avec les usagers d'une voie séparée, d'une piste séparée, d'une piste cyclable/voie piétonne séparée, des rails de tramway",Priorité - Autres attitude fautive en lien avec la priorité,Genève,Jour,Beau temps,Avec blessés légers,2500170.65,1116979.684,Route sèche,Route principale,120000.0,Mercredi,0,0,1,0,0,0,0,0,0,0,0,0,0,1,0,0,0.0,0.0,0,0,,,2022,2500170.65,1116979.68,6.145383147403438,46.196855293245214
35244,48510,220728224,20220727,Accident en quittant une route,Collision en obliquant à gauche avec le trafic venant en sens inverse,Priorité - Priorité en obliquant à gauche devant des véhicules venant en sens inverse,Genève,Jour,Beau temps,Avec blessés graves,2499548.718,1118223.267,Route sèche,Route secondaire,170000.0,Mercredi,0,0,0,1,0,0,0,0,1,0,0,1,0,0,0,0,0.0,0.0,0,0,,,2022,2499548.72,1118223.27,6.137060050190297,46.20794795007098
35245,48511,220124159,20220107,Accident en parquant,Collision avec un obstacle fixe (y compris véhicule correctement stationné),Cause inconnue - Cause inconnue,Onex,Inconnu,Autre,Avec dommages matériels,2496363.333,1115581.538,Autre,Route principale,100000.0,Vendredi,0,0,0,0,0,0,0,0,0,0,0,0,0,0,0,0,0.0,0.0,0,0,,,2022,2496363.33,1115581.54,6.09638004882471,46.183703921476756
35246,48512,220705029,20220704,Dérapage ou perte de maîtrise,Collision avec un obstacle sur la chaussée,Signalisation - Inobservation d'un signal,Avusy,Jour,Beau temps,Avec dommages matériels,2489547.524,1111318.936,Route sèche,Route secondaire,110000.0,Lundi,0,0,0,0,0,0,0,0,0,0,0,0,0,0,1,0,0.0,0.0,0,0,,,2022,2489547.52,1111318.94,6.009130148735022,46.14428083788011
35247,48513,220531002,20220530,Accident en quittant une route,"Collision en obliquant à droite avec les usagers d'une voie séparée, d'une piste séparée, d'une piste cyclable/voie piétonne séparée, des rails de tramway",Priorité - Autres attitude fautive en lien avec la priorité,Genève,Jour,Beau temps,Avec blessés légers,2501439.586,1117483.542,Route sèche,Route principale,90000.0,Lundi,0,0,1,0,0,0,0,0,0,0,0,1,1,0,0,0,0.0,0.0,0,0,,,2022,2501439.59,1117483.54,6.161712627912614,46.20157444140977
35248,48514,220406262,20220406,Accident impliquant des piétons,Piéton traversant la chaussée touché par un véhicule circulant en ligne droite,Priorité - Ne pas accorder la priorité à un passage pour piétons,Genève,Jour,Temps couvert,Avec blessés légers,2501406.097,1116587.735,Route sèche,Route principale,170000.0,Mercredi,0,0,1,0,0,1,0,1,0,0,0,0,0,0,0,0,0.0,0.0,0,0,,,2022,2501406.1,1116587.73,6.161468003374703,46.193512255579904
35249,48515,220527213,20220527,Accident par tamponnement,Collision avec un véhicule en marche,Etat de la personne - Influence de l'alcool,Chêne-Bourg,Aurore / crépuscule,Beau temps,Avec dommages matériels,2503948.075,1116609.585,Route sèche,Route secondaire,210000.0,Vendredi,0,0,0,0,0,0,0,0,0,0,0,0,2,0,0,0,0.0,0.0,1,0,,,2022,2503948.07,1116609.59,6.1943864063643765,46.194076840298415
35250,48899,220524176,20220523,Accident impliquant des piétons,Piéton traversant la chaussée touché par un véhicule circulant en ligne droite,Priorité - Ne pas accorder la priorité à un passage pour piétons,Chêne-Bourg,Jour,Beau temps,Avec dommages matériels,2504066.883,1116608.269,Route sèche,Route principale,150000.0,Lundi,0,0,0,0,0,1,0,0,0,0,0,1,0,0,0,0,0.0,0.0,0,0,,,2022,2504066.88,1116608.27,6.1959254885380535,46.194081931296296
35251,48900,220407264,20220407,Dérapage ou perte de maîtrise,Collision avec un obstacle hors de la chaussée,Inattention et distraction - Manque d'attention momentané,Genève,Aurore / crépuscule,Temps couvert,Avec dommages matériels,2500562.253,1116558.235,Route humide,Route principale,190000.0,Jeudi,0,0,0,0,0,0,0,0,0,0,0,0,1,0,0,0,0.0,0.0,1,0,,,2022,2500562.25,1116558.23,6.150545070012897,46.19312264636384
35252,48901,221119070,20221102,Accident lors d'un dépassement ou lors d'un changement de voie de circulation,Frôlement latéral avec le véhicule sur la voie voisine,Conduite - Croisement longitudinal non conforme ou circulation trop à gauche,Genève,Aurore / crépuscule,Beau temps,Avec dommages matériels,2501865.581,1117307.0,Route sèche,Route principale,180000.0,Mercredi,0,0,0,0,0,0,0,0,0,0,0,0,1,0,0,0,1.0,0.0,0,1,,,2022,2501865.58,1117307.0,6.167267835385621,46.200048889842186
35253,48902,220616275,20220616,Accident en traversant une route,Collision avec le trafic traversant depuis la droite,Priorité - Non-respect de la priorité de droite,Genève,Jour,Beau temps,Avec blessés légers,2499091.714,1118168.721,Route sèche,Route secondaire,180000.0,Jeudi,0,0,1,0,0,0,0,0,0,0,0,1,1,0,0,0,0.0,0.0,0,0,,,2022,2499091.71,1118168.72,6.131151284527169,46.2073888556099
35254,48903,220512296,20220512,Accident par tamponnement,Collision avec véhicule à l'arrêt,Etat de la personne - Influence de l'alcool,Meyrin,Jour,Beau temps,Avec blessés légers,2495951.242,1120066.244,Route sèche,Route principale,170000.0,Jeudi,0,0,1,0,0,0,0,0,0,0,0,1,1,1,0,0,0.0,0.0,1,0,,,2022,2495951.24,1120066.24,6.090044116071183,46.223976888529435
35255,48904,220524115,20220518,Dérapage ou perte de maîtrise,Collision avec un obstacle en manoeuvrant,Conduite - Demi-tour imprudent,Genève,Nuit,Beau temps,Avec dommages matériels,2499921.662,1117259.007,Route sèche,Route secondaire,200000.0,Mercredi,0,0,0,0,0,0,0,0,0,0,0,0,2,0,0,0,0.0,0.0,0,0,,,2022,2499921.66,1117259.01,6.1420982520868,46.199330670970596
35256,48905,220919250,20220919,Accident en traversant une route,Collision avec le trafic traversant depuis la gauche,Priorité - Non-respect du signal de priorité «Cédez le passage»,Lancy,Jour,Beau temps,Avec blessés légers,2498872.249,1115075.477,Route sèche,Route principale,140000.0,Lundi,0,0,1,0,0,0,1,0,0,0,0,0,1,0,0,0,0.0,0.0,1,0,,,2022,2498872.25,1115075.48,6.128978163320202,46.17953422719728
35257,48906,221219145,20221216,Accident par tamponnement,Collision avec véhicule à l'arrêt,Inattention et distraction - Manque d'attention momentané,Lancy,Jour,Beau temps,Avec dommages matériels,2498872.088,1114601.092,Route humide,Autoroute,100000.0,Vendredi,0,0,0,0,0,0,0,0,0,0,0,0,2,0,0,0,0.0,0.0,2,0,,,2022,2498872.09,1114601.09,6.12907877751967,46.175267382391304
35258,48907,220717003,20220716,Accident en s'engageant sur une route,Collision en obliquant à droite avec le trafic venant de gauche,"Priorité - Inobservation des règles de la circulation données par des signes de la main (police, pompiers, patrouilleurs scolaires, etc.)",Genève,Jour,Beau temps,Avec dommages matériels,2500478.563,1119424.705,Route sèche,Route principale,70000.0,Samedi,0,0,0,0,0,0,0,0,0,0,0,0,2,0,0,0,0.0,0.0,1,0,,,2022,2500478.56,1119424.7,6.148849895763195,46.21889239138001
35259,48908,220530316,20220530,Dérapage ou perte de maîtrise,Collision avec un obstacle sur la chaussée,Etat de la personne - Influence de l'alcool,Bernex,Jour,Beau temps,Avec dommages matériels,2495244.877,1115947.096,Route sèche,Autoroute,180000.0,Lundi,0,0,0,0,0,0,0,0,0,0,0,0,2,0,0,0,0.0,0.0,0,0,,,2022,2495244.88,1115947.1,6.0818151534811955,46.186818562323424
35260,48909,220301286,20220301,Dérapage ou perte de maîtrise,Collision avec un obstacle hors de la chaussée,Etat de la personne - Influence de l'alcool,Vernier,Jour,Beau temps,Avec blessés légers,2497501.996,1119217.991,Route sèche,Route principale,60000.0,Mardi,0,0,1,0,0,0,0,0,0,0,0,0,1,0,0,0,0.0,0.0,1,0,,,2022,2497502.0,1119217.99,6.110326417466705,46.21658578879394
35261,48910,4403,20220224,Dérapage ou perte de maîtrise,Collision avec un obstacle hors de la chaussée,Etat de la personne - Etat de faiblesse,Céligny,Jour,Beau temps,Avec blessés graves,2503051.113,1134741.18,Route sèche,Autoroute,70000.0,Jeudi,0,0,0,1,0,0,0,0,0,0,0,0,0,0,1,0,0.0,0.0,0,0,,,2022,2503051.11,1134741.18,6.178992927962509,46.35703199352049
35262,48911,220215071,20220214,Accident en traversant une route,Collision avec le trafic traversant depuis la gauche,Priorité - Non-respect du signal de priorité «Cédez le passage»,Collonge-Bellerive,Jour,Beau temps,Avec dommages matériels,2504312.438,1121676.684,Route sèche,Route principale,130000.0,Lundi,0,0,0,0,0,0,0,0,0,0,0,0,2,0,0,0,0.0,0.0,2,0,,,2022,2504312.44,1121676.68,6.198066323701713,46.23970462568013
35263,48912,221209193,20221209,Accident par tamponnement,"Collision avec véhicule à l'arrêt, en reculant",Conduite - Marche arrière imprudente,Cologny,Jour,Chute de neige,Avec dommages matériels,2503125.387,1120044.226,Route enneigée,Route principale,80000.0,Vendredi,0,0,0,0,0,0,0,0,0,0,0,0,3,1,0,0,0.0,0.0,0,0,,,2022,2503125.39,1120044.23,6.183018146523729,46.22485149017073
35264,48913,220903019,20220902,Dérapage ou perte de maîtrise,"Lors de l'évitement, sans collision",Priorité - Autres attitude fautive en lien avec la priorité,Bernex,Jour,Beau temps,Avec blessés graves,2494747.268,1113275.551,Route sèche,Route secondaire,170000.0,Vendredi,0,0,0,1,0,0,0,1,0,0,0,0,0,0,0,0,0.0,0.0,0,0,,,2022,2494747.27,1113275.55,6.0759729886907845,46.162712333713095
35265,48914,220701128,20220701,Accident lors d'un dépassement ou lors d'un changement de voie de circulation,Collision lors du changement de voie vers la droite,Conduite - Manque d'égards en changeant de voie,Lancy,Jour,Beau temps,Avec blessés légers,2498859.999,1114407.229,Route sèche,Autoroute,70000.0,Vendredi,0,0,1,0,0,0,0,0,0,0,0,0,1,0,1,0,0.0,0.0,0,0,,,2022,2498860.0,1114407.23,6.1289642088347,46.17352192372329
35266,48915,220825104,20220701,Dérapage ou perte de maîtrise,Collision avec un obstacle hors de la chaussée,Cause inconnue - Cause inconnue,Troinex,Inconnu,Autre,Avec dommages matériels,2500150.484,1113596.71,Autre,Route principale,80000.0,Vendredi,0,0,0,0,0,0,0,0,0,0,0,0,0,0,0,0,0.0,0.0,0,0,,,2022,2500150.48,1113596.71,6.145845033762048,46.16642463373585
35267,48916,221118009,20221117,Dérapage ou perte de maîtrise,"Lors de l'évitement, avec collision",Conduite - Suivre de trop près le véhicule qui précède,Lancy,Nuit,Pluie,Avec dommages matériels,2498846.945,1114772.665,Route mouillée,Route principale,200000.0,Jeudi,0,0,0,0,0,0,0,0,0,0,0,1,1,0,0,0,0.0,0.0,0,0,,,2022,2498846.95,1114772.66,6.128716139376124,46.17680675903278
35268,49100,221205276,20221205,Accident en quittant une route,Collision en obliquant à gauche avec le trafic venant en sens inverse,Conduite - Croisement longitudinal non conforme ou circulation trop à gauche,Genève,Jour,Beau temps,Avec blessés légers,2498290.998,1118673.99,Route sèche,Route principale,130000.0,Lundi,0,0,1,0,0,0,0,1,0,0,0,0,1,0,0,0,0.0,0.0,0,0,,,2022,2498291.0,1118673.99,6.120668094901331,46.21181274035871
35269,49101,220228328,20220228,Accident par tamponnement,Collision avec véhicule à l'arrêt,Inattention et distraction - Manque d'attention momentané,Vernier,Aurore / crépuscule,Beau temps,Avec dommages matériels,2495622.694,1119617.404,Route sèche,Route principale,180000.0,Lundi,0,0,0,0,0,0,0,0,0,0,0,1,0,0,1,0,0.0,0.0,0,0,,,2022,2495622.69,1119617.4,6.08588697889288,46.21988894920993
35270,49102,220616008,20220616,Dérapage ou perte de maîtrise,Collision avec un obstacle sur la chaussée,Etat de la personne - Influence de l'alcool,Genève,Nuit,Beau temps,Avec blessés légers,2500616.387,1117275.677,Route sèche,Route principale,0.0,Jeudi,0,0,1,0,0,0,0,0,0,0,0,0,1,0,0,0,0.0,0.0,0,0,,,2022,2500616.39,1117275.68,6.1510935377533364,46.199583670750535
35271,49103,220530194,20220528,Accident en parquant,Avec violation de l'obligation de déclarer,Cause inconnue - Véhicule stationné (omission de la déclaration obligatoire),Le Grand-Saconnex,Nuit,Beau temps,Avec dommages matériels,2497503.097,1120896.226,Route sèche,Autre,40000.0,Samedi,0,0,0,0,0,0,0,0,0,0,0,0,0,0,0,0,0.0,0.0,0,0,,,2022,2497503.1,1120896.23,6.109971857563052,46.231680577786776
35272,49104,4407,20221017,Accident par tamponnement,Collision avec un véhicule en marche,Inattention et distraction - Manque d'attention momentané,Céligny,Jour,Beau temps,Avec dommages matériels,2503541.756,1135197.025,Route sèche,Autoroute,80000.0,Lundi,0,0,0,0,0,0,0,0,0,0,0,0,1,0,0,0,0.0,0.0,0,0,,,2022,2503541.76,1135197.02,6.185272076262709,46.36120282278709
35273,49105,221026357,20221026,Accident par tamponnement,Collision avec véhicule à l'arrêt,Etat de la personne - Influence de l'alcool,Genève,Nuit,Beau temps,Avec dommages matériels,2498885.178,1117104.546,Route sèche,Route principale,190000.0,Mercredi,0,0,0,0,0,0,0,0,0,0,0,0,2,0,0,0,0.0,0.0,1,0,,,2022,2498885.18,1117104.55,6.128706249990415,46.19778630983246
35274,49106,220806068,20220806,Dérapage ou perte de maîtrise,Collision avec un obstacle hors de la chaussée,"Etat de la personne - Excès de fatigue, endormissement (y compris endormissement passager)",Meyrin,Jour,Beau temps,Avec blessés légers,2495621.613,1120210.194,Route sèche,Route principale,80000.0,Samedi,0,0,1,0,0,0,0,0,0,0,0,0,1,0,0,0,0.0,0.0,0,0,,,2022,2495621.61,1120210.19,6.085740330301624,46.22522049380986
35275,49107,220207295,20220204,Accident en parquant,Avec violation de l'obligation de déclarer,Cause inconnue - Véhicule stationné (omission de la déclaration obligatoire),Laconnex,Inconnu,Autre,Avec dommages matériels,2491690.229,1112581.899,Autre,Route principale,180000.0,Vendredi,0,0,0,0,0,0,0,0,0,0,0,0,0,0,0,0,0.0,0.0,0,0,,,2022,2491690.23,1112581.9,6.036563454550796,46.15598832741738
35276,49108,220902007,20220901,Accident par tamponnement,Collision avec un véhicule en marche,Inattention et distraction - Manque d'attention momentané,Meyrin,Nuit,Beau temps,Avec dommages matériels,2496800.978,1119761.852,Route sèche,Autoroute,230000.0,Jeudi,0,0,0,0,0,0,0,0,0,0,0,0,2,1,0,0,0.0,0.0,0,0,,,2022,2496800.98,1119761.85,6.101123010799892,46.22137014878695
35277,49109,220618021,20220618,Dérapage ou perte de maîtrise,Collision avec un obstacle sur la chaussée,Etat de la personne - Influence de l'alcool,Vandoeuvres,Nuit,Beau temps,Avec blessés graves,2504385.136,1119382.59,Route sèche,Route principale,60000.0,Samedi,0,0,0,1,0,0,0,0,0,0,0,1,0,0,0,0,0.0,0.0,0,0,,,2022,2504385.14,1119382.59,6.199479133110948,46.21908082216307
35278,49110,220622282,20220622,Dérapage ou perte de maîtrise,Collision avec un obstacle en manoeuvrant,Conduite - Marche arrière imprudente,Bardonnex,Jour,Beau temps,Avec dommages matériels,2496262.439,1111695.769,Route sèche,Autre,140000.0,Mercredi,0,0,0,0,0,0,0,0,0,0,0,0,0,0,1,0,0.0,0.0,0,0,,,2022,2496262.44,1111695.77,6.09593605690094,46.148738737031735
35279,49111,221223168,20221223,Dérapage ou perte de maîtrise,Collision avec un obstacle sur la chaussée,Etat de la personne - Influence de l'alcool,Carouge (GE),Jour,Pluie,Avec dommages matériels,2499529.487,1115616.069,Route mouillée,Route principale,170000.0,Vendredi,0,0,0,0,0,0,0,0,0,0,0,1,3,0,0,0,0.0,0.0,0,0,,,2022,2499529.49,1115616.07,6.137371996499049,46.184494992232615
35280,49112,220730001,20220728,Accident par tamponnement,Collision avec véhicule à l'arrêt,Inattention et distraction - Manque d'attention momentané,Genève,Jour,Beau temps,Avec blessés graves,2498791.96,1119285.976,Route sèche,Route principale,180000.0,Jeudi,0,0,0,1,0,0,1,0,0,0,0,0,1,0,0,0,0.0,0.0,0,0,,,2022,2498791.96,1119285.98,6.127025727205433,46.21739281046136
35281,49113,220527003,20220526,Accident en traversant une route,Collision avec le trafic traversant depuis la droite,Priorité - Non-respect de la priorité de droite,Genève,Jour,Beau temps,Avec blessés légers,2500031.29,1116324.677,Route sèche,Route principale,180000.0,Jeudi,0,0,1,0,0,0,0,0,0,0,0,1,1,0,0,0,0.0,0.0,0,0,,,2022,2500031.29,1116324.68,6.1437183438613125,46.19094327502555
35282,49114,220924012,20220923,Accident en quittant une route,Collision en obliquant à droite avec le trafic dans le même sens,Priorité - Non-respect de la priorité de droite,Genève,Jour,Temps couvert,Avec blessés légers,2499325.936,1116647.29,Route sèche,Route principale,170000.0,Vendredi,0,0,1,0,0,0,0,0,0,0,0,1,0,0,0,0,0.0,0.0,0,0,,,2022,2499325.94,1116647.29,6.1345138308646225,46.193739700345866
35283,49115,220926336,20220921,Accident en traversant une route,Collision avec le trafic traversant depuis la gauche,Priorité - Non-respect du signal de priorité «Cédez le passage»,Thônex,Aurore / crépuscule,Beau temps,Avec dommages matériels,2504812.51,1116375.68,Route sèche,Route principale,190000.0,Mercredi,0,0,0,0,0,0,0,0,0,0,0,0,1,1,0,0,0.0,0.0,0,0,,,2022,2504812.51,1116375.68,6.205630224699871,46.192095887404456