,OBJECTID,ID_ACCIDENT,DATE_,GROUPE_ACCIDENT,TYPE,CAUSE,COMMUNE,CONDITIONS_LUMINEUSES,CONDITIONS_METEO,CONSEQUENCES,COOR_X,COOR_Y,ETAT_ROUTE,GENRE_ROUTE,HEURE,JOUR,NB_ENFANTS_IMPLIQUES,NB_ENFANTS_ECOLE,NB_BLESSES_LEGERS,NB_BLESSES_GRAVES,NB_TUES,NB_PIETONS,NB_BICYCLETTES,NB_VAE_25,NB_VAE_45,NB_CYCLOMOTEURS,NB_MOTOS_50,NB_MOTOS,NB_VOITURES_TOURISME,NB_VOITURES_LIVRAISON,NB_CAMIONS,NB_BUS,NB_TRAM,NB_TRAINS,NB_SENIORS,NB_TC,REF_GROUPE_CAUSE,TOTAL_PERSONNES,ANNEE,E,N,LATITUDE,LONGITUDE
35284,49116,221208219,20221126,Accident par tamponnement,Collision avec véhicule à l'arrêt,Inattention et distraction - Manque d'attention momentané,Genève,Jour,Beau temps,Avec dommages matériels,2500519.096,1118311.011,Route sèche,Route principale,160000.0,Samedi,0,0,0,0,0,0,0,0,0,0,0,0,2,0,0,0,0.0,0.0,0,0,,,2022,2500519.1,1118311.01,6.149612659951482,46.208881435341965
35285,49117,221030006,20221029,Accident par tamponnement,Collision avec un véhicule en marche,Conduite - Suivre de trop près le véhicule qui précède,Le Grand-Saconnex,Nuit,Beau temps,Avec blessés graves,2498529.142,1121079.763,Route sèche,Route principale,230000.0,Samedi,0,0,0,1,0,0,0,0,0,0,0,1,0,0,0,0,0.0,0.0,1,0,,,2022,2498529.14,1121079.76,6.123230031637147,46.23348705068889
35286,49118,221221224,20221221,Accident en quittant une route,Collision en obliquant à droite avec le trafic dans le même sens,Priorité - Non-respect de la priorité de droite,Genève,Nuit,Temps couvert,Avec blessés légers,2500442.174,1119003.686,Route humide,Route secondaire,180000.0,Mercredi,0,0,1,0,0,0,0,0,0,0,0,1,1,0,0,0,0.0,0.0,0,0,,,2022,2500442.17,1119003.69,6.148468214483481,46.21510027493102
35287,48516,220530318,20220530,Accident en traversant une route,Collision avec le trafic traversant depuis la droite,Priorité - Non-respect de la priorité de droite,Genève,Jour,Beau temps,Avec blessés légers,2499920.754,1117690.567,Route sèche,Route principale,170000.0,Lundi,0,0,2,0,0,0,0,0,0,0,1,0,1,0,0,0,0.0,0.0,0,0,,,2022,2499920.75,1117690.57,6.1419939372176655,46.20321214461597
35288,48517,220924013,20220924,Dérapage ou perte de maîtrise,Collision avec un obstacle hors de la chaussée,Etat de la personne - Influence de l'alcool,Genève,Aurore / crépuscule,Pluie,Avec dommages matériels,2499863.129,1118280.806,Route mouillée,Route principale,60000.0,Samedi,0,0,0,0,0,0,0,0,0,0,0,0,1,0,0,0,0.0,0.0,0,0,,,2022,2499863.13,1118280.81,6.141120890816547,46.20851239933858
35289,48518,220426385,20220426,Accident lors d'un dépassement ou lors d'un changement de voie de circulation,Collision lors du changement de voie vers la droite,Conduite - Manque d'égards en changeant de voie,Genève,Jour,Beau temps,Avec dommages matériels,2499017.278,1118949.117,Route sèche,Route principale,190000.0,Mardi,0,0,0,0,0,0,0,0,0,0,0,0,2,0,0,0,0.0,0.0,0,0,,,2022,2499017.28,1118949.12,6.130018166037387,46.21439686780302
35290,48519,220923079,20220922,Dérapage ou perte de maîtrise,Collision avec un obstacle hors de la chaussée,Inattention et distraction - Manque d'attention momentané,Genève,Jour,Beau temps,Avec dommages matériels,2500689.134,1118873.789,Route sèche,Route principale,100000.0,Jeudi,0,0,0,0,0,0,0,0,0,0,0,0,0,0,1,0,0.0,0.0,0,0,,,2022,2500689.13,1118873.79,6.151695664143053,46.21396844171843
35291,48520,221003405,20221003,Dérapage ou perte de maîtrise,Collision avec un autre usager de la route,Inattention et distraction - Manque d'attention momentané,Cologny,Jour,Beau temps,Avec blessés légers,2502726.774,1117680.097,Route sèche,Route secondaire,130000.0,Lundi,0,0,3,0,0,0,0,0,0,0,0,1,0,0,0,0,0.0,0.0,0,0,,,2022,2502726.77,1117680.1,6.17834528120061,46.20352987812801
35292,48521,221101002,20221031,Accident impliquant des piétons,Piéton touché par un véhicule venant face à lui sur sa gauche,Inattention et distraction - Manque d'attention momentané,Genève,Aurore / crépuscule,Temps couvert,Avec blessés légers,2500047.734,1117764.018,Route sèche,Route principale,190000.0,Lundi,0,0,1,0,0,1,1,0,0,0,0,0,0,0,0,0,0.0,0.0,0,0,,,2022,2500047.73,1117764.02,6.143623094080174,46.20389167377309
35293,48522,220710041,20220703,Dérapage ou perte de maîtrise,Collision avec un obstacle sur la chaussée,Inattention et distraction - Manque d'attention momentané,Meyrin,Nuit,Beau temps,Avec dommages matériels,2493298.0,1121171.065,Route sèche,Route secondaire,50000.0,Dimanche,0,0,0,0,0,0,0,0,0,0,0,0,1,0,0,0,0.0,0.0,0,0,,,2022,2493298.0,1121171.07,6.055409057807932,46.233497909736855
35294,48523,221220378,20221215,Accident en parquant,Avec violation de l'obligation de déclarer,Cause inconnue - Véhicule stationné (omission de la déclaration obligatoire),Genève,Nuit,Temps couvert,Avec dommages matériels,2499594.516,1116619.935,Route sèche,Route secondaire,190000.0,Jeudi,0,0,0,0,0,0,0,0,0,0,0,0,0,0,0,0,0.0,0.0,0,0,,,2022,2499594.52,1116619.93,6.1379982632386865,46.19353377744647
35295,48524,220616056,20220615,Collision frontale,Frôlement avec le trafic en sens inverse (sans dépassement),Cause inconnue - Cause inconnue,Dardagny,Jour,Beau temps,Avec blessés graves,2489447.281,1115741.645,Route sèche,Route principale,180000.0,Mercredi,0,0,0,1,0,0,0,0,0,0,0,0,1,0,0,0,0.0,0.0,0,0,,,2022,2489447.28,1115741.64,6.006787116389002,46.184042508249725
35296,48525,220505036,20220504,Accident par tamponnement,"Collision avec un véhicule en marche, en reculant",Conduite - Marche arrière imprudente,Genève,Jour,Beau temps,Avec dommages matériels,2500535.253,1118677.99,Route sèche,Route secondaire,140000.0,Mercredi,0,0,0,0,0,0,0,0,0,0,0,0,2,0,0,0,0.0,0.0,0,0,,,2022,2500535.25,1118677.99,6.149743662215606,46.21218458510326
35297,48526,220712233,20220712,Accident en traversant une route,Collision avec le trafic traversant depuis la droite,Signalisation lumineuse - Non-respect d'un feu rouge,Genève,Jour,Beau temps,Avec blessés graves,2500444.723,1116929.34,Route sèche,Route principale,120000.0,Mardi,0,0,0,1,0,0,1,0,0,0,0,0,1,0,0,0,0.0,0.0,1,0,,,2022,2500444.72,1116929.34,6.148943746682407,46.196443157022216
35298,48527,220926367,20220925,Accident par tamponnement,Collision avec véhicule à l'arrêt,Conduite - Suivre de trop près le véhicule qui précède,Genève,Jour,Temps couvert,Avec blessés légers,2498108.727,1119072.514,Route mouillée,Route principale,140000.0,Dimanche,0,0,1,0,0,0,0,0,0,0,0,0,2,0,0,0,0.0,0.0,0,0,,,2022,2498108.73,1119072.51,6.118219598543607,46.215369553156116
35299,48528,221020088,20221020,Accident en quittant une route,Collision en obliquant à gauche avec le trafic venant en sens inverse,Priorité - Priorité en obliquant à gauche devant des véhicules venant en sens inverse,Plan-les-Ouates,Jour,Pluie,Avec blessés légers,2498541.266,1113882.557,Route humide,Route principale,80000.0,Jeudi,0,0,1,0,0,0,0,0,0,0,0,1,1,0,0,0,0.0,0.0,0,0,,,2022,2498541.27,1113882.56,6.1249515939928205,46.168754869773416
35300,48529,220616268,20220616,Accident en quittant une route,Collision en obliquant à gauche avec le trafic venant en sens inverse,Priorité - Priorité en obliquant à gauche devant des véhicules venant en sens inverse,Veyrier,Jour,Beau temps,Avec blessés légers,2502988.258,1114925.226,Route sèche,Route principale,70000.0,Jeudi,0,0,1,0,0,0,1,0,0,0,0,0,0,0,0,0,0.0,0.0,0,0,,,2022,2502988.26,1114925.23,6.182304993708234,46.17878916434468
35301,48530,220820022,20220815,Accident en quittant une route,Collision en obliquant à gauche avec le trafic dans le même sens,Priorité - Autres attitude fautive en lien avec la priorité,Bernex,Jour,Beau temps,Avec dommages matériels,2494928.613,1113783.895,Route sèche,Route principale,170000.0,Lundi,0,0,0,0,0,0,0,0,0,0,0,1,1,0,0,0,0.0,0.0,0,0,,,2022,2494928.61,1113783.89,6.078205999259683,46.167312805589084
35302,48531,220914292,20220913,Accident impliquant des piétons,Piéton touché par un véhicule venant face à lui sur sa droite,Dépassement - En dépassant de trop près (latéral),Carouge (GE),Jour,Beau temps,Avec blessés graves,2498987.129,1116074.645,Route sèche,Route principale,180000.0,Mardi,0,0,0,1,0,1,1,0,0,0,0,0,0,0,0,0,0.0,0.0,0,0,,,2022,2498987.13,1116074.64,6.130249572577786,46.188538273906076
35303,48532,220805141,20220804,Dérapage ou perte de maîtrise,Collision avec un obstacle hors de la chaussée,Inattention et distraction - Manque d'attention momentané,Veyrier,Jour,Beau temps,Avec dommages matériels,2502006.274,1113920.987,Route sèche,Route secondaire,170000.0,Jeudi,0,0,0,0,0,0,0,0,0,0,0,0,1,0,0,0,0.0,0.0,1,0,,,2022,2502006.27,1113920.99,6.169800650545534,46.16961425007374
35304,48533,220109027,20220109,Accident lors d'un dépassement ou lors d'un changement de voie de circulation,Frôlement latéral avec le véhicule dépassé,Dépassement - En dépassant de trop près (latéral),Meyrin,Nuit,Pluie,Avec dommages matériels,2495286.089,1120511.621,Route mouillée,Route secondaire,10000.0,Dimanche,0,0,0,0,0,0,0,0,0,0,0,0,2,0,0,0,0.0,0.0,0,0,,,2022,2495286.09,1120511.62,6.0813246577891595,46.227879433664164
35305,48917,4405,20220402,Accident lors d'un dépassement ou lors d'un changement de voie de circulation,Collision lors du changement de voie vers la gauche,Conduite - Manque d'égards en changeant de voie,Céligny,Jour,Beau temps,Avec blessés légers,2503477.435,1135148.74,Route sèche,Autoroute,170000.0,Samedi,0,0,2,0,0,0,0,0,0,0,0,0,2,0,0,0,0.0,0.0,0,0,,,2022,2503477.43,1135148.74,6.18444636184561,46.360759308347454
35306,48918,220423049,20220205,Accident lors d'un dépassement ou lors d'un changement de voie de circulation,Collision lors du changement de voie vers la droite,Conduite - Manque d'égards en changeant de voie,Genève,Nuit,Temps couvert,Avec dommages matériels,2499197.335,1117282.357,Route sèche,Route principale,200000.0,Samedi,0,0,0,0,0,0,0,0,0,0,0,0,2,0,0,0,0.0,0.0,0,0,,,2022,2499197.34,1117282.36,6.1327111323218215,46.199432472272534
35307,48919,220531405,20220530,Accident lors d'un dépassement ou lors d'un changement de voie de circulation,Autre cas d'accident lors d'un dépassement ou lors d'un changement de voie de circulation,Etat de la personne - Influence de l'alcool,Vernier,Jour,Beau temps,Avec dommages matériels,2495301.565,1119025.096,Route sèche,Route principale,190000.0,Lundi,0,0,0,0,0,0,0,0,0,0,0,1,1,0,0,0,0.0,0.0,0,0,,,2022,2495301.57,1119025.1,6.081858927756444,46.21451169886295
35308,48920,220914046,20220907,Accident par tamponnement,Collision avec un véhicule en marche,Inattention et distraction - Manque d'attention momentané,Carouge (GE),Jour,Beau temps,Avec blessés légers,2499823.263,1115933.376,Route sèche,Route principale,140000.0,Mercredi,1,0,1,0,0,0,0,0,0,0,0,0,1,0,0,1,0.0,0.0,0,1,,,2022,2499823.26,1115933.38,6.141108093227866,46.18739281984964
35309,48921,221225052,20221225,Accident par tamponnement,Collision avec un véhicule en marche,Conduite - Suivre de trop près le véhicule qui précède,Corsier (GE),Jour,Beau temps,Avec blessés légers,2506633.292,1123792.783,Route sèche,Route principale,120000.0,Dimanche,0,0,1,0,0,0,0,0,0,0,0,1,1,0,0,0,0.0,0.0,0,0,,,2022,2506633.29,1123792.78,6.2277270223282715,46.259064564050135
35310,48922,221003070,20220918,Accident en parquant,Autres cas d'accident en parquant,Utilisation du véhicule - Stationnement sans précautions suffisantes,Meyrin,Nuit,Beau temps,Avec dommages matériels,2495068.893,1121563.268,Route sèche,Autre,220000.0,Dimanche,0,0,0,0,0,0,0,0,0,0,0,0,1,0,0,0,0.0,0.0,0,0,,,2022,2495068.89,1121563.27,6.078273165048023,46.23730436170315
35311,48923,220603006,20220602,Accident par tamponnement,Collision avec un véhicule en marche,Inattention et distraction - Manque d'attention momentané,Corsier (GE),Jour,Beau temps,Avec blessés légers,2506943.669,1124184.718,Route sèche,Route principale,80000.0,Jeudi,0,0,1,0,0,0,0,0,0,0,0,1,0,1,0,0,0.0,0.0,0,0,,,2022,2506943.67,1124184.72,6.231673542967342,46.26263297289323
35312,48924,220622245,20220618,Accident en parquant,Collision avec un obstacle fixe (y compris véhicule correctement stationné),Inattention et distraction - Manque d'attention momentané,Genève,Nuit,Beau temps,Avec dommages matériels,2501265.963,1117985.133,Route sèche,Route secondaire,230000.0,Samedi,0,0,0,0,0,0,0,0,0,0,0,0,1,0,0,0,0.0,0.0,0,0,,,2022,2501265.96,1117985.13,6.159357394996433,46.20606046347768
35313,48925,220904013,20220904,Accident par tamponnement,Collision avec un véhicule en marche,Etat de la personne - Influence de l'alcool,Genève,Nuit,Temps couvert,Avec dommages matériels,2499775.804,1116964.932,Route sèche,Route principale,10000.0,Dimanche,0,0,0,0,0,0,0,0,0,0,0,0,2,0,0,0,0.0,0.0,0,0,,,2022,2499775.8,1116964.93,6.140272067686482,46.196663879425266
35314,48926,220729014,20220728,Dérapage ou perte de maîtrise,Sans collision,Inattention et distraction - Manque d'attention momentané,Collex-Bossy,Jour,Beau temps,Avec dommages matériels,2499871.076,1125739.882,Route sèche,Route principale,80000.0,Jeudi,0,0,0,0,0,0,0,0,0,0,0,0,1,0,0,0,0.0,0.0,0,0,,,2022,2499871.08,1125739.88,6.1396214587261,46.275603292188435
35315,48927,220411003,20220411,Dérapage ou perte de maîtrise,Sans collision,Inattention et distraction - Manque d'attention momentané,Satigny,Nuit,Beau temps,Avec blessés graves,2493809.532,1117778.258,Route sèche,Route principale,10000.0,Lundi,0,0,1,1,0,0,0,0,0,0,0,1,0,0,0,0,0.0,0.0,0,0,,,2022,2493809.53,1117778.26,6.062811230615562,46.20306327041735
35316,48928,221025396,20221024,Accident en parquant,Collision avec un obstacle fixe (y compris véhicule correctement stationné),Conduite - Marche arrière imprudente,Genève,Nuit,Pluie,Avec dommages matériels,2501504.402,1116584.932,Route mouillée,Route principale,220000.0,Lundi,0,0,0,0,0,0,0,0,0,0,0,0,1,0,0,0,0.0,0.0,1,0,,,2022,2501504.4,1116584.93,6.162741740501793,46.19350147923745
35317,48929,220726184,20220726,Accident en quittant une route,Collision en obliquant à droite avec le trafic dans le même sens,Inattention et distraction - Manque d'attention momentané,Genève,Jour,Beau temps,Avec blessés légers,2501438.652,1117306.621,Route sèche,Route principale,90000.0,Mardi,0,0,1,0,0,0,0,0,0,0,0,0,1,0,0,0,0.0,0.0,0,0,,,2022,2501438.65,1117306.62,6.1617378081757375,46.19998301369834
35318,48930,220721307,20220721,Dérapage ou perte de maîtrise,Sans collision,Inattention et distraction - Manque d'attention momentané,Versoix,Jour,Beau temps,Avec blessés graves,2501908.742,1126472.226,Route sèche,Route principale,180000.0,Jeudi,0,0,0,1,0,0,0,0,1,0,0,0,0,0,0,0,0.0,0.0,0,0,,,2022,2501908.74,1126472.23,6.165898029815499,46.28249119456057
35319,48931,220712181,20220708,Accident par tamponnement,Collision avec véhicule à l'arrêt,Conduite - Marche arrière imprudente,Genève,Jour,Autre,Avec dommages matériels,2500577.296,1117606.863,Autre,Route principale,150000.0,Vendredi,0,0,0,0,0,0,0,0,0,0,0,0,2,0,0,0,0.0,0.0,0,0,,,2022,2500577.3,1117606.86,6.1505166629217625,46.20255665053793
35320,48932,220917028,20220917,Dérapage ou perte de maîtrise,Collision avec un obstacle sur la chaussée,"Vitesse - Inadaptée au tracé de la route (virage serré, proximité d'une intersection, etc.)",Lancy,Jour,Beau temps,Avec blessés légers,2498487.789,1116748.582,Route sèche,Route principale,70000.0,Samedi,0,0,2,0,0,0,0,0,0,0,0,0,1,0,0,0,0.0,0.0,0,0,,,2022,2498487.79,1116748.58,6.123636433137024,46.19452471229818
35321,48933,220725114,20220725,Dérapage ou perte de maîtrise,Sans collision,Etat de l'infrastructure - Passage des rails à angle aigu pour les conducteurs des véhicules à deux roues,Genève,Jour,Beau temps,Avec blessés légers,2499982.793,1118009.055,Route sèche,Route secondaire,80000.0,Lundi,0,0,1,0,0,0,1,0,0,0,0,0,0,0,0,0,0.0,0.0,0,0,,,2022,2499982.79,1118009.05,6.142729347838004,46.20608590515153
35322,48934,220319027,20220319,Dérapage ou perte de maîtrise,Collision avec un obstacle sur la chaussée,"Etat de la personne - Excès de fatigue, endormissement (y compris endormissement passager)",Meyrin,Jour,Beau temps,Avec dommages matériels,2493297.409,1121172.952,Route sèche,Route principale,80000.0,Samedi,0,0,0,0,0,0,0,0,0,0,0,0,1,0,0,0,0.0,0.0,0,0,,,2022,2493297.41,1121172.95,6.055400980660527,46.23351472515773
35323,49119,221214132,20221211,Dérapage ou perte de maîtrise,Collision avec un obstacle en manoeuvrant,Conduite - Marche arrière imprudente,Genève,Jour,Beau temps,Avec dommages matériels,2500306.115,1118795.374,Route sèche,Route principale,150000.0,Dimanche,0,0,0,0,0,0,0,0,0,0,0,0,1,1,0,0,0.0,0.0,0,0,,,2022,2500306.11,1118795.37,6.146749834365348,46.21320639630868
35324,49120,220408165,20220408,Accident impliquant des animaux,Collision avec du gibier (G),Influence de tiers - Présence d'animaux sauvages sur la chaussée,Avusy,Jour,Pluie,Avec blessés légers,2489091.724,1112668.975,Route mouillée,Route principale,100000.0,Vendredi,0,0,1,0,0,0,0,0,0,0,0,1,0,0,0,0,0.0,0.0,0,0,,,2022,2489091.72,1112668.98,6.002912177197827,46.15634822636474
35325,49121,221115248,20221114,Accident en parquant,Avec violation de l'obligation de déclarer,Cause inconnue - Véhicule stationné (omission de la déclaration obligatoire),Vernier,Inconnu,Autre,Avec dommages matériels,2495171.052,1118681.762,Autre,Route principale,90000.0,Lundi,0,0,0,0,0,0,0,0,0,0,0,0,0,0,0,0,0.0,0.0,0,0,,,2022,2495171.05,1118681.76,6.080244993559114,46.21140326727551
35326,49122,220511283,20220511,Accident lors d'un dépassement ou lors d'un changement de voie de circulation,Collision lors du changement de voie vers la gauche,Conduite - Manque d'égards en changeant de voie,Genève,Jour,Beau temps,Avec blessés légers,2498833.661,1117170.71,Route sèche,Route principale,140000.0,Mercredi,0,0,1,0,0,0,0,0,0,0,0,1,0,1,0,0,0.0,0.0,1,0,,,2022,2498833.66,1117170.71,6.128024596633195,46.19837362459977
35327,49123,220329161,20220326,Accident lors d'un dépassement ou lors d'un changement de voie de circulation,Collision lors du changement de voie vers la droite,Inattention et distraction - Manque d'attention momentané,Onex,Nuit,Beau temps,Avec dommages matériels,2496623.968,1116156.032,Route humide,Route principale,220000.0,Samedi,0,0,0,0,0,0,0,0,0,0,0,0,1,0,0,1,0.0,0.0,0,1,,,2022,2496623.97,1116156.03,6.099627955124945,46.18891116220986
35328,49124,221207136,20221207,Accident lors d'un dépassement ou lors d'un changement de voie de circulation,Collision lors du changement de voie vers la gauche,Conduite - Manque d'égards en changeant de voie,Vernier,Jour,Temps couvert,Avec dommages matériels,2497003.321,1118821.103,Route sèche,Route principale,90000.0,Mercredi,0,0,0,0,0,0,0,0,0,0,0,0,2,0,0,0,0.0,0.0,0,0,,,2022,2497003.32,1118821.1,6.103952650230157,46.21293980202961
35329,49125,220524259,20220524,Dérapage ou perte de maîtrise,"Lors de l'évitement, sans collision",Utilisation du véhicule - Ouverture imprudente de la portière,Plan-les-Ouates,Jour,Beau temps,Avec blessés légers,2498123.807,1113945.652,Route sèche,Route principale,140000.0,Mardi,0,0,1,0,0,0,1,0,0,0,0,0,1,1,0,0,0.0,0.0,0,0,,,2022,2498123.81,1113945.65,6.119533554224506,46.16925922404881
35330,49126,220910100,20220909,Dérapage ou perte de maîtrise,Sans collision,Etat de la personne - Influence de l'alcool,Genève,Jour,Beau temps,Avec blessés légers,2500426.484,1120071.29,Route sèche,Route principale,160000.0,Vendredi,0,0,1,0,0,0,1,0,0,0,0,0,0,0,0,0,0.0,0.0,0,0,,,2022,2500426.48,1120071.29,6.14803702754931,46.22470035761613
35331,49127,221208221,20221208,Accident lors d'un dépassement ou lors d'un changement de voie de circulation,Collision lors du changement de voie vers la gauche,Conduite - Manque d'égards en changeant de voie,Carouge (GE),Jour,Temps couvert,Avec blessés légers,2500167.407,1115564.793,Route sèche,Route secondaire,160000.0,Jeudi,0,0,1,0,0,0,0,0,0,0,0,1,1,0,0,0,0.0,0.0,1,0,,,2022,2500167.41,1115564.79,6.145643671852893,46.184128769883884
35332,49128,220721186,20220721,Dérapage ou perte de maîtrise,Collision avec un obstacle hors de la chaussée,"Etat de la personne - Excès de fatigue, endormissement (y compris endormissement passager)",Versoix,Jour,Beau temps,Avec dommages matériels,2500403.284,1127442.429,Route sèche,Autoroute,90000.0,Jeudi,0,0,0,0,0,0,0,0,0,0,0,0,1,0,0,0,0.0,0.0,0,0,,,2022,2500403.28,1127442.43,6.146160342973692,46.290995879396824
35333,49129,220616210,20220616,Dérapage ou perte de maîtrise,Sans collision,Inattention et distraction - Manque d'attention momentané,Carouge (GE),Jour,Beau temps,Avec blessés légers,2499540.701,1115755.357,Route sèche,Route principale,140000.0,Jeudi,0,0,1,0,0,0,0,0,0,0,0,0,0,0,0,0,0.0,0.0,0,0,,,2022,2499540.7,1115755.36,6.137487199799254,46.18574949017116
35334,49130,220409014,20220409,Dérapage ou perte de maîtrise,Collision avec un obstacle hors de la chaussée,Etat de la personne - Influence de l'alcool,Genève,Nuit,Pluie,Avec dommages matériels,2501535.132,1118169.726,Route mouillée,Route principale,20000.0,Samedi,0,0,0,0,0,0,0,0,0,0,0,0,1,0,0,0,0.0,0.0,0,0,,,2022,2501535.13,1118169.73,6.16280544343398,46.20776031484563
35335,49131,220906008,20220905,Accident par tamponnement,Collision avec un véhicule en marche,Inattention et distraction - Manque d'attention momentané,Le Grand-Saconnex,Jour,Beau temps,Avec dommages matériels,2497660.707,1120898.091,Route sèche,Autoroute,170000.0,Lundi,0,0,0,0,0,0,0,0,0,0,0,0,2,0,0,0,0.0,0.0,0,0,,,2022,2497660.71,1120898.09,6.112014167924406,46.231721332328554
35336,49132,220517345,20220430,Accident impliquant des piétons,Piéton traversant la chaussée touché par un véhicule circulant en ligne droite,Inattention et distraction - Manque d'attention momentané,Vernier,Jour,Beau temps,Avec dommages matériels,2495430.773,1119240.538,Route sèche,Autre,150000.0,Samedi,0,0,0,0,0,1,0,0,0,0,0,0,1,0,0,0,0.0,0.0,1,0,,,2022,2495430.77,1119240.54,6.083484610814442,46.216469536365025
35337,49133,220407191,20220327,Dérapage ou perte de maîtrise,Collision avec un obstacle hors de la chaussée,Inattention et distraction - Manque d'attention momentané,Genève,Jour,Beau temps,Avec dommages matériels,2498607.612,1118427.751,Route sèche,Route secondaire,160000.0,Dimanche,0,0,0,0,0,0,0,0,0,0,0,0,1,0,0,0,0.0,0.0,0,0,,,2022,2498607.61,1118427.75,6.124823565915486,46.209645810738934
35338,49134,220920352,20220920,Accident par tamponnement,Collision avec un véhicule en marche,Conduite - Suivre de trop près le véhicule qui précède,Vernier,Jour,Beau temps,Avec dommages matériels,2496061.481,1119010.477,Route sèche,Autoroute,180000.0,Mardi,0,0,0,0,0,0,0,0,0,0,0,0,2,0,0,0,0.0,0.0,0,0,,,2022,2496061.48,1119010.48,6.091707917116785,46.21449814944676
35339,49135,220430020,20220429,Accident par tamponnement,Collision avec véhicule à l'arrêt,Conduite - Suivre de trop près le véhicule qui précède,Satigny,Jour,Beau temps,Avec dommages matériels,2494087.419,1119297.064,Route sèche,Route principale,120000.0,Vendredi,0,0,0,0,0,0,0,0,0,0,0,0,1,2,0,0,0.0,0.0,0,0,,,2022,2494087.42,1119297.06,6.066066210950055,46.216767537337994
35340,49136,221025115,20221011,Accident en parquant,Collision avec un obstacle fixe (y compris véhicule correctement stationné),Cause inconnue - Véhicule stationné (omission de la déclaration obligatoire),Genève,Inconnu,Beau temps,Avec dommages matériels,2500959.716,1117286.713,Route sèche,Route principale,0.0,Mardi,0,0,0,0,0,0,0,0,0,0,0,0,1,0,0,0,0.0,0.0,0,0,,,2022,2500959.72,1117286.71,6.155538374294706,46.19973354735071
35341,48534,221115161,20221115,Accident par tamponnement,Collision avec véhicule à l'arrêt,Inattention et distraction - Manque d'attention momentané,Genève,Jour,Temps couvert,Avec dommages matériels,2499754.023,1118633.995,Route mouillée,Route principale,70000.0,Mardi,0,0,0,0,0,0,0,0,0,0,0,1,1,0,0,0,0.0,0.0,0,0,,,2022,2499754.02,1118634.0,6.139631479042876,46.21167285581412
35342,48535,220812203,20220812,Accident en quittant une route,"Collision en obliquant à droite avec les usagers d'une voie séparée, d'une piste séparée, d'une piste cyclable/voie piétonne séparée, des rails de tramway",Priorité - Autres attitude fautive en lien avec la priorité,Genève,Jour,Beau temps,Avec blessés légers,2502162.919,1116674.466,Route sèche,Route principale,140000.0,Vendredi,0,0,1,0,0,0,0,0,0,0,0,1,0,0,0,0,0.0,0.0,0,0,,,2022,2502162.92,1116674.47,6.171251906534472,46.19440298944315
35343,48536,221122250,20221122,Accident en quittant une route,Collision en obliquant à gauche avec le trafic venant en sens inverse,Priorité - Priorité en obliquant à gauche devant des véhicules venant en sens inverse,Genève,Jour,Temps couvert,Avec blessés graves,2501205.767,1117112.719,Route humide,Route principale,80000.0,Mardi,0,0,0,1,0,0,0,1,0,0,0,1,0,0,0,0,0.0,0.0,0,0,,,2022,2501205.77,1117112.72,6.158762309730033,46.1982048164129
35344,48537,220205053,20220131,Accident en traversant une route,Collision avec le trafic traversant depuis la droite,Priorité - Non-respect de la priorité de droite,Genève,Aurore / crépuscule,Temps couvert,Avec dommages matériels,2498547.344,1118447.476,Route sèche,Route secondaire,180000.0,Lundi,0,0,0,0,0,0,0,0,0,0,0,0,1,1,0,0,0.0,0.0,0,0,,,2022,2498547.34,1118447.48,6.124038455863045,46.20981417470527
35345,48538,221126026,20221126,Dérapage ou perte de maîtrise,Collision avec un obstacle sur la chaussée,Etat de la personne - Influence de l'alcool,Genève,Nuit,Temps couvert,Avec dommages matériels,2500388.667,1117188.043,Route sèche,Route secondaire,50000.0,Samedi,0,0,0,0,0,0,0,0,0,0,0,0,1,0,0,0,0.0,0.0,0,0,,,2022,2500388.67,1117188.04,6.148162570750322,46.198761700077114
35346,48539,221103005,20221102,Accident impliquant des piétons,Piéton traversant la chaussée touché par un véhicule circulant en ligne droite,Priorité - Ne pas accorder la priorité à un passage pour piétons,Genève,Nuit,Beau temps,Avec blessés légers,2500718.445,1117519.864,Route sèche,Route secondaire,220000.0,Mercredi,0,0,2,0,0,1,1,0,0,0,0,0,0,0,0,0,0.0,0.0,0,0,,,2022,2500718.45,1117519.86,6.152363592159813,46.20179500025201
35347,48540,221219403,20221201,Accident lors d'un dépassement ou lors d'un changement de voie de circulation,Collision lors du changement de voie vers la gauche,Conduite - Manque d'égards en changeant de voie,Genève,Jour,Beau temps,Avec dommages matériels,2500167.613,1118221.742,Route sèche,Route principale,70000.0,Jeudi,0,0,0,0,0,0,0,0,0,0,0,2,0,0,0,0,0.0,0.0,0,0,,,2022,2500167.61,1118221.74,6.1450781160157675,46.2080263935885
35348,48541,220123058,20220122,Accident en parquant,Collision avec un obstacle fixe (y compris véhicule correctement stationné),Cause inconnue - Cause inconnue,Choulex,Inconnu,Autre,Avec dommages matériels,2506284.96,1120399.051,Autre,Route principale,200000.0,Samedi,0,0,0,0,0,0,0,0,0,0,0,0,0,0,0,0,0.0,0.0,0,0,,,2022,2506284.96,1120399.05,6.223892533261105,46.22849102801386