,OBJECTID,ID_ACCIDENT,DATE_,GROUPE_ACCIDENT,TYPE,CAUSE,COMMUNE,CONDITIONS_LUMINEUSES,CONDITIONS_METEO,CONSEQUENCES,COOR_X,COOR_Y,ETAT_ROUTE,GENRE_ROUTE,HEURE,JOUR,NB_ENFANTS_IMPLIQUES,NB_ENFANTS_ECOLE,NB_BLESSES_LEGERS,NB_BLESSES_GRAVES,NB_TUES,NB_PIETONS,NB_BICYCLETTES,NB_VAE_25,NB_VAE_45,NB_CYCLOMOTEURS,NB_MOTOS_50,NB_MOTOS,NB_VOITURES_TOURISME,NB_VOITURES_LIVRAISON,NB_CAMIONS,NB_BUS,NB_TRAM,NB_TRAINS,NB_SENIORS,NB_TC,REF_GROUPE_CAUSE,TOTAL_PERSONNES,ANNEE,E,N,LATITUDE,LONGITUDE
35349,48542,220927082,20220927,Accident impliquant des piétons,Piéton traversant la chaussée touché par un véhicule circulant en ligne droite,Inattention et distraction - Manque d'attention momentané,Genève,Jour,Pluie,Avec blessés légers,2501208.313,1117974.44,Route mouillée,Route principale,80000.0,Mardi,0,0,2,0,0,1,0,0,0,0,0,1,0,0,0,0,0.0,0.0,0,0,,,2022,2501208.31,1117974.44,6.158612824222272,46.20595584286914
35350,48543,220506241,20220213,Accident par tamponnement,Collision avec véhicule à l'arrêt,Inattention et distraction - Manque d'attention momentané,Lancy,Nuit,Beau temps,Avec blessés légers,2497598.442,1116523.712,Route sèche,Route principale,0.0,Dimanche,0,0,1,0,0,0,0,0,0,0,0,0,2,0,0,0,0.0,0.0,0,0,,,2022,2497598.44,1116523.71,6.112167114313678,46.192367296929085
35351,48544,221218052,20221217,Accident lors d'un dépassement ou lors d'un changement de voie de circulation,Collision lors du changement de voie vers la droite,Conduite - Manque d'égards en changeant de voie,Lancy,Jour,Temps couvert,Avec dommages matériels,2498718.842,1114360.284,Route sèche,Route principale,120000.0,Samedi,1,0,0,0,0,0,0,0,0,0,0,0,2,0,0,0,0.0,0.0,0,0,,,2022,2498718.84,1114360.28,6.127146816103846,46.17307839858347
35352,48545,220916212,20220916,Accident en quittant une route,Collision en obliquant à gauche avec le trafic dans le même sens,Priorité - Autres attitude fautive en lien avec la priorité,Meyrin,Jour,Beau temps,Avec blessés graves,2495349.387,1119751.234,Route sèche,Route principale,160000.0,Vendredi,0,0,0,1,0,0,0,0,0,0,0,1,1,0,0,0,0.0,0.0,0,0,,,2022,2495349.39,1119751.23,6.082315615630517,46.2210501482407
35353,48546,220916097,20220916,Accident en parquant,Avec violation de l'obligation de déclarer,Cause inconnue - Véhicule stationné (omission de la déclaration obligatoire),Carouge (GE),Jour,Temps couvert,Avec dommages matériels,2499296.0,1115610.0,Route sèche,Autre,90000.0,Vendredi,0,0,0,0,0,0,0,0,0,0,0,0,0,0,0,0,0.0,0.0,0,0,,,2022,2499296.0,1115610.0,6.134349744789507,46.184405470557074
35354,48547,220411255,20220411,Accident en quittant une route,Collision en obliquant à droite avec le trafic dans le même sens,Priorité - Non-respect de la priorité de droite,Genève,Jour,Beau temps,Avec blessés légers,2499137.898,1116180.633,Route sèche,Route principale,120000.0,Lundi,0,0,1,0,0,0,0,0,1,0,0,0,1,0,0,0,0.0,0.0,0,0,,,2022,2499137.9,1116180.63,6.132179209029336,46.189514216997814
35355,48548,220919320,20220919,Dérapage ou perte de maîtrise,Sans collision,Inattention et distraction - Manque d'attention momentané,Choulex,Aurore / crépuscule,Beau temps,Avec dommages matériels,2505722.049,1118422.355,Route sèche,Route principale,190000.0,Lundi,0,0,0,0,0,0,0,0,0,0,0,0,1,0,0,0,0.0,0.0,0,0,,,2022,2505722.05,1118422.36,6.216996685237985,46.21063291592864
35356,48549,220825012,20220824,Dérapage ou perte de maîtrise,Collision avec un obstacle hors de la chaussée,Inattention et distraction - Manque d'attention momentané,Plan-les-Ouates,Nuit,Beau temps,Avec blessés légers,2497157.955,1113207.016,Route sèche,Autoroute,220000.0,Mercredi,0,0,1,0,0,0,0,0,0,0,0,0,1,0,0,0,0.0,0.0,0,0,,,2022,2497157.95,1113207.02,6.107192318630664,46.16246879897732
35357,48550,221110020,20221109,Accident lors d'un dépassement ou lors d'un changement de voie de circulation,Collision lors du changement de voie vers la droite,Conduite - Manque d'égards en changeant de voie,Genève,Jour,Pluie,Avec blessés légers,2499903.721,1116702.241,Route mouillée,Route secondaire,160000.0,Mercredi,0,0,1,0,0,0,0,0,0,0,0,1,1,0,0,0,0.0,0.0,0,0,,,2022,2499903.72,1116702.24,6.1419852497394585,46.19432020748672
35358,48935,220419002,20220418,Dérapage ou perte de maîtrise,Collision avec un obstacle hors de la chaussée,Inattention et distraction - Manque d'expérience pratique de la conduite,Vernier,Jour,Beau temps,Avec blessés légers,2495565.387,1119631.258,Route sèche,Autre,180000.0,Lundi,0,0,1,0,0,0,0,0,0,0,0,0,1,0,0,0,0.0,0.0,0,0,,,2022,2495565.39,1119631.26,6.085141399332153,46.22000470779377
35359,48936,220503010,20220502,Dérapage ou perte de maîtrise,Sans collision,Inattention et distraction - Manque d'attention momentané,Genève,Jour,Beau temps,Avec blessés légers,2502114.871,1117643.597,Route sèche,Route principale,200000.0,Lundi,0,0,1,0,0,0,0,0,0,0,0,0,0,0,0,0,0.0,0.0,0,0,,,2022,2502114.87,1117643.6,6.170426355260652,46.20311275660234
35360,48937,221110298,20221110,Accident par tamponnement,Collision avec véhicule à l'arrêt,Inattention et distraction - Manque d'attention momentané,Lancy,Jour,Temps couvert,Avec dommages matériels,2498212.998,1115494.232,Route sèche,Route principale,160000.0,Jeudi,0,0,0,0,0,0,1,0,0,0,0,1,0,0,0,0,0.0,0.0,0,0,,,2022,2498213.0,1115494.23,6.120350814323604,46.18320114178246
35361,48938,221218006,20221217,Accident impliquant des piétons,Autre cas d'accident impliquant des piétons,Priorité - Refus d'accorder la priorité au trafic du trottoir (traversée du trottoir),Genève,Nuit,Temps couvert,Avec blessés graves,2499086.726,1117577.774,Route humide,Route secondaire,210000.0,Samedi,0,0,0,1,0,1,0,0,0,0,0,0,1,0,0,0,0.0,0.0,0,0,,,2022,2499086.73,1117577.77,6.131214541835691,46.20207289789348
35362,48939,220617188,20220617,Dérapage ou perte de maîtrise,Sans collision,Etat de la personne - Influence de l'alcool,Genève,Jour,Beau temps,Avec blessés graves,2502296.149,1117282.409,Route sèche,Route principale,180000.0,Vendredi,0,0,0,1,0,0,0,0,0,0,0,1,0,0,0,0,0.0,0.0,1,0,,,2022,2502296.15,1117282.41,6.172850252095577,46.199890433432856
35363,48940,220117339,20220117,Accident par tamponnement,Collision avec véhicule à l'arrêt,Conduite - Marche arrière imprudente,Genève,Jour,Beau temps,Avec dommages matériels,2501204.387,1117827.269,Route sèche,Route secondaire,100000.0,Lundi,0,0,0,0,0,0,0,0,0,0,0,2,1,0,0,0,0.0,0.0,0,0,,,2022,2501204.39,1117827.27,6.158593196061199,46.20463156090343
35364,48941,220208020,20220120,Collision frontale,Frôlement avec le trafic en sens inverse (sans dépassement),Conduite - Croisement longitudinal non conforme ou circulation trop à gauche,Satigny,Jour,Beau temps,Avec dommages matériels,2491704.419,1117744.484,Route sèche,Route principale,110000.0,Jeudi,0,0,0,0,0,0,0,0,0,0,0,0,2,0,0,0,0.0,0.0,1,0,,,2022,2491704.42,1117744.48,6.035550400160955,46.20242362848151
35365,48942,220909019,20220904,Dérapage ou perte de maîtrise,Collision avec un obstacle hors de la chaussée,Etat de la personne - Influence de l'alcool,Thônex,Nuit,Pluie,Avec dommages matériels,2504585.366,1116451.268,Route humide,Route principale,20000.0,Dimanche,0,0,0,0,0,0,0,0,0,0,0,0,1,0,0,0,0.0,0.0,0,0,,,2022,2504585.37,1116451.27,6.20267299449715,46.192743583262796
35366,48943,221004033,20221003,Accident en parquant,Avec violation de l'obligation de déclarer,Cause inconnue - Véhicule stationné (omission de la déclaration obligatoire),Genève,Nuit,Beau temps,Avec dommages matériels,2499112.849,1118776.06,Route sèche,Route secondaire,60000.0,Lundi,0,0,0,0,0,0,0,0,0,0,0,0,0,0,0,0,0.0,0.0,0,0,,,2022,2499112.85,1118776.06,6.131293842086739,46.212854657977495
35367,48944,220711243,20220711,Accident par tamponnement,Collision avec un véhicule en marche,Conduite - Suivre de trop près le véhicule qui précède,Confignon,Jour,Beau temps,Avec blessés légers,2495983.556,1114249.314,Route sèche,Autoroute,80000.0,Lundi,0,0,2,0,0,0,0,0,0,0,0,0,3,1,0,0,0.0,0.0,0,0,,,2022,2495983.56,1114249.31,6.091758969458633,46.17166286532066
35368,48945,220617167,20220617,Accident impliquant des piétons,Autre cas d'accident impliquant des piétons,Comportement du cycliste ou du cyclomotoriste - Circuler le long du trottoir ou de la voie piétonne malgré l'interdiction,Genève,Jour,Beau temps,Avec blessés légers,2499934.974,1117265.351,Route sèche,Route principale,150000.0,Vendredi,0,0,1,0,0,1,0,0,1,0,0,0,0,0,0,0,0.0,0.0,0,0,,,2022,2499934.97,1117265.35,6.142269297115257,46.199389676537024
35369,48946,220921017,20220921,Dérapage ou perte de maîtrise,Collision avec un obstacle hors de la chaussée,Etat de la personne - Influence de l'alcool,Genève,Nuit,Beau temps,Avec dommages matériels,2500764.004,1118614.24,Route sèche,Route principale,30000.0,Mercredi,0,0,0,0,0,0,0,0,0,0,0,0,1,0,0,0,0.0,0.0,0,0,,,2022,2500764.0,1118614.24,6.1527209190407905,46.21164500624487
35370,48947,221203066,20221123,Accident en traversant une route,Collision avec le trafic traversant depuis la gauche,Priorité - Non-respect du signal de priorité «Cédez le passage»,Satigny,Jour,Pluie,Avec dommages matériels,2491749.721,1119370.245,Route mouillée,Route principale,150000.0,Mercredi,0,0,0,0,0,0,0,0,0,0,0,0,2,0,0,0,0.0,0.0,0,0,,,2022,2491749.72,1119370.25,6.035760066992685,46.21705336577618
35371,48948,221010102,20221005,Accident lors d'un dépassement ou lors d'un changement de voie de circulation,Frôlement latéral avec le véhicule dépassé,Dépassement - En dépassant de trop près (latéral),Genève,Nuit,Temps couvert,Avec blessés légers,2499951.927,1116773.976,Route humide,Route secondaire,220000.0,Mercredi,0,0,1,0,0,0,0,0,0,0,0,1,2,0,0,0,0.0,0.0,0,0,,,2022,2499951.93,1116773.98,6.142594282339058,46.19497263900421
35372,48949,220809163,20220806,Dérapage ou perte de maîtrise,Collision avec un obstacle hors de la chaussée,Inattention et distraction - Manque d'attention momentané,Chêne-Bougeries,Nuit,Beau temps,Avec dommages matériels,2503696.516,1117325.968,Route sèche,Route secondaire,200000.0,Samedi,0,0,0,0,0,0,0,0,0,0,0,0,0,0,0,0,0.0,0.0,0,0,,,2022,2503696.52,1117325.97,6.190980586111653,46.20048430289128
35373,48950,221106025,20221106,Accident en parquant,Collision avec un obstacle fixe (y compris véhicule correctement stationné),Conduite - Marche arrière imprudente,Genève,Jour,Beau temps,Avec dommages matériels,2500702.234,1118688.452,Route sèche,Route secondaire,80000.0,Dimanche,0,0,0,0,0,0,0,0,0,0,0,0,1,0,0,0,0.0,0.0,0,0,,,2022,2500702.23,1118688.45,6.1519048385005,46.212303356926355
35374,48951,221108243,20221108,Accident en s'engageant sur une route,Collision en obliquant à gauche avec le trafic venant de gauche,Priorité - Non-respect du signal de priorité «Stop»,Genève,Jour,Beau temps,Avec dommages matériels,2500034.014,1116648.206,Route sèche,Route principale,110000.0,Mardi,0,0,0,0,0,0,0,1,0,0,0,0,1,0,0,0,1.0,0.0,0,1,,,2022,2500034.01,1116648.21,6.143684305680246,46.19385362674474
35375,48952,221020276,20221019,Accident en parquant,Collision avec un obstacle fixe (y compris véhicule correctement stationné),Conduite - Marche arrière imprudente,Genève,Jour,Beau temps,Avec dommages matériels,2500990.433,1116491.228,Route sèche,Route secondaire,120000.0,Mercredi,0,0,0,0,0,0,0,0,0,0,0,0,1,0,0,0,0.0,0.0,0,0,,,2022,2500990.43,1116491.23,6.156104864283567,46.19258321287243
35376,49137,220830006,20220829,Dérapage ou perte de maîtrise,Collision avec un obstacle sur la chaussée,Etat de la personne - Influence de l'alcool,Genève,Nuit,Beau temps,Avec blessés légers,2500186.802,1116301.862,Route sèche,Route secondaire,220000.0,Lundi,0,0,1,0,0,0,0,1,0,0,0,0,0,0,0,0,0.0,0.0,0,0,,,2022,2500186.8,1116301.86,6.145737229509169,46.19076112690835
35377,48551,221210077,20221210,Accident lors d'un dépassement ou lors d'un changement de voie de circulation,Frôlement latéral avec le véhicule dépassé,Dépassement - En dépassant de trop près (latéral),Genève,Nuit,Temps couvert,Avec dommages matériels,2500505.816,1117165.807,Route sèche,Route principale,180000.0,Samedi,0,0,0,0,0,0,0,0,0,0,0,0,2,0,0,0,0.0,0.0,0,0,,,2022,2500505.82,1117165.81,6.149684735760591,46.19857910301562
35378,48552,220325229,20220325,Accident par tamponnement,"Collision avec véhicule à l'arrêt, en reculant",Conduite - Marche arrière imprudente,Onex,Jour,Beau temps,Avec dommages matériels,2496875.0,1115714.774,Route sèche,Autre,150000.0,Vendredi,0,0,0,0,0,0,0,0,0,0,0,0,3,0,0,0,0.0,0.0,1,0,,,2022,2496875.0,1115714.77,6.102976323750867,46.184980889790104
35379,48553,221119018,20221109,Dérapage ou perte de maîtrise,Collision avec un obstacle hors de la chaussée,"Vitesse - Inadaptée au tracé de la route (virage serré, proximité d'une intersection, etc.)",Satigny,Nuit,Temps couvert,Avec dommages matériels,2493338.572,1119367.976,Route humide,Route principale,230000.0,Mercredi,0,0,0,0,0,0,0,0,0,0,0,0,1,0,0,0,0.0,0.0,0,0,,,2022,2493338.57,1119367.98,6.0563472362215585,46.21728698006748
35380,48554,220814054,20220721,Accident impliquant des piétons,Piéton traversant la chaussée touché par un véhicule circulant en ligne droite,Priorité - Ne pas accorder la priorité à un passage pour piétons,Plan-les-Ouates,Jour,Beau temps,Avec blessés graves,2498197.372,1113995.8,Route sèche,Route principale,100000.0,Jeudi,0,0,0,1,0,1,1,0,0,0,0,0,0,0,0,0,0.0,0.0,1,0,,,2022,2498197.37,1113995.8,6.120474919845935,46.16972142579829
35381,48555,221115144,20221104,Accident lors d'un dépassement ou lors d'un changement de voie de circulation,Collision lors du changement de voie vers la droite,Conduite - Manque d'égards en changeant de voie,Cologny,Nuit,Temps couvert,Avec dommages matériels,2502343.14,1118743.22,Route sèche,Route principale,180000.0,Vendredi,0,0,0,0,0,0,0,0,0,0,0,0,2,0,0,0,0.0,0.0,0,0,,,2022,2502343.14,1118743.22,6.173153237644827,46.21303641084688
35382,48556,220824317,20220824,Accident par tamponnement,Collision avec un véhicule en marche,Inattention et distraction - Manque d'attention momentané,Versoix,Jour,Beau temps,Avec blessés graves,2502015.799,1125544.278,Route sèche,Route principale,160000.0,Mercredi,0,0,0,1,0,0,1,0,0,0,0,0,1,0,0,0,0.0,0.0,0,0,,,2022,2502015.8,1125544.28,6.167482246578188,46.274160439610576
35383,48557,220601199,20220528,Accident par tamponnement,Collision avec véhicule à l'arrêt,Etat de la personne - Influence de l'alcool,Genève,Aurore / crépuscule,Beau temps,Avec dommages matériels,2499924.576,1117194.317,Route sèche,Route principale,210000.0,Samedi,0,0,0,0,0,0,0,0,0,0,0,0,2,0,0,0,0.0,0.0,0,0,,,2022,2499924.58,1117194.32,6.142149942818979,46.198749260092335
35384,48558,220616267,20220616,Accident lors d'un dépassement ou lors d'un changement de voie de circulation,Collision lors du changement de voie vers la gauche,Priorité - Non-respect du signal de priorité «Cédez le passage»,Plan-les-Ouates,Jour,Beau temps,Avec dommages matériels,2498738.999,1113673.477,Route sèche,Autoroute,170000.0,Jeudi,0,0,0,0,0,0,0,0,0,0,0,0,2,0,0,0,0.0,0.0,0,0,,,2022,2498739.0,1113673.48,6.127556640546075,46.16690413208785
35385,48559,220204158,20220111,Collision frontale,Frôlement avec le trafic en sens inverse (sans dépassement),Inattention et distraction - Manque d'attention momentané,Chêne-Bougeries,Jour,Autre,Avec dommages matériels,2502554.677,1117467.161,Route sèche,Route principale,130000.0,Mardi,0,0,0,0,0,0,0,0,0,0,0,0,2,0,0,0,0.0,0.0,1,0,,,2022,2502554.68,1117467.16,6.176160473203318,46.20158967916305
35386,48560,221015047,20221009,Accident par tamponnement,Collision avec véhicule à l'arrêt,Cause inconnue - Cause inconnue,Genève,Jour,Beau temps,Avec dommages matériels,2498713.693,1118999.289,Route sèche,Route principale,130000.0,Dimanche,0,0,0,0,0,0,0,0,0,0,0,0,2,0,0,0,0.0,0.0,0,0,,,2022,2498713.69,1118999.29,6.12607380669941,46.214802430525566
35387,48561,220129038,20220129,Dérapage ou perte de maîtrise,Collision avec un obstacle hors de la chaussée,Inattention et distraction - Manque d'attention momentané,Russin,Nuit,Beau temps,Avec dommages matériels,2489795.951,1115749.355,Route sèche,Route principale,30000.0,Samedi,0,0,0,0,0,0,0,0,0,0,0,0,1,0,0,0,0.0,0.0,0,0,,,2022,2489795.95,1115749.36,6.011300210336118,46.184169169868035
35388,48562,220208255,20220208,Accident par tamponnement,Collision avec véhicule à l'arrêt,Inattention et distraction - Manque d'attention momentané,Genève,Jour,Autre,Avec tués,2500880.157,1117667.722,Autre,Route principale,160000.0,Mardi,0,0,0,0,1,0,0,0,0,0,0,1,1,0,0,0,0.0,0.0,1,0,,,2022,2500880.16,1117667.72,6.154426918026553,46.20314877422051
35389,48563,220401126,20220318,Accident par tamponnement,Collision avec un véhicule en marche,Etat de la personne - Influence de l'alcool,Meyrin,Nuit,Beau temps,Avec dommages matériels,2495929.992,1120073.994,Route sèche,Route principale,190000.0,Vendredi,1,0,0,0,0,0,0,0,0,0,0,0,2,0,0,0,0.0,0.0,0,0,,,2022,2495929.99,1120073.99,6.089767014575995,46.2240433035474
35390,48564,220516593,20220516,Accident en quittant une route,Collision en obliquant à droite avec le trafic dans le même sens,Priorité - Non-respect de la priorité de droite,Onex,Jour,Beau temps,Avec blessés légers,2496474.484,1115407.065,Route sèche,Route principale,180000.0,Lundi,0,0,1,0,0,0,0,0,1,0,0,0,1,0,0,0,0.0,0.0,0,0,,,2022,2496474.48,1115407.07,6.097858013003736,46.182151810773775
35391,48565,220906139,20220827,Accident en parquant,Avec violation de l'obligation de déclarer,Cause inconnue - Véhicule stationné (omission de la déclaration obligatoire),Versoix,Jour,Beau temps,Avec dommages matériels,2501860.548,1126147.871,Route sèche,Route secondaire,170000.0,Samedi,0,0,0,0,0,0,0,0,0,0,0,0,0,0,0,0,0.0,0.0,0,0,,,2022,2501860.55,1126147.87,6.1653412641833665,46.279566714765316
35392,48566,220329138,20220325,Collision frontale,Frôlement avec le trafic en sens inverse (sans dépassement),Signalisation lumineuse - Non-respect d'un feu rouge,Genève,Aurore / crépuscule,Beau temps,Avec dommages matériels,2499971.252,1118271.739,Route sèche,Route principale,180000.0,Vendredi,0,0,0,0,0,0,1,0,0,0,0,1,0,0,0,0,0.0,0.0,2,0,,,2022,2499971.25,1118271.74,6.142523546589752,46.208446919244096
35393,48567,221203004,20221203,Accident par tamponnement,Collision avec véhicule à l'arrêt,Etat de la personne - Influence de l'alcool,Puplinge,Nuit,Beau temps,Avec dommages matériels,2506143.327,1117662.341,Route sèche,Route principale,10000.0,Samedi,0,0,0,0,0,0,0,0,0,0,0,0,2,0,0,0,0.0,0.0,0,0,,,2022,2506143.33,1117662.34,6.222607594931855,46.203855866451924
35394,48568,220511254,20220429,Accident en parquant,Avec violation de l'obligation de déclarer,Cause inconnue - Véhicule stationné (omission de la déclaration obligatoire),Genève,Inconnu,Autre,Avec dommages matériels,2498970.94,1118717.691,Autre,Route principale,200000.0,Vendredi,0,0,0,0,0,0,0,0,0,0,0,0,0,0,0,0,0.0,0.0,0,0,,,2022,2498970.94,1118717.69,6.129467872673479,46.21230834141432
35395,48953,220830275,20220830,Accident en parquant,Avec violation de l'obligation de déclarer,Cause inconnue - Véhicule stationné (omission de la déclaration obligatoire),Carouge (GE),Inconnu,Autre,Avec dommages matériels,2499448.747,1115315.422,Autre,Route principale,80000.0,Mardi,0,0,0,0,0,0,0,0,0,0,0,0,0,0,0,0,0.0,0.0,0,0,,,2022,2499448.75,1115315.42,6.136391180849481,46.18177877341164
35396,48954,220823010,20220822,Dérapage ou perte de maîtrise,Collision avec un obstacle hors de la chaussée,"Utilisation du véhicule - Manouvres incorrectes dans le véhicule (confusion frein - accélérateur, glisser de la pédale de frein dans les véhicules à transmission automatique, etc.)",Genève,Jour,Beau temps,Avec dommages matériels,2501416.839,1116410.129,Route sèche,Route secondaire,140000.0,Lundi,0,0,0,0,0,0,0,0,0,0,0,0,1,0,0,0,0.0,0.0,1,0,,,2022,2501416.84,1116410.13,6.161644601420639,46.191916425066395
35397,48955,221223174,20221223,Accident lors d'un dépassement ou lors d'un changement de voie de circulation,Frôlement latéral avec le véhicule sur la voie voisine,Etat de la personne - Influence de l'alcool,Lancy,Aurore / crépuscule,Pluie,Avec dommages matériels,2497530.218,1117346.516,Route mouillée,Route principale,170000.0,Vendredi,0,0,0,0,0,0,0,0,0,0,0,0,2,0,0,0,0.0,0.0,0,0,,,2022,2497530.22,1117346.52,6.1111029924895925,46.19975750868194
35398,48956,220611004,20220610,Accident par tamponnement,Collision avec véhicule à l'arrêt,Conduite - Suivre de trop près le véhicule qui précède,Vernier,Nuit,Beau temps,Avec blessés légers,2497507.003,1118652.748,Route sèche,Route principale,230000.0,Vendredi,0,0,2,0,0,0,0,0,0,0,0,0,2,0,0,0,0.0,0.0,0,0,,,2022,2497507.0,1118652.75,6.110515369927207,46.21150260599031
35399,48957,221124196,20221124,Accident impliquant des piétons,Piéton traversant la chaussée touché par un véhicule circulant en ligne droite,Priorité - Ne pas accorder la priorité à un passage pour piétons,Genève,Jour,Temps couvert,Avec blessés légers,2501335.071,1116634.385,Route humide,Route principale,80000.0,Jeudi,0,0,1,0,0,1,0,0,0,0,1,0,0,0,0,0,0.0,0.0,0,0,,,2022,2501335.07,1116634.39,6.160538188577842,46.19392151428712
35400,48958,220513076,20220513,Accident lors d'un dépassement ou lors d'un changement de voie de circulation,Autre cas d'accident lors d'un dépassement ou lors d'un changement de voie de circulation,Dépassement - Autre attitude fautive en rapport avec un dépassement,Thônex,Jour,Beau temps,Avec blessés légers,2503023.76,1115059.731,Route sèche,Route principale,70000.0,Vendredi,0,0,2,0,0,0,1,0,0,0,0,1,1,0,0,0,0.0,0.0,0,0,,,2022,2503023.76,1115059.73,6.182736733136234,46.180004035530295
35401,48959,220714219,20220714,Dérapage ou perte de maîtrise,Collision avec un obstacle hors de la chaussée,Inattention et distraction - Manque d'attention momentané,Meinier,Jour,Beau temps,Avec dommages matériels,2508051.023,1120238.994,Route sèche,Route principale,110000.0,Jeudi,0,0,0,0,0,0,0,0,0,0,0,0,1,0,0,0,0.0,0.0,0,0,,,2022,2508051.02,1120238.99,6.246812559888273,46.22729537352403
35402,48960,220718283,20220713,Accident en parquant,Avec violation de l'obligation de déclarer,Cause inconnue - Véhicule stationné (omission de la déclaration obligatoire),Genève,Inconnu,Autre,Avec dommages matériels,2500879.127,1117427.947,Autre,Autre,170000.0,Mercredi,0,0,0,0,0,0,0,0,0,0,0,0,0,0,0,0,0.0,0.0,0,0,,,2022,2500879.13,1117427.95,6.154464492439468,46.20099203727919
35403,48961,220705531,20220705,Accident lors d'un dépassement ou lors d'un changement de voie de circulation,Collision lors du changement de voie vers la gauche,Conduite - Manque d'égards en changeant de voie,Genève,Jour,Beau temps,Avec dommages matériels,2500949.615,1116810.579,Route sèche,Route principale,150000.0,Mardi,0,0,0,0,0,0,0,0,0,0,0,1,0,1,0,0,0.0,0.0,0,0,,,2022,2500949.61,1116810.58,6.155508439807691,46.195449558636405
35404,48962,220404314,20220403,Accident par tamponnement,"Collision avec véhicule à l'arrêt, en reculant",Conduite - Marche arrière imprudente,Le Grand-Saconnex,Jour,Temps couvert,Avec dommages matériels,2497501.847,1120894.75,Route sèche,Autre,160000.0,Dimanche,0,0,0,0,0,0,0,0,0,0,0,0,2,0,0,0,0.0,0.0,0,0,,,2022,2497501.85,1120894.75,6.109955982173287,46.23166707550515
35405,48963,221010209,20221001,Accident par tamponnement,Collision avec véhicule à l'arrêt,Inattention et distraction - Manque d'attention momentané,Genève,Nuit,Beau temps,Avec dommages matériels,2499715.727,1117623.777,Route sèche,Route principale,20000.0,Samedi,0,0,0,0,0,0,0,0,0,0,0,0,2,0,0,0,0.0,0.0,0,0,,,2022,2499715.73,1117623.78,6.139352481356459,46.20258085685214
35406,48964,221101369,20221101,Dérapage ou perte de maîtrise,Sans collision,Etat de la personne - Influence de l'alcool,Genève,Nuit,Beau temps,Avec blessés légers,2501947.711,1117708.589,Route sèche,Route principale,190000.0,Mardi,0,0,1,0,0,0,0,1,0,0,0,0,0,0,0,0,0.0,0.0,0,0,,,2022,2501947.71,1117708.59,6.168247321361642,46.203672941709335
35407,48965,220929176,20220928,Accident par tamponnement,Collision avec véhicule à l'arrêt,Inattention et distraction - Manque d'attention momentané,Vernier,Jour,Pluie,Avec dommages matériels,2496061.481,1119010.477,Route mouillée,Autoroute,100000.0,Mercredi,0,0,0,0,0,0,0,0,0,0,0,0,2,1,2,0,0.0,0.0,2,0,,,2022,2496061.48,1119010.48,6.091707917116785,46.21449814944676
35408,48966,220705335,20220530,Accident en s'engageant sur une route,Collision en s'engageant depuis le bord de la route,Priorité - Autres attitude fautive en lien avec la priorité,Genève,Jour,Beau temps,Avec blessés légers,2499422.947,1116885.044,Route sèche,Route principale,110000.0,Lundi,0,0,1,0,0,0,0,0,0,0,0,1,1,0,0,0,0.0,0.0,0,0,,,2022,2499422.95,1116885.04,6.135719052374403,46.19589262659258
35409,48967,220727007,20220727,Accident par tamponnement,Collision avec véhicule à l'arrêt,Inattention et distraction - Manque d'attention momentané,Genève,Nuit,Beau temps,Avec blessés graves,2500473.503,1119421.541,Route sèche,Route principale,0.0,Mercredi,0,0,0,1,0,0,0,0,0,0,0,1,1,0,0,0,0.0,0.0,0,0,,,2022,2500473.5,1119421.54,6.148785004286628,46.21886321975413
35410,48968,220104418,20220104,Accident en quittant une route,Collision en obliquant à gauche avec le trafic venant en sens inverse,Priorité - Autres attitude fautive en lien avec la priorité,Chêne-Bougeries,Nuit,Temps couvert,Avec blessés graves,2504345.021,1118007.427,Route sèche,Route principale,180000.0,Mardi,0,0,0,1,0,0,0,0,0,0,0,1,0,1,0,0,0.0,0.0,0,0,,,2022,2504345.02,1118007.43,6.199241199211631,46.20670626757609
35411,48969,221125210,20221125,Dérapage ou perte de maîtrise,Collision avec un obstacle sur la chaussée,Inattention et distraction - Manque d'attention momentané,Cologny,Nuit,Temps couvert,Avec dommages matériels,2502548.92,1117936.056,Route humide,Route principale,170000.0,Vendredi,0,0,0,0,0,0,0,0,0,0,0,1,1,0,0,0,0.0,0.0,0,0,,,2022,2502548.92,1117936.06,6.175987956343375,46.20580633299202
35412,48970,220311229,20220311,Accident par tamponnement,Collision avec un véhicule en marche,"Etat de la personne - Excès de fatigue, endormissement (y compris endormissement passager)",Bellevue,Jour,Beau temps,Avec dommages matériels,2500712.638,1123006.64,Route sèche,Route principale,80000.0,Vendredi,2,0,0,0,0,0,0,0,0,0,0,0,3,0,0,0,0.0,0.0,0,0,,,2022,2500712.64,1123006.64,6.151120176702201,46.251144411577705
35413,48569,220327056,20220327,Dérapage ou perte de maîtrise,Sans collision,Etat de la personne - Influence de l'alcool,Genève,Jour,Beau temps,Avec blessés légers,2500012.234,1117966.124,Route sèche,Route secondaire,140000.0,Dimanche,0,0,1,0,0,0,0,0,0,0,0,0,0,0,0,0,0.0,0.0,0,0,,,2022,2500012.23,1117966.12,6.1431199281733555,46.20570415664046