,OBJECTID,ID_ACCIDENT,DATE_,GROUPE_ACCIDENT,TYPE,CAUSE,COMMUNE,CONDITIONS_LUMINEUSES,CONDITIONS_METEO,CONSEQUENCES,COOR_X,COOR_Y,ETAT_ROUTE,GENRE_ROUTE,HEURE,JOUR,NB_ENFANTS_IMPLIQUES,NB_ENFANTS_ECOLE,NB_BLESSES_LEGERS,NB_BLESSES_GRAVES,NB_TUES,NB_PIETONS,NB_BICYCLETTES,NB_VAE_25,NB_VAE_45,NB_CYCLOMOTEURS,NB_MOTOS_50,NB_MOTOS,NB_VOITURES_TOURISME,NB_VOITURES_LIVRAISON,NB_CAMIONS,NB_BUS,NB_TRAM,NB_TRAINS,NB_SENIORS,NB_TC,REF_GROUPE_CAUSE,TOTAL_PERSONNES,ANNEE,E,N,LATITUDE,LONGITUDE
35414,48570,221104254,20221104,Dérapage ou perte de maîtrise,Sans collision,Inattention et distraction - Manque d'attention momentané,Genève,Jour,Beau temps,Avec blessés légers,2499989.128,1117287.388,Route humide,Route principale,160000.0,Vendredi,0,0,1,0,0,0,0,0,0,0,0,1,0,0,0,0,0.0,0.0,0,0,,,2022,2499989.13,1117287.39,6.142966109024514,46.19959597177669
35415,48571,220921296,20220921,Accident en traversant une route,Collision avec le trafic traversant depuis la droite,Priorité - Non-respect du signal de priorité «Stop»,Avusy,Jour,Beau temps,Avec blessés graves,2489081.846,1112653.783,Route sèche,Route principale,180000.0,Mercredi,0,0,2,1,0,0,0,0,0,0,0,0,1,1,0,0,0.0,0.0,0,0,,,2022,2489081.85,1112653.78,6.00278804179683,46.15620988953068
35416,48572,220405259,20220405,Dérapage ou perte de maîtrise,Collision avec un autre usager de la route,Etat de la personne - Maladies physiques ou psychiques,Genève,Jour,Beau temps,Avec blessés graves,2501537.799,1117525.508,Route sèche,Route principale,110000.0,Mardi,0,0,0,1,0,0,0,0,0,0,0,0,1,0,0,0,0.0,0.0,0,0,,,2022,2501537.8,1117525.51,6.162975943785579,46.20196632866952
35417,48573,220208073,20220208,Accident en traversant une route,Collision avec le trafic traversant depuis la gauche,Priorité - Non-respect du signal de priorité «Cédez le passage»,Meyrin,Nuit,Beau temps,Avec blessés légers,2495188.338,1120101.935,Route sèche,Route principale,70000.0,Mardi,0,0,1,0,0,0,1,0,0,0,0,0,1,0,0,0,0.0,0.0,0,0,,,2022,2495188.34,1120101.93,6.080149929525519,46.22417933569352
35418,48574,220303147,20220201,Accident par tamponnement,Collision avec véhicule à l'arrêt,Conduite - Suivre de trop près le véhicule qui précède,Genève,Jour,Beau temps,Avec dommages matériels,2498919.903,1118132.323,Route sèche,Route principale,160000.0,Mardi,0,0,0,0,0,0,0,0,0,0,0,1,1,0,0,0,0.0,0.0,0,0,,,2022,2498919.9,1118132.32,6.12893339519844,46.207035647043675
35419,48575,220503030,20220422,Dérapage ou perte de maîtrise,Collision avec un obstacle hors de la chaussée,Inattention et distraction - Manque d'attention momentané,Puplinge,Nuit,Beau temps,Avec dommages matériels,2507100.226,1118891.403,Route sèche,Route principale,0.0,Vendredi,0,0,0,0,0,0,0,0,0,0,0,0,1,0,0,0,0.0,0.0,0,0,,,2022,2507100.23,1118891.4,6.234758856905685,46.215043626396856
35420,48576,220118114,20220118,Accident en quittant une route,Collision en obliquant à gauche avec le trafic venant en sens inverse,Priorité - Priorité en obliquant à gauche devant des véhicules venant en sens inverse,Veyrier,Nuit,Temps couvert,Avec dommages matériels,2500740.254,1114768.475,Route sèche,Route principale,60000.0,Mardi,0,0,0,0,0,0,0,0,0,0,0,0,2,0,0,0,0.0,0.0,0,0,,,2022,2500740.25,1114768.48,6.153230804258855,46.17705125685811
35421,48577,221114078,20221106,Dérapage ou perte de maîtrise,Sans collision,Influence de tiers - Présence d'animaux sauvages sur la chaussée,Jussy,Nuit,Beau temps,Avec blessés légers,2512093.334,1121869.291,Route sèche,Route principale,30000.0,Dimanche,0,0,1,0,0,0,0,0,0,0,0,0,1,0,0,0,0.0,0.0,0,0,,,2022,2512093.33,1121869.29,6.2988935739000524,46.24250042006176
35422,48578,220225179,20220225,Autres,Autres,"Chargement ou passager du véhicule - Chargement insuffisamment arrimé, perte du chargement",Lancy,Nuit,Beau temps,Avec dommages matériels,2498857.999,1114391.979,Route sèche,Autoroute,200000.0,Vendredi,0,0,0,0,0,0,0,0,0,0,0,0,2,0,0,0,0.0,0.0,0,0,,,2022,2498858.0,1114391.98,6.128941616219767,46.173384459456834
35423,48579,220714279,20220714,Accident par tamponnement,Collision avec un véhicule en marche,Inattention et distraction - Manque d'attention momentané,Lancy,Jour,Beau temps,Avec blessés graves,2497595.258,1116977.919,Route sèche,Route principale,160000.0,Jeudi,0,0,0,1,0,0,0,0,0,0,0,2,0,0,0,0,0.0,0.0,0,0,,,2022,2497595.26,1116977.92,6.112026309410802,46.19645211687361
35424,48580,220302160,20220224,Accident en parquant,Collision avec un obstacle fixe (y compris véhicule correctement stationné),Inattention et distraction - Manque d'attention momentané,Genève,Jour,Beau temps,Avec dommages matériels,2500526.637,1117853.568,Route sèche,Autre,140000.0,Jeudi,0,0,0,0,0,0,0,0,0,0,0,0,1,0,0,0,0.0,0.0,0,0,,,2022,2500526.64,1117853.57,6.149807845537288,46.20476816018027
35425,48581,220802114,20220802,Accident par tamponnement,Collision avec véhicule à l'arrêt,Inattention et distraction - Manque d'attention momentané,Genève,Nuit,Beau temps,Avec blessés graves,2499610.496,1118448.494,Route sèche,Route principale,50000.0,Mardi,0,0,4,1,0,0,0,0,0,0,0,1,3,1,0,0,0.0,0.0,0,0,,,2022,2499610.5,1118448.49,6.137811959737207,46.2099828902667
35426,48582,220505194,20220505,Accident lors d'un dépassement ou lors d'un changement de voie de circulation,Collision lors du changement de voie vers la droite,Conduite - Manque d'égards en changeant de voie,Plan-les-Ouates,Jour,Temps couvert,Avec dommages matériels,2498570.831,1114207.663,Route mouillée,Route principale,130000.0,Jeudi,0,0,0,0,0,0,0,0,0,0,0,2,0,0,0,0,0.0,0.0,0,0,,,2022,2498570.83,1114207.66,6.12526370581273,46.171683381309435
35427,48583,220606021,20220420,Dérapage ou perte de maîtrise,Collision avec un obstacle en manoeuvrant,Conduite - Marche arrière imprudente,Genève,Nuit,Beau temps,Avec dommages matériels,2500662.291,1117613.091,Route sèche,Route secondaire,230000.0,Mercredi,0,0,0,0,0,0,0,0,0,0,0,0,1,0,0,0,0.0,0.0,0,0,,,2022,2500662.29,1117613.09,6.151616277462986,46.20262525027087
35428,48584,220709008,20220709,Accident par tamponnement,Collision avec un véhicule en marche,Etat de la personne - Influence de l'alcool,Genève,Nuit,Beau temps,Avec dommages matériels,2501305.582,1117863.116,Route sèche,Route principale,30000.0,Samedi,0,0,0,0,0,0,0,0,0,0,0,0,1,1,0,0,0.0,0.0,1,0,,,2022,2501305.58,1117863.12,6.159896458650373,46.204968874918364
35429,48585,220115028,20220115,Dérapage ou perte de maîtrise,Collision avec un obstacle hors de la chaussée,Etat de la personne - Influence de l'alcool,Bardonnex,Nuit,Temps couvert,Avec dommages matériels,2498295.387,1111931.581,Route humide,Route principale,70000.0,Samedi,0,0,0,0,0,0,0,0,0,0,0,0,1,0,0,0,0.0,0.0,0,0,,,2022,2498295.39,1111931.58,6.122192961507817,46.1511700221662
35430,48586,221031054,20221030,Dérapage ou perte de maîtrise,"Lors de l'évitement, sans collision",Priorité - Non-respect du signal de priorité «Cédez le passage»,Versoix,Jour,Beau temps,Avec blessés légers,2502139.096,1125889.387,Route sèche,Route secondaire,150000.0,Dimanche,0,0,1,0,0,0,1,0,0,0,0,0,1,0,0,0,0.0,0.0,0,0,,,2022,2502139.1,1125889.39,6.1690090040456385,46.27728249664625
35431,48587,220303022,20220303,Accident par tamponnement,Collision avec un véhicule en marche,Etat de la personne - Influence de l'alcool,Versoix,Nuit,Beau temps,Avec dommages matériels,2501907.257,1127046.761,Route sèche,Route principale,50000.0,Jeudi,0,0,0,0,0,0,0,0,0,0,0,0,2,0,0,0,0.0,0.0,0,0,,,2022,2501907.26,1127046.76,6.165757721792025,46.28765855372774
35432,48971,220406080,20220330,Dérapage ou perte de maîtrise,Collision avec un obstacle hors de la chaussée,"Utilisation du véhicule - Manouvres incorrectes dans le véhicule (confusion frein - accélérateur, glisser de la pédale de frein dans les véhicules à transmission automatique, etc.)",Vernier,Jour,Beau temps,Avec dommages matériels,2496771.466,1119027.937,Route sèche,Route principale,100000.0,Mercredi,0,0,0,0,0,0,0,0,0,0,0,0,1,0,0,0,0.0,0.0,0,0,,,2022,2496771.47,1119027.94,6.1009030167081075,46.21476461275674
35433,48972,220303276,20220303,Accident par tamponnement,Collision avec un véhicule en marche,Etat de la personne - Influence de l'alcool,Carouge (GE),Nuit,Beau temps,Avec blessés légers,2499612.461,1116056.003,Route sèche,Route secondaire,180000.0,Jeudi,0,0,1,0,0,0,0,0,0,0,0,1,1,0,0,0,0.0,0.0,0,0,,,2022,2499612.46,1116056.0,6.138351849458382,46.1884642694773
35434,48973,220112073,20220112,Dérapage ou perte de maîtrise,Collision avec un obstacle hors de la chaussée,Etat de la personne - Influence de l'alcool,Carouge (GE),Aurore / crépuscule,Temps couvert,Avec dommages matériels,2499579.749,1114578.545,Route sèche,Route principale,80000.0,Mercredi,0,0,0,0,0,0,0,0,0,0,0,0,1,0,0,0,0.0,0.0,0,0,,,2022,2499579.75,1114578.55,6.138245864846145,46.17517068208961
35435,48974,220329213,20220323,Accident en parquant,Avec violation de l'obligation de déclarer,Cause inconnue - Véhicule stationné (omission de la déclaration obligatoire),Genève,Inconnu,Autre,Avec dommages matériels,2500249.642,1116230.485,Autre,Route principale,100000.0,Mercredi,0,0,0,0,0,0,0,0,0,0,0,0,0,0,0,0,0.0,0.0,0,0,,,2022,2500249.64,1116230.48,6.146566314672109,46.190128434348544
35436,48975,220312082,20220311,Accident par tamponnement,"Collision avec véhicule à l'arrêt, en reculant",Conduite - Marche arrière imprudente,Lancy,Jour,Beau temps,Avec dommages matériels,2497194.995,1116640.985,Route sèche,Route principale,120000.0,Vendredi,0,0,0,0,0,0,0,0,0,0,0,0,2,0,0,0,0.0,0.0,0,0,,,2022,2497195.0,1116640.98,6.106916255420805,46.193360493183214
35437,48976,221104181,20221103,Accident par tamponnement,Collision avec véhicule à l'arrêt,Conduite - Suivre de trop près le véhicule qui précède,Collonge-Bellerive,Nuit,Pluie,Avec blessés légers,2504748.183,1123122.218,Route mouillée,Route principale,190000.0,Jeudi,0,0,1,0,0,0,0,0,0,0,0,1,1,0,0,0,0.0,0.0,0,0,,,2022,2504748.18,1123122.22,6.203419235675881,46.25276845945983
35438,48977,220709078,20220709,Dérapage ou perte de maîtrise,Sans collision,Inattention et distraction - Manque d'attention momentané,Genève,Jour,Beau temps,Avec blessés graves,2499746.374,1117956.746,Route sèche,Route principale,110000.0,Samedi,0,0,0,1,0,0,0,1,0,0,0,0,0,0,0,0,0.0,0.0,0,0,,,2022,2499746.37,1117956.75,6.139677862566654,46.20558028048672
35439,48978,220226046,20220127,Accident en parquant,Collision avec un obstacle fixe (y compris véhicule correctement stationné),Dépassement - En dépassant de trop près (latéral),Lancy,Jour,Autre,Avec dommages matériels,2498382.161,1114568.097,Autre,Route principale,110000.0,Jeudi,0,0,0,0,0,0,0,0,0,0,0,0,1,0,0,0,0.0,0.0,0,0,,,2022,2498382.16,1114568.1,6.1227427326921,46.174896815417085
35440,48979,221004241,20221004,Accident en traversant une route,Collision avec le trafic traversant depuis la gauche,Priorité - Non-respect du signal de priorité «Stop»,Meyrin,Jour,Beau temps,Avec blessés graves,2495406.796,1120340.013,Route sèche,Route principale,130000.0,Mardi,0,0,0,1,0,0,0,0,0,0,0,1,1,0,0,0,0.0,0.0,0,0,,,2022,2495406.8,1120340.01,6.082927499702679,46.226354728238256
35441,48980,220630236,20220630,Accident par tamponnement,Collision avec véhicule à l'arrêt,Conduite - Suivre de trop près le véhicule qui précède,Hermance,Jour,Beau temps,Avec blessés graves,2507711.669,1127545.621,Route sèche,Route principale,170000.0,Jeudi,0,0,0,1,0,0,0,0,0,0,0,1,1,0,0,0,0.0,0.0,1,0,,,2022,2507711.67,1127545.62,6.240966806369935,46.29296883106311
35442,48981,220526014,20220526,Dérapage ou perte de maîtrise,Collision avec un obstacle sur la chaussée,Etat de la personne - Influence de l'alcool,Genève,Jour,Beau temps,Avec dommages matériels,2499957.452,1116697.304,Route sèche,Route secondaire,60000.0,Jeudi,0,0,0,0,0,0,0,0,0,0,0,0,1,0,0,0,0.0,0.0,0,0,,,2022,2499957.45,1116697.3,6.142682207421534,46.19428377247625
35443,48982,220405246,20220221,Accident en parquant,Avec violation de l'obligation de déclarer,Cause inconnue - Véhicule stationné (omission de la déclaration obligatoire),Le Grand-Saconnex,Inconnu,Autre,Avec dommages matériels,2498093.924,1120789.91,Autre,Route principale,140000.0,Lundi,0,0,0,0,0,0,0,0,0,0,0,0,0,0,0,0,0.0,0.0,0,0,,,2022,2498093.92,1120789.91,6.117652479167474,46.230814170979144
35444,48983,220122036,20220113,Accident en parquant,Collision avec un obstacle fixe (y compris véhicule correctement stationné),Inattention et distraction - Manque d'attention momentané,Genève,Jour,Beau temps,Avec dommages matériels,2500030.823,1118483.276,Route sèche,Autre,140000.0,Jeudi,0,0,0,0,0,0,0,0,0,0,0,0,1,0,0,0,0.0,0.0,0,0,,,2022,2500030.82,1118483.28,6.143249966119708,46.21035845134978
35445,48984,220818154,20220816,Accident par tamponnement,Collision avec véhicule à l'arrêt,Inattention et distraction - Manque d'attention momentané,Genève,Jour,Beau temps,Avec dommages matériels,2501569.807,1117868.536,Route sèche,Route principale,140000.0,Mardi,0,0,0,0,0,0,0,0,0,0,0,0,2,0,0,0,0.0,0.0,0,0,,,2022,2501569.81,1117868.54,6.163318248694669,46.20505636819418
35446,48985,221102291,20221102,Accident impliquant des piétons,Piéton touché par un véhicule obliquant à gauche,Comportement du piéton / du conducteur d'EAV - Traversée imprudente de la route,Genève,Nuit,Temps couvert,Avec blessés graves,2500357.753,1118105.239,Route sèche,Route principale,200000.0,Mercredi,0,0,1,1,0,1,0,0,0,0,0,1,0,0,0,0,0.0,0.0,0,0,,,2022,2500357.75,1118105.24,6.147566264840592,46.20700676184938
35447,48986,221210045,20221128,Accident impliquant des piétons,Piéton traversant la chaussée touché par un véhicule circulant en ligne droite,Comportement du piéton / du conducteur d'EAV - Traversée imprudente de la route,Genève,Jour,Beau temps,Avec dommages matériels,2501868.323,1117302.0,Route sèche,Route principale,100000.0,Lundi,0,0,0,0,0,1,0,0,0,0,0,1,0,0,0,0,0.0,0.0,0,0,,,2022,2501868.32,1117302.0,6.16730437830095,46.20000431775131
35448,48987,221009015,20221009,Dérapage ou perte de maîtrise,Collision avec un obstacle hors de la chaussée,Etat de la personne - Influence de l'alcool,Le Grand-Saconnex,Nuit,Beau temps,Avec dommages matériels,2497981.079,1121282.425,Route sèche,Autoroute,60000.0,Dimanche,0,0,0,0,0,0,0,0,0,0,0,0,1,0,0,0,0.0,0.0,0,0,,,2022,2497981.08,1121282.43,6.116082260616917,46.235226934998934
35449,48988,220813104,20220813,Accident lors d'un dépassement ou lors d'un changement de voie de circulation,Collision lors du changement de voie vers la droite,Conduite - Manque d'égards en changeant de voie,Genève,Nuit,Beau temps,Avec blessés légers,2499780.134,1117478.475,Route sèche,Route principale,200000.0,Samedi,1,0,1,0,0,0,0,1,0,0,0,0,1,0,0,0,0.0,0.0,0,0,,,2022,2499780.13,1117478.48,6.1402178993982215,46.20128357995233
35450,48588,220226073,20220226,Accident par tamponnement,Collision avec un véhicule en marche,Vitesse - Supérieure à la vitesse maximale générale ou signalée (route),Genève,Jour,Beau temps,Avec blessés légers,2501517.25,1117633.726,Route sèche,Route secondaire,160000.0,Samedi,0,0,1,0,0,0,0,0,0,0,0,1,1,0,0,0,0.0,0.0,1,0,,,2022,2501517.25,1117633.73,6.162686912395467,46.202936693007686
35451,48589,220612013,20220612,Dérapage ou perte de maîtrise,Sans collision,Etat de la personne - Influence de l'alcool,Thônex,Nuit,Beau temps,Avec blessés légers,2504417.169,1116131.532,Route sèche,Route principale,0.0,Dimanche,0,0,1,0,0,0,0,1,0,0,0,0,0,0,0,0,0.0,0.0,0,0,,,2022,2504417.17,1116131.53,6.20055999405247,46.18984379991534
35452,48590,220128155,20220125,Accident en parquant,Collision avec un obstacle fixe (y compris véhicule correctement stationné),Inattention et distraction - Manque d'attention momentané,Genève,Jour,Temps couvert,Avec dommages matériels,2501064.982,1116294.962,Route sèche,Route secondaire,160000.0,Mardi,0,0,0,0,0,0,0,0,0,0,0,0,1,0,0,0,0.0,0.0,0,0,,,2022,2501064.98,1116294.96,6.157111977206956,46.190828857873086
35453,48591,220606004,20220605,Accident en traversant une route,Collision avec le trafic traversant depuis la droite,Etat de la personne - Influence de l'alcool,Perly-Certoux,Nuit,Beau temps,Avec blessés légers,2496171.113,1112433.763,Route sèche,Route secondaire,220000.0,Dimanche,0,0,3,0,0,0,0,0,0,0,0,0,2,0,0,0,0.0,0.0,0,0,,,2022,2496171.11,1112433.76,6.094590316214168,46.15536231859771
35454,48592,220803298,20220803,Accident lors d'un dépassement ou lors d'un changement de voie de circulation,Collision lors du changement de voie vers la gauche,Conduite - Manque d'égards en changeant de voie,Vernier,Jour,Beau temps,Avec dommages matériels,2497104.636,1118744.85,Route sèche,Route principale,140000.0,Mercredi,0,0,0,0,0,0,0,0,0,0,0,1,1,0,0,0,0.0,0.0,0,0,,,2022,2497104.64,1118744.85,6.1052821780189195,46.21226950533857
35455,48593,220912012,20220912,Dérapage ou perte de maîtrise,Collision avec un obstacle hors de la chaussée,"Etat de la personne - Excès de fatigue, endormissement (y compris endormissement passager)",Bellevue,Nuit,Beau temps,Avec blessés légers,2499595.106,1123541.555,Route sèche,Autoroute,20000.0,Lundi,0,0,3,0,0,0,0,0,0,0,0,0,1,0,0,0,0.0,0.0,0,0,,,2022,2499595.11,1123541.55,6.136515791901667,46.25578946017976
35456,48594,220411245,20220407,Dérapage ou perte de maîtrise,Collision avec un obstacle hors de la chaussée,Inattention et distraction - Manque d'attention momentané,Genève,Jour,Beau temps,Avec dommages matériels,2498690.112,1119805.708,Route sèche,Route secondaire,90000.0,Jeudi,0,0,0,0,0,0,0,0,0,0,0,0,0,1,0,0,0.0,0.0,0,0,,,2022,2498690.11,1119805.71,6.12559315707588,46.22205209510953
35457,48595,221116253,20221114,Accident en parquant,Collision avec un obstacle fixe (y compris véhicule correctement stationné),Dépassement - En dépassant de trop près (latéral),Genève,Inconnu,Autre,Avec dommages matériels,2500032.802,1118079.368,Autre,Autre,160000.0,Lundi,0,0,0,0,0,0,0,0,0,0,0,0,1,0,0,0,0.0,0.0,1,0,,,2022,2500032.8,1118079.37,6.1433621437273915,46.2067258287145
35458,48596,221219180,20221102,Accident impliquant des piétons,Piéton touché par un véhicule obliquant à gauche,Signalisation - Inobservation d'un signal,Genève,Jour,Beau temps,Avec blessés légers,2500059.208,1118244.179,Route sèche,Route principale,120000.0,Mercredi,0,0,1,0,0,1,0,0,0,0,0,1,0,0,0,0,0.0,0.0,1,0,,,2022,2500059.21,1118244.18,6.143668983421476,46.20821211854748
35459,48597,220617003,20220616,Dérapage ou perte de maîtrise,Collision avec un obstacle hors de la chaussée,Inattention et distraction - Manque d'attention momentané,Bellevue,Jour,Beau temps,Avec dommages matériels,2499297.044,1124142.296,Route sèche,Autoroute,190000.0,Jeudi,0,0,0,0,0,0,0,0,0,0,0,0,1,0,0,0,0.0,0.0,0,0,,,2022,2499297.04,1124142.3,6.132521023832721,46.261148199226525
35460,48598,220929142,20220929,Dérapage ou perte de maîtrise,"Lors de l'évitement, avec collision",Signalisation - Inobservation d'un signal,Genève,Jour,Pluie,Avec blessés légers,2501061.209,1117611.615,Route mouillée,Route principale,80000.0,Jeudi,0,0,2,0,0,0,0,0,0,0,0,1,1,0,0,0,0.0,0.0,0,0,,,2022,2501061.21,1117611.61,6.156784118977643,46.20267077053396
35461,48599,220825008,20220824,Dérapage ou perte de maîtrise,Collision avec un obstacle hors de la chaussée,Etat de la personne - Influence de l'alcool,Lancy,Nuit,Beau temps,Avec blessés graves,2498668.855,1114858.871,Route sèche,Route principale,230000.0,Mercredi,0,0,0,1,0,0,0,0,0,0,0,1,0,0,0,0,0.0,0.0,0,0,,,2022,2498668.86,1114858.87,6.126391608033564,46.17755535120461
35462,48600,220822274,20220808,Accident en parquant,Avec violation de l'obligation de déclarer,Cause inconnue - Véhicule stationné (omission de la déclaration obligatoire),Meyrin,Jour,Beau temps,Avec dommages matériels,2495589.008,1121066.145,Route sèche,Autre,110000.0,Lundi,0,0,0,0,0,0,0,0,0,0,0,0,0,0,0,0,0.0,0.0,0,0,,,2022,2495589.01,1121066.14,6.08512621820328,46.23291407438254
35463,48601,220806002,20220728,Collision frontale,Frôlement avec le trafic en sens inverse (sans dépassement),Conduite - Croisement longitudinal non conforme ou circulation trop à gauche,Genève,Jour,Beau temps,Avec dommages matériels,2500317.796,1118499.011,Route sèche,Route secondaire,170000.0,Jeudi,0,0,0,0,0,0,0,0,0,0,0,0,2,0,0,0,0.0,0.0,0,0,,,2022,2500317.8,1118499.01,6.14696460639143,46.210542555458055
35464,48602,221205164,20221205,Accident lors d'un dépassement ou lors d'un changement de voie de circulation,Frôlement latéral avec le véhicule sur la voie voisine,Conduite - Croisement longitudinal non conforme ou circulation trop à gauche,Genève,Aurore / crépuscule,Temps couvert,Avec blessés graves,2498811.376,1118282.259,Route sèche,Route principale,70000.0,Lundi,0,0,0,1,0,0,0,1,0,0,0,0,0,0,1,0,0.0,0.0,0,0,,,2022,2498811.38,1118282.26,6.127495032845216,46.208367931171864
35465,48603,221201158,20221129,Accident en s'engageant sur une route,Collision en obliquant à droite avec le trafic venant de gauche,Priorité - Refus d'accorder la priorité au trafic du trottoir (traversée du trottoir),Lancy,Jour,Pluie,Avec blessés légers,2498124.219,1116778.661,Route mouillée,Route secondaire,130000.0,Mardi,0,0,1,0,0,0,0,1,0,0,0,0,1,0,0,0,0.0,0.0,0,0,,,2022,2498124.22,1116778.66,6.118920996703566,46.194740269844885
35466,48604,220531448,20220531,Accident par tamponnement,Collision avec un véhicule en marche,Etat de la personne - Influence de l'alcool,Bellevue,Jour,Temps couvert,Avec dommages matériels,2499101.822,1122926.855,Route sèche,Route principale,180000.0,Mardi,0,0,0,0,0,0,0,0,0,0,0,0,2,0,0,0,0.0,0.0,0,0,,,2022,2499101.82,1122926.86,6.13025272390271,46.25018678373153
35467,48605,220828063,20220828,Accident en parquant,Collision avec un obstacle fixe (y compris véhicule correctement stationné),Etat de la personne - Influence de l'alcool,Lancy,Jour,Beau temps,Avec dommages matériels,2497364.932,1116272.396,Route sèche,Route principale,160000.0,Dimanche,0,0,0,0,0,0,0,0,0,0,0,0,1,0,0,0,0.0,0.0,0,0,,,2022,2497364.93,1116272.4,6.109198110031957,46.19007133524968
35468,48989,221019032,20221018,Dérapage ou perte de maîtrise,Sans collision,Etat de la personne - Influence de l'alcool,Genève,Jour,Beau temps,Avec blessés légers,2501488.316,1117793.882,Route sèche,Route secondaire,180000.0,Mardi,0,0,1,0,0,0,0,0,1,0,0,0,0,0,0,0,0.0,0.0,0,0,,,2022,2501488.32,1117793.88,6.162278354399536,46.204372908129734
35469,48990,220704251,20220701,Accident en parquant,Avec violation de l'obligation de déclarer,Cause inconnue - Véhicule stationné (omission de la déclaration obligatoire),Carouge (GE),Jour,Beau temps,Avec dommages matériels,2499561.124,1116050.874,Route sèche,Route secondaire,170000.0,Vendredi,0,0,0,0,0,0,0,0,0,0,0,0,0,0,0,0,0.0,0.0,0,0,,,2022,2499561.12,1116050.87,6.137688080545046,46.18841046160585
35470,48991,220928254,20220928,Accident en traversant une route,Collision avec le trafic traversant depuis la gauche,Priorité - Non-respect du signal de priorité «Cédez le passage»,Carouge (GE),Jour,Pluie,Avec blessés graves,2500100.673,1115352.808,Route mouillée,Route secondaire,90000.0,Mercredi,0,0,0,1,0,0,0,0,0,0,0,1,0,0,0,0,0.0,0.0,0,0,,,2022,2500100.67,1115352.81,6.144824768860179,46.182212233114555
35471,48992,220909007,20220908,Collision frontale,Frôlement avec le trafic en sens inverse (sans dépassement),Dépassement - En dépassant de trop près (latéral),Genève,Nuit,Beau temps,Avec dommages matériels,2500173.581,1118618.771,Route sèche,Route secondaire,230000.0,Jeudi,0,0,0,0,0,0,0,0,0,0,0,0,1,0,0,1,0.0,0.0,0,1,,,2022,2500173.58,1118618.77,6.14507052170495,46.21159831764481
35472,48993,220312011,20220312,Dérapage ou perte de maîtrise,Collision avec un obstacle hors de la chaussée,Etat de la personne - Influence de l'alcool,Genève,Nuit,Temps couvert,Avec blessés graves,2501700.935,1118234.484,Route sèche,Route principale,10000.0,Samedi,0,0,0,1,0,0,0,0,0,0,0,1,0,0,0,0,0.0,0.0,0,0,,,2022,2501700.93,1118234.48,6.1649397495780205,46.2083669708246
35473,48994,220513230,20220513,Accident en quittant une route,Collision en obliquant à gauche avec le trafic venant en sens inverse,Priorité - Priorité en obliquant à gauche devant des véhicules venant en sens inverse,Meyrin,Jour,Beau temps,Avec blessés légers,2493057.064,1121276.87,Route sèche,Route principale,170000.0,Vendredi,0,0,1,0,0,0,0,0,0,0,0,1,1,0,0,0,0.0,0.0,0,0,,,2022,2493057.06,1121276.87,6.052262002457132,46.23441118990615
35474,48995,220415049,20220414,Accident lors d'un dépassement ou lors d'un changement de voie de circulation,Frôlement latéral avec le véhicule sur la voie voisine,Dépassement - En dépassant de trop près (latéral),Plan-les-Ouates,Aurore / crépuscule,Beau temps,Avec dommages matériels,2496817.994,1113237.976,Route sèche,Route principale,60000.0,Jeudi,0,0,0,0,0,0,0,0,0,0,0,0,1,0,0,0,0.0,0.0,0,0,,,2022,2496817.99,1113237.98,6.102785008702035,46.162695205618704
35475,48996,220416005,20220416,Dérapage ou perte de maîtrise,Collision avec un obstacle sur la chaussée,Etat de la personne - Influence de l'alcool,Genève,Nuit,Beau temps,Avec dommages matériels,2500563.003,1117747.488,Route sèche,Route principale,10000.0,Samedi,0,0,0,0,0,0,0,0,0,0,0,0,1,0,0,0,0.0,0.0,0,0,,,2022,2500563.0,1117747.49,6.150301463920717,46.20381941556584
35476,48997,220607449,20220607,Accident en quittant une route,Collision en obliquant à gauche avec le trafic venant en sens inverse,Priorité - Priorité en obliquant à gauche devant des véhicules venant en sens inverse,Genève,Jour,Beau temps,Avec blessés légers,2500181.707,1118615.01,Route sèche,Route secondaire,140000.0,Mardi,0,0,1,0,0,0,0,0,0,0,0,1,1,0,0,0,0.0,0.0,0,0,,,2022,2500181.71,1118615.01,6.145176657520146,46.211565706245764
35477,48998,221115005,20221114,Accident par tamponnement,Collision avec véhicule à l'arrêt,Conduite - Suivre de trop près le véhicule qui précède,Collonge-Bellerive,Jour,Beau temps,Avec dommages matériels,2506031.899,1122940.882,Route sèche,Route principale,80000.0,Lundi,0,0,0,0,0,0,0,0,0,0,0,0,3,0,0,0,0.0,0.0,0,0,,,2022,2506031.9,1122940.88,6.220100399384351,46.25131823683765
35478,48999,220209223,20220209,Accident impliquant des piétons,Piéton touché par un véhicule obliquant à gauche,Priorité - Ne pas accorder la priorité à un passage pour piétons,Genève,Jour,Beau temps,Avec blessés légers,2500073.502,1115996.483,Route sèche,Route secondaire,150000.0,Mercredi,0,0,1,0,0,1,0,0,0,0,0,0,1,0,0,0,0.0,0.0,1,0,,,2022,2500073.5,1115996.48,6.144335234228296,46.18799759861936