,OBJECTID,ID_ACCIDENT,DATE_,GROUPE_ACCIDENT,TYPE,CAUSE,COMMUNE,CONDITIONS_LUMINEUSES,CONDITIONS_METEO,CONSEQUENCES,COOR_X,COOR_Y,ETAT_ROUTE,GENRE_ROUTE,HEURE,JOUR,NB_ENFANTS_IMPLIQUES,NB_ENFANTS_ECOLE,NB_BLESSES_LEGERS,NB_BLESSES_GRAVES,NB_TUES,NB_PIETONS,NB_BICYCLETTES,NB_VAE_25,NB_VAE_45,NB_CYCLOMOTEURS,NB_MOTOS_50,NB_MOTOS,NB_VOITURES_TOURISME,NB_VOITURES_LIVRAISON,NB_CAMIONS,NB_BUS,NB_TRAM,NB_TRAINS,NB_SENIORS,NB_TC,REF_GROUPE_CAUSE,TOTAL_PERSONNES,ANNEE,E,N,LATITUDE,LONGITUDE
35479,49000,220927096,20220509,Accident par tamponnement,Collision avec un véhicule en marche,Inattention et distraction - Manque d'attention momentané,Genève,Jour,Beau temps,Avec blessés légers,2499091.422,1119117.28,Route sèche,Route principale,130000.0,Lundi,0,0,1,0,0,0,0,0,0,0,0,1,1,0,0,0,0.0,0.0,0,0,,,2022,2499091.42,1119117.28,6.130942391961796,46.21592049368022
35480,49001,220214399,20220214,Accident en parquant,Collision avec un obstacle fixe (y compris véhicule correctement stationné),Etat de la personne - Influence de l'alcool,Genève,Jour,Beau temps,Avec dommages matériels,2500872.114,1117406.951,Route sèche,Route principale,160000.0,Lundi,0,0,0,0,0,0,0,0,0,0,0,0,1,0,0,0,0.0,0.0,0,0,,,2022,2500872.11,1117406.95,6.154378019204951,46.20080211996721
35481,49002,220825291,20220823,Accident en parquant,Avec violation de l'obligation de déclarer,Cause inconnue - Véhicule stationné (omission de la déclaration obligatoire),Genève,Jour,Beau temps,Avec dommages matériels,2500230.533,1117038.096,Route sèche,Route secondaire,120000.0,Mardi,0,0,0,0,0,0,0,0,0,0,0,0,0,0,0,0,0.0,0.0,0,0,,,2022,2500230.53,1117038.1,6.146146251937204,46.19738963341643
35482,49003,220318214,20220318,Accident en parquant,Collision avec une portière ouverte,Utilisation du véhicule - Ouverture imprudente de la portière,Meyrin,Jour,Beau temps,Avec dommages matériels,2494533.988,1120528.745,Route sèche,Route secondaire,90000.0,Vendredi,0,0,0,0,0,0,0,0,0,0,0,0,2,0,0,0,0.0,0.0,1,0,,,2022,2494533.99,1120528.75,6.071573890458302,46.227915879313706
35483,49004,220327013,20220327,Accident par tamponnement,Collision avec un véhicule en marche,Etat de la personne - Influence de l'alcool,Genève,Jour,Beau temps,Avec dommages matériels,2501826.757,1116196.984,Route sèche,Route principale,80000.0,Dimanche,0,0,0,0,0,0,0,0,0,0,0,0,2,0,0,0,0.0,0.0,0,0,,,2022,2501826.76,1116196.98,6.166998401236032,46.190059246265285
35484,49005,220916029,20220915,Accident lors d'un dépassement ou lors d'un changement de voie de circulation,Frôlement latéral avec le véhicule dépassé,Dépassement - En dépassant de trop près (latéral),Bellevue,Jour,Beau temps,Avec blessés légers,2500522.453,1122870.511,Route sèche,Autoroute,80000.0,Jeudi,0,0,1,0,0,0,0,0,0,0,0,1,1,0,0,0,0.0,0.0,0,0,,,2022,2500522.45,1122870.51,6.148683364547091,46.24989186137302
35485,49006,220312053,20220307,Accident par tamponnement,Collision avec véhicule à l'arrêt,Inattention et distraction - Manque d'attention momentané,Chêne-Bourg,Nuit,Beau temps,Avec dommages matériels,2503857.514,1116720.796,Route sèche,Route principale,190000.0,Lundi,0,0,0,0,0,0,0,1,0,0,0,0,1,0,0,0,0.0,0.0,0,0,,,2022,2503857.51,1116720.8,6.193190585275401,46.19506416975698
35486,48606,220724043,20220723,Dérapage ou perte de maîtrise,Collision avec un obstacle hors de la chaussée,Etat de la personne - Influence de l'alcool,Genève,Nuit,Beau temps,Avec dommages matériels,2498298.866,1118157.693,Route sèche,Route secondaire,230000.0,Samedi,0,0,0,0,0,0,0,0,0,0,0,0,1,0,0,0,0.0,0.0,0,0,,,2022,2498298.87,1118157.69,6.120882580153393,46.207170158299704
35487,48607,220622242,20220622,Accident lors d'un dépassement ou lors d'un changement de voie de circulation,Autre cas d'accident lors d'un dépassement ou lors d'un changement de voie de circulation,Dépassement - Autre attitude fautive en rapport avec un dépassement,Lancy,Jour,Beau temps,Avec dommages matériels,2498210.449,1115536.061,Route sèche,Route principale,120000.0,Mercredi,0,0,0,0,0,0,0,0,0,0,0,0,0,0,0,0,0.0,0.0,0,0,,,2022,2498210.45,1115536.06,6.120308678521495,46.18357698811117
35488,48608,221203049,20221019,Accident en parquant,Avec violation de l'obligation de déclarer,Cause inconnue - Véhicule stationné (omission de la déclaration obligatoire),Satigny,Jour,Beau temps,Avec dommages matériels,2493062.725,1120050.594,Route sèche,Autre,140000.0,Mercredi,0,0,0,0,0,0,0,0,0,0,0,0,0,0,0,0,0.0,0.0,0,0,,,2022,2493062.73,1120050.59,6.052616695489814,46.223382679051106
35489,48609,220111214,20220110,Accident en traversant une route,Collision avec le trafic traversant depuis la gauche,Priorité - Non-respect du signal de priorité «Cédez le passage»,Carouge (GE),Jour,Beau temps,Avec dommages matériels,2499579.444,1114576.798,Route sèche,Route principale,130000.0,Lundi,0,0,0,0,0,0,0,0,0,0,0,1,1,0,0,0,0.0,0.0,0,0,,,2022,2499579.44,1114576.8,6.138242227334151,46.17515489569587
35490,48610,220901008,20220901,Dérapage ou perte de maîtrise,Collision avec un obstacle sur la chaussée,"Vitesse - Inadaptée au tracé de la route (virage serré, proximité d'une intersection, etc.)",Le Grand-Saconnex,Nuit,Beau temps,Avec dommages matériels,2498303.177,1121664.691,Route sèche,Autoroute,0.0,Jeudi,0,0,0,0,0,0,0,0,0,0,0,0,1,0,0,0,0.0,0.0,0,0,,,2022,2498303.18,1121664.69,6.120173756121522,46.23871394526313
35491,48611,220508028,20220507,Accident par tamponnement,Collision avec un véhicule en marche,Inattention et distraction - Manque d'attention momentané,Meyrin,Jour,Beau temps,Avec blessés légers,2496800.289,1119716.204,Route sèche,Route principale,150000.0,Samedi,0,0,1,0,0,0,0,0,0,0,0,1,1,0,0,0,0.0,0.0,0,0,,,2022,2496800.29,1119716.2,6.101124169461389,46.22095945313889
35492,48612,220212024,20220204,Accident impliquant des animaux,Collision avec un animal domestique (D),Influence de tiers - Présence d'animaux domestiques sur la chaussée,Meyrin,Nuit,Temps couvert,Avec dommages matériels,2495058.99,1120430.994,Route sèche,Route principale,210000.0,Vendredi,0,0,0,0,0,0,0,0,0,0,0,0,1,0,0,0,0.0,0.0,0,0,,,2022,2495058.99,1120430.99,6.078399678599709,46.2271187978318
35493,48613,220505210,20220505,Accident impliquant des piétons,Piéton traversant la chaussée touché par un véhicule circulant en ligne droite,"Utilisation du véhicule - Manouvres incorrectes dans le véhicule (confusion frein - accélérateur, glisser de la pédale de frein dans les véhicules à transmission automatique, etc.)",Genève,Jour,Pluie,Avec blessés légers,2501363.256,1117596.487,Route mouillée,Route secondaire,120000.0,Jeudi,1,0,1,0,0,1,0,0,0,0,0,0,1,0,0,0,0.0,0.0,0,0,,,2022,2501363.26,1117596.49,6.160700014336435,46.20257916360364
35494,48614,220131002,20220130,Accident par tamponnement,Collision avec véhicule à l'arrêt,Inattention et distraction - Manque d'attention momentané,Lancy,Nuit,Beau temps,Avec blessés légers,2498552.618,1115965.32,Route sèche,Route principale,190000.0,Dimanche,0,0,1,0,0,0,0,0,0,0,0,1,1,0,0,0,0.0,0.0,0,0,,,2022,2498552.62,1115965.32,6.124646260306286,46.18748959903324
35495,48615,220621006,20220611,Dérapage ou perte de maîtrise,Collision avec un autre usager de la route,Inattention et distraction - Manque d'attention momentané,Genève,Jour,Beau temps,Avec dommages matériels,2500449.871,1117969.488,Route sèche,Route secondaire,170000.0,Samedi,0,0,0,0,0,0,0,0,0,0,0,1,1,0,0,0,0.0,0.0,0,0,,,2022,2500449.87,1117969.49,6.148788619325958,46.20579942395075
35496,48616,220902009,20220902,Dérapage ou perte de maîtrise,Collision avec un obstacle hors de la chaussée,Etat de la personne - Influence de l'alcool,Carouge (GE),Nuit,Beau temps,Avec dommages matériels,2498835.749,1115978.233,Route sèche,Route principale,30000.0,Vendredi,0,0,0,0,0,0,0,0,0,0,0,0,1,0,0,0,0.0,0.0,0,0,,,2022,2498835.75,1115978.23,6.128310030512752,46.18764837182944
35497,48617,220507007,20220506,Accident par tamponnement,Collision avec un véhicule en marche,Conduite - Suivre de trop près le véhicule qui précède,Genève,Nuit,Beau temps,Avec dommages matériels,2499183.29,1117948.323,Route sèche,Route principale,220000.0,Vendredi,0,0,0,0,0,0,0,0,0,0,0,0,2,0,0,0,0.0,0.0,0,0,,,2022,2499183.29,1117948.32,6.132385302055889,46.205420242536164
35498,48618,220407170,20220407,Dérapage ou perte de maîtrise,Sans collision,Inattention et distraction - Manque d'attention momentané,Genève,Jour,Pluie,Avec blessés légers,2499786.791,1119734.901,Route mouillée,Route principale,120000.0,Jeudi,0,0,1,0,0,0,0,0,0,0,0,1,0,0,0,0,0.0,0.0,0,0,,,2022,2499786.79,1119734.9,6.139819559636467,46.221579644414696
35499,48619,220930157,20220930,Accident lors d'un dépassement ou lors d'un changement de voie de circulation,Frôlement latéral avec le véhicule dépassé,Dépassement - Autre attitude fautive en rapport avec un dépassement,Versoix,Jour,Beau temps,Avec dommages matériels,2501230.799,1127938.139,Route sèche,Route principale,120000.0,Vendredi,0,0,0,0,0,0,0,0,0,0,0,0,1,0,0,0,0.0,0.0,1,0,,,2022,2501230.8,1127938.14,6.156792050950792,46.29557679861112
35500,48620,220215094,20220214,Accident impliquant des piétons,Autre cas d'accident impliquant des piétons,Conduite - Marche arrière imprudente,Bellevue,Jour,Pluie,Avec blessés graves,2500588.544,1123750.702,Route mouillée,Route secondaire,140000.0,Lundi,0,0,0,1,0,0,0,0,0,0,0,0,0,1,0,0,0.0,0.0,1,0,,,2022,2500588.54,1123750.7,6.149352405915267,46.25781842854616
35501,48621,221027184,20221027,Accident lors d'un dépassement ou lors d'un changement de voie de circulation,Collision lors du changement de voie vers la gauche,Conduite - Manque d'égards en changeant de voie,Genève,Jour,Beau temps,Avec blessés légers,2500012.012,1117259.496,Route sèche,Route principale,90000.0,Jeudi,0,0,1,0,0,0,1,0,0,0,0,0,0,1,0,0,0.0,0.0,1,0,,,2022,2500012.01,1117259.5,6.143268448377263,46.19934852223148
35502,48622,221031381,20221031,Dérapage ou perte de maîtrise,Collision avec un autre usager de la route,"Utilisation du véhicule - Manouvres incorrectes dans le véhicule (confusion frein - accélérateur, glisser de la pédale de frein dans les véhicules à transmission automatique, etc.)",Carouge (GE),Jour,Beau temps,Avec dommages matériels,2499317.022,1114867.051,Route sèche,Route principale,150000.0,Lundi,0,0,0,0,0,0,0,0,0,0,0,0,3,0,0,0,0.0,0.0,0,0,,,2022,2499317.02,1114867.05,6.1347820737444,46.17772627041849
35503,49007,220214006,20220213,Dérapage ou perte de maîtrise,Collision avec un autre usager de la route,Etat de l'infrastructure - Passage des rails à angle aigu pour les conducteurs des véhicules à deux roues,Chêne-Bougeries,Nuit,Beau temps,Avec dommages matériels,2503554.107,1116954.579,Route sèche,Route principale,200000.0,Dimanche,0,0,0,0,0,0,1,0,0,0,0,0,1,0,0,0,0.0,0.0,0,0,,,2022,2503554.11,1116954.58,6.189212628151122,46.197123436467145
35504,49008,220916132,20220916,Accident en quittant une route,Collision avec le trafic dans le même sens lors d'un demi-tour,Conduite - Demi-tour imprudent,Genève,Jour,Beau temps,Avec blessés légers,2499876.002,1118782.258,Route humide,Route secondaire,80000.0,Vendredi,0,0,1,0,0,0,0,0,0,0,0,1,0,1,0,0,0.0,0.0,0,0,,,2022,2499876.0,1118782.26,6.141180026015517,46.213024543333795
35505,49009,220603233,20220602,Dérapage ou perte de maîtrise,"Lors de l'évitement, avec collision",Vitesse - Inadaptée aux conditions du trafic,Plan-les-Ouates,Jour,Temps couvert,Avec blessés graves,2497231.702,1114090.573,Route sèche,Route secondaire,170000.0,Jeudi,0,0,0,1,0,0,0,0,0,0,0,1,1,0,0,0,0.0,0.0,0,0,,,2022,2497231.7,1114090.57,6.1079526726263325,46.17042696996824
35506,49010,220701218,20220701,Accident en traversant une route,Collision avec le trafic traversant depuis la droite,Priorité - Refus d'accorder la priorité au tramway,Genève,Jour,Beau temps,Avec blessés graves,2500800.151,1117501.324,Route sèche,Route principale,170000.0,Vendredi,0,0,1,2,0,0,0,0,0,0,0,0,1,0,0,0,1.0,0.0,0,1,,,2022,2500800.15,1117501.32,6.153425840500513,46.20164030550162
35507,49011,220506001,20220505,Accident par tamponnement,Collision avec véhicule à l'arrêt,Etat de la personne - Influence de l'alcool,Thônex,Nuit,Beau temps,Avec dommages matériels,2505289.944,1117052.798,Route sèche,Route principale,220000.0,Jeudi,0,0,0,0,0,0,0,0,0,0,0,0,1,1,0,0,0.0,0.0,0,0,,,2022,2505289.94,1117052.8,6.211676264169994,46.19825366206901
35508,49012,220603038,20220430,Dérapage ou perte de maîtrise,Collision avec un obstacle hors de la chaussée,Etat de la personne - Maladies physiques ou psychiques,Confignon,Nuit,Beau temps,Avec dommages matériels,2495967.505,1115107.327,Route sèche,Route principale,50000.0,Samedi,0,0,0,0,0,0,0,0,0,0,0,0,1,0,0,0,0.0,0.0,0,0,,,2022,2495967.5,1115107.33,6.091360009533758,46.17937763479452
35509,49013,220507008,20220507,Dérapage ou perte de maîtrise,Sans collision,Etat de la personne - Influence de l'alcool,Vernier,Nuit,Beau temps,Avec blessés légers,2497415.745,1118653.24,Route sèche,Route principale,0.0,Samedi,0,0,1,0,0,0,0,0,0,0,0,0,0,0,0,0,0.0,0.0,0,0,,,2022,2497415.75,1118653.24,6.1093330474482705,46.21149309237548
35510,49014,220224223,20220224,Accident par tamponnement,Collision avec véhicule à l'arrêt,Entretien du véhicule - Freins défectueux,Chêne-Bougeries,Jour,Beau temps,Avec blessés légers,2503200.39,1117106.292,Route sèche,Route principale,110000.0,Jeudi,0,0,1,0,0,0,0,0,0,0,0,0,1,0,0,0,0.0,0.0,0,0,,,2022,2503200.39,1117106.29,6.184599591001583,46.19843714536738
35511,49015,221123001,20221122,Accident par tamponnement,Collision avec véhicule à l'arrêt,Etat de la personne - Influence de l'alcool,Thônex,Nuit,Temps couvert,Avec blessés graves,2504367.513,1116073.721,Route mouillée,Route principale,200000.0,Mardi,0,0,1,1,0,0,0,0,0,0,0,0,4,0,0,0,0.0,0.0,0,0,,,2022,2504367.51,1116073.72,6.199928693260488,46.18931676822156
35512,49016,220813077,20220618,Accident par tamponnement,Collision avec véhicule à l'arrêt,Dépassement - En dépassant de trop près (latéral),Genève,Jour,Beau temps,Avec dommages matériels,2501308.695,1115953.733,Route sèche,Autre,120000.0,Samedi,0,0,0,0,0,0,0,0,0,0,0,0,2,0,0,0,0.0,0.0,1,0,,,2022,2501308.7,1115953.73,6.160340509751332,46.18779551814102
35513,49017,220416027,20220416,Dérapage ou perte de maîtrise,Collision avec un obstacle hors de la chaussée,Etat de la personne - Influence de l'alcool,Genève,Aurore / crépuscule,Beau temps,Avec dommages matériels,2499950.774,1116949.129,Route sèche,Autre,70000.0,Samedi,0,0,0,0,0,0,0,0,0,0,0,0,1,0,0,0,0.0,0.0,0,0,,,2022,2499950.77,1116949.13,6.142541724256061,46.196547829529685
35514,49018,22068227,20220624,Accident en parquant,Avec violation de l'obligation de déclarer,Cause inconnue - Véhicule stationné (omission de la déclaration obligatoire),Lancy,Inconnu,Autre,Avec dommages matériels,2498474.702,1115197.288,Autre,Route principale,230000.0,Vendredi,0,0,0,0,0,0,0,0,0,0,0,0,0,0,0,0,0.0,0.0,0,0,,,2022,2498474.7,1115197.29,6.123804128174613,46.180569927849334
35515,49019,221209042,20221209,Dérapage ou perte de maîtrise,Sans collision,Etat de la personne - Influence de l'alcool,Carouge (GE),Nuit,Chute de neige,Avec dommages matériels,2499627.115,1115452.719,Route enneigée,Route secondaire,60000.0,Vendredi,0,0,0,0,0,0,0,0,0,0,0,1,0,0,0,0,0.0,0.0,0,0,,,2022,2499627.11,1115452.72,6.1386712231173854,46.18304034297446
35516,49020,220814013,20220814,Dérapage ou perte de maîtrise,Sans collision,Etat de la personne - Influence de l'alcool,Genève,Nuit,Beau temps,Avec blessés graves,2499650.162,1119815.751,Route sèche,Route principale,0.0,Dimanche,0,0,0,1,0,0,0,1,0,0,0,0,0,0,0,0,0.0,0.0,0,0,,,2022,2499650.16,1119815.75,6.138031678730101,46.22228644996242
35517,49021,220624004,20220623,Dérapage ou perte de maîtrise,Collision avec un obstacle hors de la chaussée,"Etat de la personne - Excès de fatigue, endormissement (y compris endormissement passager)",Versoix,Jour,Beau temps,Avec blessés légers,2500423.448,1128007.31,Route sèche,Route principale,180000.0,Jeudi,0,0,2,0,0,0,0,0,0,0,0,0,0,1,0,0,0.0,0.0,0,0,,,2022,2500423.45,1128007.31,6.14630113403477,46.29607963197175
35518,49022,221122274,20221121,Accident par tamponnement,Collision avec véhicule à l'arrêt,Inattention et distraction - Manque d'attention momentané,Thônex,Nuit,Pluie,Avec blessés légers,2504249.917,1116151.0,Route mouillée,Route principale,170000.0,Lundi,0,0,1,0,0,0,0,0,0,0,0,1,2,0,0,0,0.0,0.0,0,0,,,2022,2504249.92,1116151.0,6.198389969822097,46.18999512509656
35519,49023,221218056,20221218,Dérapage ou perte de maîtrise,Collision avec un obstacle hors de la chaussée,Etat de la personne - Influence de l'alcool,Genève,Jour,Temps couvert,Avec dommages matériels,2499529.493,1118226.132,Route sèche,Route principale,160000.0,Dimanche,0,0,0,0,0,0,0,0,0,0,0,0,1,0,0,0,0.0,0.0,0,0,,,2022,2499529.49,1118226.13,6.136810309658732,46.20797079985456
35520,49024,221201031,20221130,Accident par tamponnement,Collision avec véhicule à l'arrêt,Conduite - Suivre de trop près le véhicule qui précède,Vernier,Jour,Temps couvert,Avec dommages matériels,2497595.79,1119777.484,Route sèche,Route secondaire,110000.0,Mercredi,0,0,0,0,0,0,0,0,0,0,0,0,1,1,0,0,0.0,0.0,0,0,,,2022,2497595.79,1119777.48,6.111418833204004,46.22163231654264
35521,49025,220428170,20220428,Accident impliquant des piétons,Piéton touché par un véhicule obliquant à gauche,Priorité - Autres attitude fautive en lien avec la priorité,Veyrier,Jour,Beau temps,Avec blessés graves,2503376.761,1113587.727,Route sèche,Route principale,90000.0,Jeudi,0,0,0,1,0,1,0,0,0,0,0,0,1,0,0,0,0.0,0.0,0,0,,,2022,2503376.76,1113587.73,6.187611953261085,46.16681503568542
35522,48623,221210013,20221210,Dérapage ou perte de maîtrise,Collision avec un obstacle hors de la chaussée,Etat de la personne - Influence de l'alcool,Genève,Nuit,Beau temps,Avec blessés légers,2500290.791,1119533.817,Route sèche,Route principale,40000.0,Samedi,0,0,1,0,0,0,0,0,0,0,0,0,1,0,0,0,0.0,0.0,0,0,,,2022,2500290.79,1119533.82,6.1463935153626315,46.21984602512687
35523,48624,220913401,20220913,Accident en parquant,Avec violation de l'obligation de déclarer,Cause inconnue - Véhicule stationné (omission de la déclaration obligatoire),Genève,Jour,Beau temps,Avec dommages matériels,2500125.981,1118293.838,Route sèche,Autre,190000.0,Mardi,0,0,0,0,0,0,0,0,0,0,0,0,0,0,0,0,0.0,0.0,0,0,,,2022,2500125.98,1118293.84,6.144523366655416,46.208668703667456
35524,48625,220901020,20220831,Dérapage ou perte de maîtrise,Sans collision,Inattention et distraction - Manque d'attention momentané,Genthod,Jour,Beau temps,Avec blessés graves,2500741.91,1124796.283,Route sèche,Route principale,160000.0,Mercredi,0,0,0,1,0,0,0,0,0,0,0,0,0,0,0,0,0.0,0.0,0,0,,,2022,2500741.91,1124796.28,6.1511183075696465,46.26724548684706
35525,48626,221213269,20221213,Autres,Autres,"Chargement ou passager du véhicule - Grue mal / pas fixée, pont de chargement mal / pas rentré",Lancy,Jour,Temps couvert,Avec dommages matériels,2498376.093,1114682.946,Route mouillée,Route secondaire,150000.0,Mardi,0,0,0,0,0,0,0,0,0,0,0,0,0,0,1,0,0.0,0.0,0,0,,,2022,2498376.09,1114682.95,6.122639163425104,46.17592889571077
35526,48627,220926350,20220920,Accident en traversant une route,Collision avec le trafic traversant depuis la droite,Signalisation lumineuse - Non-respect d'un feu rouge,Genève,Nuit,Temps couvert,Avec dommages matériels,2499808.725,1118058.212,Route mouillée,Route principale,230000.0,Mardi,0,0,0,0,0,0,1,0,0,0,0,0,1,0,0,0,0.0,0.0,0,0,,,2022,2499808.73,1118058.21,6.140463920884485,46.20650214662977
35527,48628,221012042,20221012,Dérapage ou perte de maîtrise,Sans collision,Inattention et distraction - Manque d'attention momentané,Genève,Nuit,Pluie,Avec blessés graves,2498966.133,1117435.661,Route mouillée,Route principale,60000.0,Mercredi,0,0,0,1,0,0,0,0,0,0,0,1,0,0,0,0,0.0,0.0,0,0,,,2022,2498966.13,1117435.66,6.129683098231154,46.20077659700753
35528,48629,220919037,20220919,Collision frontale,Collision frontale avec le trafic venant en sens inverse (sans dépassement),Signalisation lumineuse - Non-respect d'un feu rouge,Lancy,Jour,Beau temps,Avec blessés légers,2498873.054,1114472.38,Route sèche,Route principale,70000.0,Lundi,0,0,1,0,0,0,0,0,0,0,0,1,1,0,0,0,0.0,0.0,0,0,,,2022,2498873.05,1114472.38,6.129119064241987,46.17410986653883
35529,48630,220430015,20220430,Dérapage ou perte de maîtrise,Sans collision,Etat de la personne - Influence de l'alcool,Genève,Nuit,Beau temps,Avec blessés légers,2499635.534,1117805.455,Route sèche,Route principale,30000.0,Samedi,0,0,1,0,0,0,0,0,0,0,0,0,0,0,0,0,0.0,0.0,0,0,,,2022,2499635.53,1117805.45,6.138274527371748,46.20420289331263
35530,48631,221013012,20220724,Dérapage ou perte de maîtrise,Collision avec un obstacle hors de la chaussée,Cause inconnue - Cause inconnue,Carouge (GE),Jour,Autre,Avec dommages matériels,2499368.75,1115516.982,Autre,Route secondaire,190000.0,Dimanche,0,0,0,0,0,0,0,0,0,0,0,0,0,0,0,0,0.0,0.0,0,0,,,2022,2499368.75,1115516.98,6.135311854871084,46.18357970725755
35531,48632,221202259,20221202,Accident lors d'un dépassement ou lors d'un changement de voie de circulation,Collision lors du changement de voie vers la droite,Conduite - Manque d'égards en changeant de voie,Genève,Nuit,Beau temps,Avec blessés légers,2499825.796,1116718.483,Route sèche,Route principale,190000.0,Vendredi,0,0,1,0,0,0,0,1,0,0,0,1,0,0,0,0,0.0,0.0,0,0,,,2022,2499825.8,1116718.48,6.1409725630047935,46.1944546707211
35532,48633,220415002,20220413,Accident en parquant,Avec violation de l'obligation de déclarer,Cause inconnue - Véhicule stationné (omission de la déclaration obligatoire),Genève,Inconnu,Autre,Avec dommages matériels,2498159.94,1118091.667,Autre,Route principale,150000.0,Mercredi,0,0,0,0,0,0,0,0,0,0,0,0,0,0,0,0,0.0,0.0,0,0,,,2022,2498159.94,1118091.67,6.119097180066223,46.206555318425465
35533,48634,220611094,20220611,Dérapage ou perte de maîtrise,Collision avec un obstacle sur la chaussée,Inattention et distraction - Manque d'attention momentané,Cologny,Jour,Beau temps,Avec blessés graves,2503010.761,1119842.868,Route sèche,Route principale,100000.0,Samedi,0,0,0,1,0,0,1,0,0,0,0,0,0,0,0,0,0.0,0.0,1,0,,,2022,2503010.76,1119842.87,6.1815745139297835,46.22302383159935
35534,48635,221017217,20221017,Accident en traversant une route,Collision avec le trafic traversant depuis la droite,Priorité - Non-respect du signal de priorité «Stop»,Genève,Jour,Beau temps,Avec blessés légers,2501335.529,1117891.607,Route sèche,Route secondaire,80000.0,Lundi,0,0,1,0,0,0,0,0,0,0,0,1,1,0,0,0,0.0,0.0,0,0,,,2022,2501335.53,1117891.61,6.160278418887333,46.20522952218707
35535,48636,220415007,20220414,Accident par tamponnement,Collision avec véhicule à l'arrêt,Inattention et distraction - Manque d'attention momentané,Carouge (GE),Jour,Beau temps,Avec blessés légers,2500184.003,1115676.482,Route sèche,Route principale,80000.0,Jeudi,1,0,2,0,0,0,0,1,0,0,0,0,0,0,1,0,0.0,0.0,0,0,,,2022,2500184.0,1115676.48,6.145834632627106,46.18513581342268
35536,48637,221020305,20221020,Dérapage ou perte de maîtrise,Collision avec un obstacle hors de la chaussée,Etat de la personne - Influence de l'alcool,Versoix,Aurore / crépuscule,Temps couvert,Avec dommages matériels,2500103.9,1126425.089,Route sèche,Route principale,190000.0,Jeudi,0,0,0,0,0,0,0,0,0,0,0,0,1,0,0,0,0.0,0.0,0,0,,,2022,2500103.9,1126425.09,6.142494342513223,46.28180102603328
35537,48638,221128438,20221123,Dérapage ou perte de maîtrise,Collision avec un obstacle hors de la chaussée,Etat de la personne - Influence de l'alcool,Vandoeuvres,Nuit,Temps couvert,Avec dommages matériels,2505196.289,1120269.185,Route humide,Route principale,0.0,Mercredi,0,0,0,0,0,0,0,0,0,0,0,0,1,0,0,0,0.0,0.0,0,0,,,2022,2505196.29,1120269.18,6.209809674550708,46.22717018051645
35538,48639,220729227,20220729,Accident lors d'un dépassement ou lors d'un changement de voie de circulation,Frôlement latéral avec le véhicule dépassé,Dépassement - En dépassant de trop près (latéral),Cologny,Jour,Temps couvert,Avec blessés légers,2502638.387,1117650.581,Route humide,Route secondaire,130000.0,Vendredi,0,0,1,0,0,0,0,0,0,0,0,1,1,0,0,0,0.0,0.0,0,0,,,2022,2502638.39,1117650.58,6.17720655893762,46.203251567342
35539,48640,221004232,20221004,Accident lors d'un dépassement ou lors d'un changement de voie de circulation,Collision en déboîtant devant un véhicule en train de dépasser,Dépassement - Autre attitude fautive en rapport avec un dépassement,Veyrier,Jour,Beau temps,Avec blessés légers,2502683.751,1114654.404,Route sèche,Route principale,100000.0,Mardi,0,0,1,0,0,0,0,0,0,0,0,0,2,0,1,0,0.0,0.0,0,0,,,2022,2502683.75,1114654.4,6.1784185585884,46.17630920895071
35540,48641,221109155,20221109,Accident par tamponnement,Collision avec véhicule à l'arrêt,Inattention et distraction - Manque d'attention momentané,Carouge (GE),Jour,Pluie,Avec blessés légers,2500173.508,1115243.871,Route mouillée,Route principale,110000.0,Mercredi,0,0,1,0,0,0,0,0,0,0,0,1,1,0,0,0,0.0,0.0,1,0,,,2022,2500173.51,1115243.87,6.145791248928368,46.18124320374524
35541,49026,220919138,20220919,Accident lors d'un dépassement ou lors d'un changement de voie de circulation,Collision lors du changement de voie vers la droite,Conduite - Manque d'égards en changeant de voie,Lancy,Jour,Beau temps,Avec blessés graves,2498750.803,1116329.788,Route sèche,Route principale,90000.0,Lundi,0,0,0,1,0,0,0,0,1,0,0,0,1,0,0,0,0.0,0.0,0,0,,,2022,2498750.8,1116329.79,6.127133692755446,46.19079763376369
35542,49027,220917045,20220917,Dérapage ou perte de maîtrise,Collision avec un obstacle hors de la chaussée,Inattention et distraction - Manque d'attention momentané,Le Grand-Saconnex,Jour,Beau temps,Avec blessés graves,2497924.194,1120622.339,Route sèche,Route principale,100000.0,Samedi,0,0,0,1,0,0,0,0,0,0,0,0,0,0,0,0,0.0,0.0,0,0,,,2022,2497924.19,1120622.34,6.115489393815032,46.22928122696239
35543,49028,221209153,20221209,Accident impliquant des piétons,Piéton traversant la chaussée touché par un véhicule circulant en ligne droite,Priorité - Ne pas accorder la priorité à un passage pour piétons,Lancy,Jour,Chute de neige,Avec blessés légers,2498899.185,1115091.384,Route enneigée,Route principale,130000.0,Vendredi,0,0,1,0,0,1,0,0,0,0,0,0,1,0,0,0,0.0,0.0,0,0,,,2022,2498899.18,1115091.38,6.129323418061359,46.179681286069716
35544,49029,220603237,20220603,Collision frontale,Frôlement avec le trafic en sens inverse (sans dépassement),Priorité - Autres attitude fautive en lien avec la priorité,Genève,Jour,Beau temps,Avec dommages matériels,2500991.436,1115884.355,Route sèche,Route principale,80000.0,Vendredi,0,0,0,0,0,0,0,0,0,0,0,0,1,1,0,0,0.0,0.0,0,0,,,2022,2500991.44,1115884.36,6.1562466152464665,46.18712493719593