,OBJECTID,ID_ACCIDENT,DATE_,GROUPE_ACCIDENT,TYPE,CAUSE,COMMUNE,CONDITIONS_LUMINEUSES,CONDITIONS_METEO,CONSEQUENCES,COOR_X,COOR_Y,ETAT_ROUTE,GENRE_ROUTE,HEURE,JOUR,NB_ENFANTS_IMPLIQUES,NB_ENFANTS_ECOLE,NB_BLESSES_LEGERS,NB_BLESSES_GRAVES,NB_TUES,NB_PIETONS,NB_BICYCLETTES,NB_VAE_25,NB_VAE_45,NB_CYCLOMOTEURS,NB_MOTOS_50,NB_MOTOS,NB_VOITURES_TOURISME,NB_VOITURES_LIVRAISON,NB_CAMIONS,NB_BUS,NB_TRAM,NB_TRAINS,NB_SENIORS,NB_TC,REF_GROUPE_CAUSE,TOTAL_PERSONNES,ANNEE,E,N,LATITUDE,LONGITUDE
35545,49030,221220377,20221213,Dérapage ou perte de maîtrise,Collision avec un obstacle hors de la chaussée,Inattention et distraction - Manque d'attention momentané,Collonge-Bellerive,Nuit,Beau temps,Avec dommages matériels,2504661.884,1122980.111,Route sèche,Route principale,210000.0,Mardi,0,0,0,0,0,0,0,0,0,0,0,0,1,0,0,0,0.0,0.0,0,0,,,2022,2504661.88,1122980.11,6.2023293627396985,46.25147800594097
35546,49031,230102084,20221201,Accident en parquant,Avec violation de l'obligation de déclarer,Cause inconnue - Véhicule stationné (omission de la déclaration obligatoire),Genève,Inconnu,Autre,Avec dommages matériels,2500514.003,1117805.738,Autre,Autre,190000.0,Jeudi,0,0,0,0,0,0,0,0,0,0,0,0,0,0,0,0,0.0,0.0,0,0,,,2022,2500514.0,1117805.74,6.1496542987350695,46.204336088235245
35547,49032,220426357,20220426,Accident impliquant des piétons,Piéton traversant la chaussée touché par un véhicule circulant en ligne droite,Comportement du piéton / du conducteur d'EAV - Traversée imprudente de la route,Carouge (GE),Jour,Beau temps,Avec blessés graves,2499056.645,1116123.677,Route sèche,Route principale,160000.0,Mardi,0,0,1,1,0,1,1,0,0,0,0,0,0,0,0,0,0.0,0.0,0,0,,,2022,2499056.64,1116123.68,6.1311391529226125,46.188989794998285
35548,49033,220715101,20220714,Dérapage ou perte de maîtrise,"Lors de l'évitement, avec collision",Conduite - Manque d'égards en changeant de voie,Vernier,Jour,Beau temps,Avec dommages matériels,2497452.949,1118082.277,Route sèche,Route principale,150000.0,Jeudi,0,0,0,0,0,0,0,0,0,0,0,0,2,0,0,0,0.0,0.0,0,0,,,2022,2497452.95,1118082.28,6.109940469043323,46.20636337804784
35549,49034,221210047,20221116,Accident en parquant,Collision avec une portière ouverte,Utilisation du véhicule - Ouverture imprudente de la portière,Genève,Jour,Beau temps,Avec blessés graves,2501813.807,1116544.56,Route sèche,Route secondaire,110000.0,Mercredi,0,0,0,1,0,0,1,0,0,0,0,0,1,0,0,0,0.0,0.0,1,0,,,2022,2501813.81,1116544.56,6.166757600119872,46.19318363189451
35550,49035,221210064,20221122,Dérapage ou perte de maîtrise,Sans collision,Etat du véhicule - Autre défectuosité de l'état du véhicule,Bellevue,Jour,Pluie,Avec blessés légers,2500734.799,1123486.22,Route mouillée,Route secondaire,160000.0,Mardi,1,0,1,0,0,0,0,0,0,0,0,1,0,0,0,0,0.0,0.0,0,0,,,2022,2500734.8,1123486.22,6.151305306831706,46.25546122360684
35551,49036,220314303,20220314,Dérapage ou perte de maîtrise,Collision avec un obstacle sur la chaussée,Influence de tiers - Présence d'animaux domestiques sur la chaussée,Genève,Jour,Beau temps,Avec blessés légers,2498526.774,1120115.645,Route sèche,Route secondaire,140000.0,Lundi,0,0,1,0,0,0,0,0,0,0,0,0,1,0,0,0,0.0,0.0,1,0,,,2022,2498526.77,1120115.64,6.123409114466914,46.224815066481575
35552,49037,220706005,20220705,Accident en s'engageant sur une route,Collision en s'engageant depuis le bord de la route,Priorité - Autres attitude fautive en lien avec la priorité,Anières,Jour,Beau temps,Avec blessés légers,2507419.258,1124796.0,Route sèche,Route principale,190000.0,Mardi,0,0,1,0,0,0,0,0,0,0,0,1,1,0,0,0,0.0,0.0,0,0,,,2022,2507419.26,1124796.0,6.237719603509891,46.268196913177015
35553,49038,220827045,20220827,Accident lors d'un dépassement ou lors d'un changement de voie de circulation,Autre cas d'accident lors d'un dépassement ou lors d'un changement de voie de circulation,Cause inconnue - Cause inconnue,Meyrin,Jour,Beau temps,Avec dommages matériels,2495438.428,1120469.275,Route sèche,Route principale,90000.0,Samedi,0,0,0,0,0,0,0,0,0,0,0,0,2,0,0,0,0.0,0.0,1,0,,,2022,2495438.43,1120469.27,6.083308419396804,46.22752224953279
35554,49039,220924009,20220924,Dérapage ou perte de maîtrise,Collision avec un obstacle hors de la chaussée,"Vitesse - Poursuite, course",Genève,Nuit,Pluie,Avec dommages matériels,2500275.419,1118474.387,Route mouillée,Route principale,30000.0,Samedi,0,0,0,0,0,0,0,0,0,0,0,0,1,0,0,0,0.0,0.0,0,0,,,2022,2500275.42,1118474.39,6.146420807567014,46.21031482721127
35555,49040,220622001,20220621,Accident par tamponnement,Collision avec véhicule à l'arrêt,Inattention et distraction - Manque d'attention momentané,Genève,Jour,Beau temps,Avec dommages matériels,2500194.355,1117047.032,Route sèche,Route principale,190000.0,Mardi,0,0,0,0,0,0,0,0,0,0,0,0,2,0,0,0,0.0,0.0,0,0,,,2022,2500194.36,1117047.03,6.145675850200466,46.197464584483384
35556,49041,220511272,20220511,Accident en s'engageant sur une route,Collision en obliquant à gauche avec le trafic venant de droite,Inattention et distraction - Manque d'attention momentané,Troinex,Jour,Beau temps,Avec blessés graves,2500514.0,1111883.0,Route sèche,Route principale,130000.0,Mercredi,0,0,0,1,0,0,0,0,0,0,0,1,1,0,0,0,0.0,0.0,0,0,,,2022,2500514.0,1111883.0,6.150915543722294,46.151064767858834
35557,49042,220407205,20220407,Dérapage ou perte de maîtrise,Collision avec un obstacle hors de la chaussée,"Etat de la personne - Excès de fatigue, endormissement (y compris endormissement passager)",Bernex,Jour,Pluie,Avec dommages matériels,2495111.957,1115967.061,Route mouillée,Semi-autoroute,140000.0,Jeudi,0,0,0,0,0,0,0,0,0,0,0,0,1,0,0,0,0.0,0.0,1,0,,,2022,2495111.96,1115967.06,6.080089380329949,46.186977367697956
35558,49043,221112074,20221112,Dérapage ou perte de maîtrise,Collision avec un obstacle hors de la chaussée,Etat de la personne - Influence de l'alcool,Gy,Nuit,Beau temps,Avec dommages matériels,2508834.996,1123028.782,Route sèche,Route secondaire,200000.0,Samedi,0,0,0,0,0,0,0,0,0,0,0,0,1,0,0,0,0.0,0.0,0,0,,,2022,2508835.0,1123028.78,6.256427208174912,46.252495219375106
35559,48350,220118010,20220117,Accident lors d'un dépassement ou lors d'un changement de voie de circulation,Collision avec le véhicule dépassé par la droite,Dépassement - Dépassement par la droite,Genève,Nuit,Beau temps,Avec dommages matériels,2500002.677,1117739.601,Route sèche,Route principale,200000.0,Lundi,0,0,0,0,0,0,1,0,0,0,0,0,0,0,0,0,1.0,0.0,0,1,,,2022,2500002.68,1117739.6,6.143044745631096,46.203665331195694
35560,48351,221109223,20221109,Accident lors d'un dépassement ou lors d'un changement de voie de circulation,Collision avec le véhicule dépassé en déboîtant,Dépassement - Autre attitude fautive en rapport avec un dépassement,Genève,Nuit,Pluie,Avec blessés graves,2501909.798,1117484.347,Route mouillée,Route secondaire,190000.0,Mercredi,0,0,0,1,0,0,0,0,0,0,0,1,1,0,0,0,0.0,0.0,0,0,,,2022,2501909.8,1117484.35,6.1678033577412945,46.201650503070574
35561,48352,220702012,20220702,Dérapage ou perte de maîtrise,Collision avec un obstacle sur la chaussée,Etat de la personne - Influence de l'alcool,Carouge (GE),Aurore / crépuscule,Beau temps,Avec dommages matériels,2499317.022,1114867.051,Route sèche,Route principale,40000.0,Samedi,0,0,0,0,0,0,0,0,0,0,0,0,0,1,0,0,0.0,0.0,0,0,,,2022,2499317.02,1114867.05,6.1347820737444,46.17772627041849
35562,48353,221001081,20221001,Accident impliquant des piétons,Autre cas d'accident impliquant des piétons,Priorité - Refus d'accorder la priorité au trafic du trottoir (traversée du trottoir),Le Grand-Saconnex,Jour,Pluie,Avec blessés légers,2498592.798,1121266.903,Route mouillée,Route principale,150000.0,Samedi,0,0,1,0,0,1,0,0,0,0,0,0,1,0,0,0,0.0,0.0,0,0,,,2022,2498592.8,1121266.9,6.124014427848884,46.235179864274926
35563,48354,221129241,20221129,Accident lors d'un dépassement ou lors d'un changement de voie de circulation,Collision avec le trafic venant en sens inverse,Dépassement - Franchissement de la ligne de sécurité,Carouge (GE),Jour,Pluie,Avec blessés légers,2499578.161,1114766.903,Route mouillée,Route principale,100000.0,Mardi,0,0,1,0,0,0,0,0,0,0,0,2,0,0,0,0,0.0,0.0,0,0,,,2022,2499578.16,1114766.9,6.138184795223062,46.17686453008407
35564,48355,221117002,20221116,Dérapage ou perte de maîtrise,Collision avec un obstacle hors de la chaussée,Etat de la personne - Influence de l'alcool,Genève,Nuit,Pluie,Avec dommages matériels,2500389.533,1118120.039,Route mouillée,Route principale,230000.0,Mercredi,0,0,0,0,0,0,0,0,0,0,0,0,1,0,0,0,0.0,0.0,0,0,,,2022,2500389.53,1118120.04,6.147974809839828,46.207144588971914
35565,48356,221103246,20221103,Accident lors d'un dépassement ou lors d'un changement de voie de circulation,Collision lors du changement de voie vers la droite,Conduite - Suivre de trop près le véhicule qui précède,Le Grand-Saconnex,Jour,Temps couvert,Avec dommages matériels,2498575.267,1121982.21,Route sèche,Autoroute,100000.0,Jeudi,0,0,0,0,0,0,0,0,0,0,0,0,1,0,1,0,0.0,0.0,0,0,,,2022,2498575.27,1121982.21,6.123631577892688,46.24161096472017
35566,48357,220707060,20220707,Dérapage ou perte de maîtrise,Collision avec un obstacle sur la chaussée,"Etat de la personne - Excès de fatigue, endormissement (y compris endormissement passager)",Carouge (GE),Jour,Beau temps,Avec blessés légers,2499580.68,1114548.948,Route sèche,Route secondaire,70000.0,Jeudi,0,0,1,0,0,0,0,0,0,0,0,0,1,0,0,0,0.0,0.0,0,0,,,2022,2499580.68,1114548.95,6.138264267530889,46.17490458826514
35567,48358,220526030,20220526,Dérapage ou perte de maîtrise,Sans collision,Etat de la personne - Influence de l'alcool,Bernex,Nuit,Beau temps,Avec blessés légers,2495472.518,1115974.067,Route sèche,Route secondaire,60000.0,Jeudi,0,0,1,0,0,0,0,0,0,0,0,1,0,0,0,0,0.0,0.0,0,0,,,2022,2495472.52,1115974.07,6.084757018264297,46.1870965610202
35568,48359,220823301,20220823,Accident impliquant des piétons,Piéton touché par un véhicule arrivant dans son dos sur sa gauche,Vitesse - Inadaptée aux conditions du trafic,Genève,Jour,Beau temps,Avec blessés légers,2500707.871,1117721.839,Route sèche,Autre,180000.0,Mardi,0,0,2,0,0,1,0,1,0,0,0,0,0,0,0,0,0.0,0.0,0,0,,,2022,2500707.87,1117721.84,6.152183576236108,46.20361012387847
35569,48360,220729208,20220729,Dérapage ou perte de maîtrise,Sans collision,Inattention et distraction - Manque d'attention momentané,Carouge (GE),Jour,Pluie,Avec blessés légers,2499807.435,1115357.951,Route humide,Route principale,120000.0,Vendredi,0,0,1,0,0,0,0,0,1,0,0,0,0,0,0,0,0.0,0.0,1,0,,,2022,2499807.43,1115357.95,6.141026531826092,46.18221483823077
35570,48361,221002005,20220830,Accident lors d'un dépassement ou lors d'un changement de voie de circulation,Collision lors du changement de voie vers la gauche,Conduite - Manque d'égards en changeant de voie,Carouge (GE),Jour,Pluie,Avec dommages matériels,2499500.239,1114949.257,Route mouillée,Route principale,180000.0,Mardi,0,0,0,0,0,0,0,0,0,0,0,0,2,0,0,0,0.0,0.0,0,0,,,2022,2499500.24,1114949.26,6.1371366882198775,46.178493099926584
35571,48362,220116035,20220110,Accident par tamponnement,Collision avec un véhicule en marche,Priorité - Non-respect du signal de priorité «Cédez le passage»,Cologny,Jour,Temps couvert,Avec dommages matériels,2503162.485,1118672.225,Route sèche,Route principale,90000.0,Lundi,0,0,0,0,0,0,0,0,0,0,0,0,2,0,0,0,0.0,0.0,1,0,,,2022,2503162.48,1118672.23,6.18378362255959,46.21251644905345
35572,48363,220604070,20220604,Dérapage ou perte de maîtrise,Collision avec un obstacle hors de la chaussée,Inattention et distraction - Manque d'attention momentané,Avully,Jour,Beau temps,Avec blessés graves,2489752.845,1114652.372,Route sèche,Route principale,160000.0,Samedi,0,0,0,1,0,0,1,0,0,0,0,0,0,0,0,0,0.0,0.0,0,0,,,2022,2489752.84,1114652.37,6.0110008450945935,46.174295668292146
35573,48364,220619018,20220619,Dérapage ou perte de maîtrise,Collision avec un obstacle hors de la chaussée,Etat de la personne - Influence de l'alcool,Genève,Aurore / crépuscule,Temps couvert,Avec dommages matériels,2501097.885,1116796.256,Route humide,Route principale,50000.0,Dimanche,0,0,0,0,0,0,0,0,0,0,0,0,1,0,0,0,0.0,0.0,0,0,,,2022,2501097.89,1116796.26,6.157432009108928,46.19534258841547
35574,48365,220610007,20220610,Dérapage ou perte de maîtrise,Collision avec un obstacle hors de la chaussée,Etat de la personne - Influence de l'alcool,Genève,Nuit,Beau temps,Avec blessés graves,2499959.677,1118262.032,Route sèche,Route principale,10000.0,Vendredi,0,0,0,1,0,0,0,0,0,0,0,1,0,0,0,0,0.0,0.0,0,0,,,2022,2499959.68,1118262.03,6.142375737188796,46.20835786198441
35575,48366,221007237,20220928,Dérapage ou perte de maîtrise,Collision avec un obstacle hors de la chaussée,Cause inconnue - Cause inconnue,Genève,Jour,Beau temps,Avec dommages matériels,2501736.464,1117807.359,Route sèche,Route secondaire,130000.0,Mercredi,0,0,0,0,0,0,0,0,0,0,0,0,0,0,0,0,0.0,0.0,0,0,,,2022,2501736.46,1117807.36,6.165489979874538,46.20453047230828
35576,48367,220228213,20220220,Accident en parquant,Avec violation de l'obligation de déclarer,Cause inconnue - Véhicule stationné (omission de la déclaration obligatoire),Lancy,Inconnu,Autre,Avec dommages matériels,2498725.837,1114399.677,Autre,Route principale,120000.0,Dimanche,0,0,0,0,0,0,0,0,0,0,0,0,0,0,0,0,0.0,0.0,0,0,,,2022,2498725.84,1114399.68,6.127228903409511,46.17343382905064
35577,48642,220704175,20220626,Dérapage ou perte de maîtrise,Autre cas de dérapage ou de perte de maîtrise,Inattention et distraction - Manque d'attention momentané,Genève,Nuit,Temps couvert,Avec dommages matériels,2500407.988,1116125.066,Route sèche,Route principale,10000.0,Dimanche,0,0,0,0,0,0,0,0,0,0,0,0,1,0,0,0,0.0,0.0,0,0,,,2022,2500407.99,1116125.07,6.148639554575559,46.18920381062229
35578,48643,220825006,20220824,Dérapage ou perte de maîtrise,Collision avec un obstacle sur la chaussée,Inattention et distraction - Manque d'attention momentané,Genève,Nuit,Beau temps,Avec dommages matériels,2499605.773,1117949.171,Route sèche,Route principale,230000.0,Mercredi,0,0,0,0,0,0,0,0,0,0,0,0,1,0,0,0,0.0,0.0,0,0,,,2022,2499605.77,1117949.17,6.137858097878408,46.20549111889802
35579,48644,221019220,20220920,Dérapage ou perte de maîtrise,Collision avec un obstacle hors de la chaussée,Dépassement - En dépassant de trop près (latéral),Thônex,Jour,Beau temps,Avec dommages matériels,2504358.011,1116530.958,Route sèche,Route principale,90000.0,Mardi,0,0,0,0,0,0,0,0,0,0,0,0,0,0,1,0,0.0,0.0,0,0,,,2022,2504358.01,1116530.96,6.1997120046824765,46.19342804771808
35580,48645,220625015,20220625,Accident par tamponnement,Collision avec véhicule à l'arrêt,Conduite - Suivre de trop près le véhicule qui précède,Genève,Nuit,Beau temps,Avec dommages matériels,2501712.871,1118241.419,Route sèche,Route principale,0.0,Samedi,0,0,0,0,0,0,0,0,0,0,0,0,2,0,0,0,0.0,0.0,0,0,,,2022,2501712.87,1118241.42,6.16509297275261,46.20843113812321
35581,48646,220811191,20220807,Dérapage ou perte de maîtrise,Collision avec un obstacle hors de la chaussée,Cause inconnue - Cause inconnue,Soral,Nuit,Beau temps,Avec dommages matériels,2492308.092,1111144.66,Route sèche,Route secondaire,50000.0,Dimanche,0,0,0,0,0,0,0,0,0,0,0,0,0,0,0,0,0.0,0.0,0,0,,,2022,2492308.09,1111144.66,6.044890987397041,46.143160749826684
35582,48647,220806055,20220806,Accident par tamponnement,Collision avec un véhicule en marche,Conduite - Suivre de trop près le véhicule qui précède,Meyrin,Jour,Beau temps,Avec blessés légers,2493464.475,1121099.809,Route sèche,Route principale,130000.0,Samedi,0,0,1,0,0,0,0,0,0,0,0,0,2,0,0,0,0.0,0.0,0,0,,,2022,2493464.48,1121099.81,6.057583065476089,46.23288339995783
35583,48648,220315226,20220128,Accident en parquant,Collision avec un obstacle fixe (y compris véhicule correctement stationné),Conduite - Marche arrière imprudente,Vernier,Jour,Temps couvert,Avec dommages matériels,2497120.321,1118471.621,Route sèche,Autre,170000.0,Vendredi,0,0,0,0,0,0,0,0,0,0,0,0,0,1,0,0,0.0,0.0,0,0,,,2022,2497120.32,1118471.62,6.105545568007499,46.2098143924682
35584,48649,220406039,20220325,Autres,Autres,Inattention et distraction - Manque d'attention momentané,Genève,Nuit,Beau temps,Avec dommages matériels,2499425.439,1118559.973,Route sèche,Route principale,190000.0,Vendredi,0,0,0,0,0,0,0,0,0,0,0,1,1,0,0,0,0.0,0.0,0,0,,,2022,2499425.44,1118559.97,6.13539038925219,46.21095791575761
35585,48650,220515006,20220514,Dérapage ou perte de maîtrise,Sans collision,Etat de la personne - Influence de l'alcool,Genève,Jour,Beau temps,Avec blessés graves,2498825.999,1117237.986,Route sèche,Route principale,190000.0,Samedi,0,0,0,1,0,0,1,0,0,0,0,0,0,0,0,0,0.0,0.0,0,0,,,2022,2498826.0,1117237.99,6.127910797607844,46.19897761102635
35586,48651,220703043,20220703,Dérapage ou perte de maîtrise,"Lors de l'évitement, sans collision",Inattention et distraction - Manque d'attention momentané,Cologny,Jour,Beau temps,Avec dommages matériels,2503771.338,1120959.873,Route sèche,Route principale,120000.0,Dimanche,0,0,0,0,0,0,1,0,0,0,0,0,0,0,0,0,0.0,0.0,0,0,,,2022,2503771.34,1120959.87,6.191200166655144,46.233180003660856
35587,48652,220312031,20220312,Dérapage ou perte de maîtrise,Collision avec un obstacle hors de la chaussée,Etat de la personne - Influence de l'alcool,Genève,Aurore / crépuscule,Beau temps,Avec blessés graves,2500120.114,1118482.982,Route sèche,Route principale,60000.0,Samedi,0,0,0,1,0,0,1,0,0,0,0,0,0,0,0,0,0.0,0.0,0,0,,,2022,2500120.11,1118482.98,6.144406836014912,46.21036902757779
35588,48653,220316019,20220309,Dérapage ou perte de maîtrise,Collision avec un obstacle hors de la chaussée,Inattention et distraction - Manque d'attention momentané,Genève,Jour,Beau temps,Avec dommages matériels,2498880.999,1118290.989,Route sèche,Route principale,150000.0,Mercredi,0,0,0,0,0,0,0,0,0,0,0,0,1,0,0,0,0.0,0.0,0,0,,,2022,2498881.0,1118290.99,6.128395074170643,46.20845692889502
35589,48654,220928165,20220927,Accident par tamponnement,Collision avec un véhicule en marche,Conduite - Suivre de trop près le véhicule qui précède,Bellevue,Jour,Pluie,Avec dommages matériels,2499605.886,1124980.206,Route mouillée,Autoroute,80000.0,Mardi,0,0,0,0,0,0,0,0,0,0,0,0,1,1,0,0,0.0,0.0,0,0,,,2022,2499605.89,1124980.21,6.1363454568338645,46.268730925359776
35590,48655,220329103,20220325,Accident par tamponnement,Collision avec véhicule à l'arrêt,Etat de la personne - Influence de l'alcool,Genève,Nuit,Beau temps,Avec dommages matériels,2499317.825,1118292.367,Route sèche,Route principale,200000.0,Vendredi,0,0,0,0,0,0,0,0,0,0,0,0,1,1,0,0,0.0,0.0,0,0,,,2022,2499317.82,1118292.37,6.134053832490751,46.208534913734574
35591,48656,221229011,20221228,Accident lors d'un dépassement ou lors d'un changement de voie de circulation,Collision avec le véhicule dépassé par la droite,Dépassement - Dépassement par la droite,Cologny,Jour,Beau temps,Avec dommages matériels,2503744.968,1120935.613,Route sèche,Route principale,140000.0,Mercredi,0,0,0,0,0,0,0,0,0,0,0,0,2,0,0,0,0.0,0.0,1,0,,,2022,2503744.97,1120935.61,6.190863389520666,46.23295802024909
35592,48657,220512189,20220419,Dérapage ou perte de maîtrise,Collision avec un obstacle hors de la chaussée,Inattention et distraction - Manque d'attention momentané,Puplinge,Jour,Beau temps,Avec dommages matériels,2506697.839,1118481.71,Route sèche,Route secondaire,170000.0,Mardi,0,0,0,0,0,0,0,0,0,0,0,0,1,0,0,0,0.0,0.0,0,0,,,2022,2506697.84,1118481.71,6.229627044856756,46.21130291170289
35593,48658,220412258,20220404,Accident en parquant,Collision avec un obstacle fixe (y compris véhicule correctement stationné),Conduite - Marche arrière imprudente,Genève,Jour,Beau temps,Avec dommages matériels,2500250.003,1118423.989,Route sèche,Route principale,150000.0,Lundi,0,0,0,0,0,0,0,0,0,0,0,0,0,1,0,0,0.0,0.0,0,0,,,2022,2500250.0,1118423.99,6.146102250165041,46.20985773847161
35594,48659,220222216,20220222,Accident par tamponnement,Collision avec un véhicule en marche,Inattention et distraction - Manque d'attention momentané,Genève,Jour,Beau temps,Avec blessés légers,2501635.208,1118202.489,Route sèche,Route principale,150000.0,Mardi,0,0,1,0,0,0,1,0,0,0,0,0,1,0,0,0,0.0,0.0,0,0,,,2022,2501635.21,1118202.49,6.1640950781689385,46.20806962511347
35595,48660,220410051,20220410,Dérapage ou perte de maîtrise,Sans collision,Inattention et distraction - Manque d'attention momentané,Genève,Jour,Beau temps,Avec blessés légers,2500198.645,1118785.243,Route sèche,Route principale,130000.0,Dimanche,0,0,1,0,0,0,0,0,0,0,0,0,0,0,0,0,0.0,0.0,0,0,,,2022,2500198.64,1118785.24,6.14535958953539,46.213099333375304
35596,49044,220909003,20220908,Accident en parquant,Collision avec un autre usager de la route,Conduite - Marche arrière imprudente,Genève,Nuit,Temps couvert,Avec dommages matériels,2499581.888,1117755.961,Route sèche,Route principale,230000.0,Jeudi,0,0,0,0,0,0,0,0,0,0,0,0,2,0,0,0,0.0,0.0,0,0,,,2022,2499581.89,1117755.96,6.137590316206883,46.20374975157651
35597,49045,220424045,20220424,Dérapage ou perte de maîtrise,Sans collision,Inattention et distraction - Manque d'attention momentané,Genève,Jour,Temps couvert,Avec blessés légers,2501074.678,1117597.393,Route sèche,Route principale,140000.0,Dimanche,0,0,2,0,0,0,0,0,0,0,0,1,0,0,0,0,0.0,0.0,0,0,,,2022,2501074.68,1117597.39,6.15696162057308,46.20254485263014
35598,49046,220427278,20220427,Accident en quittant une route,Collision en obliquant à gauche avec le trafic dans le même sens,Inattention et distraction - Manque d'attention momentané,Meyrin,Jour,Beau temps,Avec blessés graves,2494677.726,1120587.661,Route sèche,Route principale,190000.0,Mercredi,0,0,0,1,0,0,0,0,0,0,0,1,1,0,0,0,0.0,0.0,0,0,,,2022,2494677.73,1120587.66,6.073423396504575,46.22846827583539
35599,49047,220608080,20220608,Accident en s'engageant sur une route,Collision en s'engageant depuis le bord de la route,Priorité - Autres attitude fautive en lien avec la priorité,Genève,Jour,Temps couvert,Avec blessés légers,2498783.597,1118523.005,Route sèche,Route principale,80000.0,Mercredi,0,0,1,0,0,0,1,0,0,0,0,1,0,0,0,0,0.0,0.0,0,0,,,2022,2498783.6,1118523.0,6.1270829237648705,46.21052904660162
35600,49048,220818106,20220818,Dérapage ou perte de maîtrise,Sans collision,Etat de la personne - Influence de l'alcool,Le Grand-Saconnex,Jour,Temps couvert,Avec blessés légers,2498415.0,1120977.742,Route humide,Route secondaire,70000.0,Jeudi,0,0,1,0,0,0,0,0,0,0,0,1,0,0,0,0,0.0,0.0,0,0,,,2022,2498415.0,1120977.74,6.121772885681076,46.23255219968008
35601,49049,220819170,20220819,Accident en traversant une route,Collision avec le trafic traversant depuis la gauche,Priorité - Non-respect du signal de priorité «Stop»,Cologny,Jour,Temps couvert,Avec blessés légers,2503079.548,1117878.484,Route sèche,Route principale,120000.0,Vendredi,0,0,1,0,0,0,0,0,0,0,0,1,1,0,0,0,0.0,0.0,0,0,,,2022,2503079.55,1117878.48,6.18287402459601,46.20536515364219
35602,49050,220807018,20220807,Dérapage ou perte de maîtrise,Collision avec un obstacle hors de la chaussée,Etat de la personne - Influence de l'alcool,Lancy,Nuit,Beau temps,Avec dommages matériels,2497875.022,1117043.238,Route sèche,Route principale,40000.0,Dimanche,0,0,0,0,0,0,0,0,0,0,0,0,1,0,0,0,0.0,0.0,0,0,,,2022,2497875.02,1117043.24,6.115635532406279,46.197082179387856
35603,49051,220122075,20220122,Accident impliquant des piétons,Piéton traversant la chaussée touché par un véhicule circulant en ligne droite,Influence externe - Eblouissement du soleil,Lancy,Jour,Beau temps,Avec blessés légers,2497989.291,1116414.296,Route sèche,Route principale,120000.0,Samedi,0,0,1,0,0,1,0,0,0,0,0,0,1,0,0,0,0.0,0.0,0,0,,,2022,2497989.29,1116414.3,6.117253011257352,46.191442641877536
35604,49052,221018135,20221018,Dérapage ou perte de maîtrise,Sans collision,Inattention et distraction - Manque d'attention momentané,Thônex,Aurore / crépuscule,Beau temps,Avec blessés légers,2504866.338,1116431.541,Route sèche,Route principale,70000.0,Mardi,0,0,1,0,0,0,1,0,0,0,0,0,0,0,0,0,0.0,0.0,0,0,,,2022,2504866.34,1116431.54,6.206316018154115,46.19260593810951
35605,49053,220318131,20220317,Accident en parquant,Collision avec un autre usager de la route,Utilisation du véhicule - Stationnement sans précautions suffisantes,Genève,Jour,Beau temps,Avec dommages matériels,2501430.802,1117297.68,Route sèche,Route principale,160000.0,Jeudi,0,0,0,0,0,0,0,0,0,0,0,0,1,0,0,0,1.0,0.0,0,1,,,2022,2501430.8,1117297.68,6.161638013492301,46.199901452773055
35606,49054,220202232,20220202,Accident par tamponnement,Collision avec un véhicule en marche,Inattention et distraction - Manque d'attention momentané,Genève,Jour,Temps couvert,Avec blessés légers,2502076.097,1117308.645,Route sèche,Route principale,140000.0,Mercredi,2,0,1,0,0,0,0,0,0,0,1,0,1,0,0,0,0.0,0.0,0,0,,,2022,2502076.1,1117308.64,6.169994402547056,46.20009433927665
35607,49055,220119205,20220119,Accident en parquant,Collision avec un autre usager de la route,Conduite - Marche arrière imprudente,Plan-les-Ouates,Jour,Temps couvert,Avec dommages matériels,2497799.129,1113725.0,Route sèche,Route secondaire,140000.0,Mercredi,0,0,0,0,0,0,0,0,0,0,0,0,2,0,0,0,0.0,0.0,1,0,,,2022,2497799.13,1113725.0,6.115378580678352,46.167225378772294
35608,49056,220205086,20220204,Dérapage ou perte de maîtrise,Collision avec un obstacle hors de la chaussée,Inattention et distraction - Manque d'attention momentané,Perly-Certoux,Jour,Beau temps,Avec blessés graves,2495951.701,1112276.181,Route sèche,Route secondaire,140000.0,Vendredi,0,0,0,1,0,0,0,0,0,0,0,1,0,0,0,0,0.0,0.0,1,0,,,2022,2495951.7,1112276.18,6.091785693195645,46.15391111060659
35609,49057,220726006,20220725,Dérapage ou perte de maîtrise,Collision avec un obstacle sur la chaussée,Inattention et distraction - Manque d'attention momentané,Genève,Jour,Beau temps,Avec dommages matériels,2500068.752,1118512.24,Route sèche,Route principale,200000.0,Lundi,0,0,0,0,0,0,0,0,0,0,0,0,1,0,0,0,0.0,0.0,0,0,,,2022,2500068.75,1118512.24,6.143735170007281,46.210624568847884
35610,49058,221023077,20221023,Dérapage ou perte de maîtrise,Collision avec un obstacle hors de la chaussée,Etat de la personne - Influence de l'alcool,Lancy,Jour,Temps couvert,Avec blessés légers,2497608.996,1116808.719,Route sèche,Route principale,170000.0,Dimanche,0,0,1,0,0,0,0,0,0,0,0,0,0,0,0,0,0.0,0.0,0,0,,,2022,2497609.0,1116808.72,6.112241379398082,46.19493237263342