,OBJECTID,ID_ACCIDENT,DATE_,GROUPE_ACCIDENT,TYPE,CAUSE,COMMUNE,CONDITIONS_LUMINEUSES,CONDITIONS_METEO,CONSEQUENCES,COOR_X,COOR_Y,ETAT_ROUTE,GENRE_ROUTE,HEURE,JOUR,NB_ENFANTS_IMPLIQUES,NB_ENFANTS_ECOLE,NB_BLESSES_LEGERS,NB_BLESSES_GRAVES,NB_TUES,NB_PIETONS,NB_BICYCLETTES,NB_VAE_25,NB_VAE_45,NB_CYCLOMOTEURS,NB_MOTOS_50,NB_MOTOS,NB_VOITURES_TOURISME,NB_VOITURES_LIVRAISON,NB_CAMIONS,NB_BUS,NB_TRAM,NB_TRAINS,NB_SENIORS,NB_TC,REF_GROUPE_CAUSE,TOTAL_PERSONNES,ANNEE,E,N,LATITUDE,LONGITUDE
35611,49059,220610005,20220610,Dérapage ou perte de maîtrise,Collision avec un obstacle hors de la chaussée,Inattention et distraction - Manque d'attention momentané,Vernier,Nuit,Beau temps,Avec blessés graves,2497492.996,1117691.056,Route sèche,Route principale,10000.0,Vendredi,0,0,0,1,0,0,1,0,0,0,0,0,0,0,0,0,0.0,0.0,0,0,,,2022,2497493.0,1117691.06,6.1105452213635,46.202850733204
35612,49060,221124178,20221118,Accident en parquant,Avec violation de l'obligation de déclarer,Cause inconnue - Véhicule stationné (omission de la déclaration obligatoire),Genève,Nuit,Pluie,Avec dommages matériels,2499812.516,1118427.871,Route mouillée,Route secondaire,190000.0,Vendredi,0,0,0,0,0,0,0,0,0,0,0,0,0,0,0,0,0.0,0.0,0,0,,,2022,2499812.52,1118427.87,6.140433657341146,46.20982756935527
35613,49061,220919162,20220412,Accident en parquant,Avec violation de l'obligation de déclarer,Cause inconnue - Véhicule stationné (omission de la déclaration obligatoire),Genève,Inconnu,Autre,Avec dommages matériels,2500658.525,1118551.44,Autre,Route principale,180000.0,Mardi,0,0,0,0,0,0,0,0,0,0,0,0,0,0,0,0,0.0,0.0,0,0,,,2022,2500658.52,1118551.44,6.151367698133665,46.211064576478584
35614,49062,220310176,20220127,Dérapage ou perte de maîtrise,Sans collision,Inattention et distraction - Manque d'attention momentané,Carouge (GE),Jour,Beau temps,Avec blessés graves,2499282.201,1115807.954,Route sèche,Route secondaire,130000.0,Jeudi,0,0,0,1,0,0,1,0,0,0,0,0,0,0,0,0,0.0,0.0,0,0,,,2022,2499282.2,1115807.95,6.1341283563727105,46.186183834341776
35615,48368,220918031,20220630,Accident par tamponnement,Collision avec un véhicule en marche,Cause inconnue - Cause inconnue,Vernier,Jour,Beau temps,Avec dommages matériels,2497507.839,1119426.484,Route sèche,Route principale,160000.0,Jeudi,0,0,0,0,0,0,0,0,0,0,0,0,2,0,0,0,0.0,0.0,0,0,,,2022,2497507.84,1119426.48,6.110356281393634,46.21846190396527
35616,48369,220611007,20220611,Dérapage ou perte de maîtrise,Collision avec un autre usager de la route,Etat de la personne - Influence de l'alcool,Vernier,Nuit,Beau temps,Avec blessés graves,2497166.543,1119564.242,Route sèche,Route principale,0.0,Samedi,0,0,0,1,0,0,0,0,0,0,0,1,1,0,0,0,0.0,0.0,0,0,,,2022,2497166.54,1119564.24,6.1059035441274006,46.21964882226503
35617,48370,220220028,20220220,Dérapage ou perte de maîtrise,Collision avec un obstacle hors de la chaussée,Etat de la personne - Influence de l'alcool,Genève,Aurore / crépuscule,Temps couvert,Avec dommages matériels,2499934.974,1117265.351,Route humide,Route secondaire,80000.0,Dimanche,0,0,0,0,0,0,0,0,0,0,0,0,1,0,0,0,0.0,0.0,0,0,,,2022,2499934.97,1117265.35,6.142269297115257,46.199389676537024
35618,48371,220107004,20220105,Accident impliquant des piétons,Piéton traversant la chaussée touché par un véhicule circulant en ligne droite,Comportement du piéton / du conducteur d'EAV - Traversée imprudente de la route,Troinex,Nuit,Beau temps,Avec blessés graves,2500507.355,1113185.742,Route sèche,Route principale,170000.0,Mercredi,0,0,0,1,0,1,0,0,0,0,0,0,1,0,0,0,0.0,0.0,0,0,,,2022,2500507.36,1113185.74,6.150552385909127,46.16278109947731
35619,48372,220402020,20220402,Dérapage ou perte de maîtrise,Collision avec un obstacle hors de la chaussée,Etat de la personne - Influence de l'alcool,Genève,Nuit,Temps couvert,Avec blessés légers,2500270.664,1118529.713,Route mouillée,Route secondaire,20000.0,Samedi,0,0,1,0,0,0,0,0,0,0,1,0,0,0,0,0,0.0,0.0,0,0,,,2022,2500270.66,1118529.71,6.146347315589527,46.21081169001842
35620,48373,220923224,20220923,Dérapage ou perte de maîtrise,Sans collision,Inattention et distraction - Manque d'attention momentané,Vernier,Jour,Beau temps,Avec blessés graves,2497036.166,1119434.752,Route sèche,Autre,90000.0,Vendredi,0,0,0,1,0,0,0,0,0,0,1,0,0,0,0,0,0.0,0.0,0,0,,,2022,2497036.17,1119434.75,6.104242829513746,46.2184641884031
35621,48374,220928284,20220928,Accident par tamponnement,Collision avec véhicule à l'arrêt,Inattention et distraction - Manque d'attention momentané,Carouge (GE),Jour,Autre,Avec blessés légers,2499817.597,1114974.885,Route humide,Route principale,180000.0,Mercredi,0,0,1,0,0,0,0,0,0,0,0,0,2,0,1,0,0.0,0.0,1,0,,,2022,2499817.6,1114974.89,6.141240373486955,46.1787709754975
35622,48375,220225181,20220225,Accident en parquant,Collision avec un obstacle fixe (y compris véhicule correctement stationné),Conduite - Marche arrière imprudente,Genève,Nuit,Beau temps,Avec dommages matériels,2499654.567,1116229.978,Route sèche,Route principale,190000.0,Vendredi,0,0,0,0,0,0,0,0,0,0,0,0,2,0,0,0,0.0,0.0,0,0,,,2022,2499654.57,1116229.98,6.1388598053520145,46.190035393032915
35623,48376,220603016,20220602,Dérapage ou perte de maîtrise,Collision avec un obstacle en manoeuvrant,Conduite - Marche arrière imprudente,Genève,Jour,Beau temps,Avec blessés légers,2499758.805,1116244.685,Route sèche,Route secondaire,140000.0,Jeudi,0,0,1,0,0,0,0,0,0,0,0,1,1,0,0,0,0.0,0.0,0,0,,,2022,2499758.8,1116244.68,6.140206507025809,46.190183157131095
35624,48377,220726193,20220725,Accident en parquant,Collision avec un obstacle fixe (y compris véhicule correctement stationné),Dépassement - En dépassant de trop près (latéral),Meyrin,Jour,Beau temps,Avec dommages matériels,2495332.077,1121689.016,Route sèche,Route principale,170000.0,Lundi,0,0,0,0,0,0,0,0,0,0,0,0,1,0,0,0,0.0,0.0,1,0,,,2022,2495332.08,1121689.02,6.081656358885071,46.238476446039954
35625,48378,221228054,20221215,Accident par tamponnement,Collision avec un véhicule en marche,Conduite - Suivre de trop près le véhicule qui précède,Genève,Jour,Pluie,Avec dommages matériels,2500460.889,1117959.835,Route mouillée,Route principale,150000.0,Jeudi,0,0,0,0,0,0,0,0,0,0,0,0,2,0,0,0,0.0,0.0,0,0,,,2022,2500460.89,1117959.84,6.148933436401,46.20571426012203
35626,48379,221121421,20221121,Accident en parquant,Collision avec une portière ouverte,Utilisation du véhicule - Ouverture imprudente de la portière,Genève,Aurore / crépuscule,Temps couvert,Avec blessés graves,2501537.963,1116498.579,Route sèche,Route principale,170000.0,Lundi,0,0,0,1,0,0,1,0,0,0,0,0,1,0,0,0,0.0,0.0,0,0,,,2022,2501537.96,1116498.58,6.163194606903423,46.19272972820781
35627,48380,221110185,20221110,Accident en parquant,Avec violation de l'obligation de déclarer,Cause inconnue - Véhicule stationné (omission de la déclaration obligatoire),Genève,Inconnu,Autre,Avec dommages matériels,2500856.516,1116943.097,Autre,Route principale,90000.0,Jeudi,0,0,0,0,0,0,0,0,0,0,0,0,0,0,0,0,0.0,0.0,0,0,,,2022,2500856.52,1116943.1,6.154274588790918,46.19662777367304
35628,48381,221028175,20221028,Accident en traversant une route,Collision avec le trafic traversant depuis la droite,Priorité - Non-respect du signal de priorité «Stop»,Genève,Jour,Beau temps,Avec blessés légers,2499716.452,1118241.355,Route sèche,Route secondaire,120000.0,Vendredi,0,0,1,0,0,0,0,0,0,0,0,1,1,0,0,0,0.0,0.0,0,0,,,2022,2499716.45,1118241.36,6.139229107282879,46.20813570350524
35629,48382,220917019,20220916,Dérapage ou perte de maîtrise,Sans collision,Etat de l'infrastructure - Passage des rails à angle aigu pour les conducteurs des véhicules à deux roues,Chêne-Bougeries,Jour,Beau temps,Avec blessés légers,2503606.946,1116904.041,Route sèche,Route principale,130000.0,Vendredi,0,0,1,0,0,0,1,0,0,0,0,0,2,0,0,0,0.0,0.0,0,0,,,2022,2503606.95,1116904.04,6.189907477556523,46.196676435235744
35630,48383,221017416,20221015,Accident en parquant,Avec violation de l'obligation de déclarer,Cause inconnue - Véhicule stationné (omission de la déclaration obligatoire),Genève,Inconnu,Autre,Avec dommages matériels,2500658.677,1117153.04,Autre,Route principale,160000.0,Samedi,0,0,0,0,0,0,0,0,0,0,0,0,0,0,0,0,0.0,0.0,0,0,,,2022,2500658.68,1117153.04,6.1516674210445395,46.19848685007013
35631,48384,221118222,20221118,Dérapage ou perte de maîtrise,Sans collision,Inattention et distraction - Manque d'attention momentané,Genève,Nuit,Temps couvert,Avec blessés graves,2499154.963,1117647.185,Route sèche,Route principale,190000.0,Vendredi,0,0,0,1,0,0,0,0,0,0,0,1,0,0,0,0,0.0,0.0,0,0,,,2022,2499154.96,1117647.18,6.1320833696399,46.202707434538866
35632,48385,220828012,20220827,Accident en traversant une route,Collision avec le trafic traversant depuis la gauche,Priorité - Non-respect du signal de priorité «Cédez le passage»,Meyrin,Nuit,Beau temps,Avec blessés légers,2493980.853,1120884.756,Route sèche,Route principale,200000.0,Samedi,0,0,5,0,0,0,0,0,0,0,0,0,2,0,0,0,0.0,0.0,0,0,,,2022,2493980.85,1120884.76,6.064324500459807,46.23103086866128
35633,48386,221207296,20221207,Accident par tamponnement,Collision avec un véhicule en marche,Conduite - Suivre de trop près le véhicule qui précède,Vernier,Jour,Temps couvert,Avec dommages matériels,2495966.07,1118973.79,Route sèche,Autoroute,150000.0,Mercredi,0,0,0,0,0,0,0,0,0,0,0,0,1,1,0,0,0.0,0.0,0,0,,,2022,2495966.07,1118973.79,6.090479924253091,46.214153387931184
35634,48661,220309147,20220308,Accident en parquant,Avec violation de l'obligation de déclarer,Cause inconnue - Véhicule stationné (omission de la déclaration obligatoire),Genève,Inconnu,Autre,Avec dommages matériels,2499645.489,1116712.504,Autre,Route principale,150000.0,Mardi,0,0,0,0,0,0,0,0,0,0,0,0,0,0,0,0,0.0,0.0,0,0,,,2022,2499645.49,1116712.5,6.13863850892743,46.19437399489141
35635,48662,220413182,20220413,Accident en parquant,Collision avec un obstacle fixe (y compris véhicule correctement stationné),Inattention et distraction - Manque d'attention momentané,Meyrin,Jour,Beau temps,Avec dommages matériels,2495312.0,1121049.0,Route sèche,Route secondaire,80000.0,Mercredi,0,0,0,0,0,0,0,0,0,0,0,0,1,0,0,0,0.0,0.0,1,0,,,2022,2495312.0,1121049.0,6.08153979580516,46.23271680799192
35636,48663,220518293,20220518,Accident en traversant une route,Collision avec le trafic traversant depuis la gauche,Priorité - Non-respect du signal de priorité «Cédez le passage»,Meyrin,Jour,Beau temps,Avec blessés légers,2494869.239,1119822.243,Route sèche,Route principale,200000.0,Mercredi,0,0,1,0,0,0,1,0,0,0,0,0,1,0,0,0,0.0,0.0,0,0,,,2022,2494869.24,1119822.24,6.076077847974889,46.22161388769701
35637,48664,220704159,20220701,Dérapage ou perte de maîtrise,Collision avec un obstacle hors de la chaussée,Inattention et distraction - Distraction par le maniement du téléphone,Genève,Nuit,Temps couvert,Avec dommages matériels,2501839.12,1117009.416,Route humide,Route secondaire,30000.0,Vendredi,0,0,0,0,0,0,0,0,0,0,0,0,1,0,0,0,0.0,0.0,0,0,,,2022,2501839.12,1117009.42,6.166987667583107,46.197368469488616
35638,48665,221006010,20221005,Dérapage ou perte de maîtrise,Collision avec un obstacle sur la chaussée,Cause inconnue - Cause inconnue,Confignon,Nuit,Beau temps,Avec dommages matériels,2495667.193,1114705.835,Route sèche,Autoroute,230000.0,Mercredi,0,0,0,0,0,0,0,0,0,0,0,0,3,0,0,0,0.0,0.0,0,0,,,2022,2495667.19,1114705.84,6.087561231542682,46.175720011681534
35639,48666,220706394,20220706,Accident par tamponnement,Collision avec véhicule à l'arrêt,Inattention et distraction - Manque d'attention momentané,Lancy,Jour,Beau temps,Avec blessés légers,2497637.825,1116037.224,Route sèche,Route principale,140000.0,Mercredi,0,0,1,0,0,0,0,0,0,0,0,0,2,0,0,0,0.0,0.0,0,0,,,2022,2497637.82,1116037.22,6.112783772988338,46.18799765322131
35640,48667,220816344,20220816,Dérapage ou perte de maîtrise,Sans collision,Etat de la personne - Influence de l'alcool,Genève,Jour,Beau temps,Avec blessés graves,2499531.002,1116267.877,Route sèche,Route secondaire,180000.0,Mardi,0,0,0,1,0,0,1,0,0,0,0,0,0,0,0,0,0.0,0.0,0,0,,,2022,2499531.0,1116267.88,6.137251327351071,46.19035782630694
35641,48668,220206002,20220205,Accident lors d'un dépassement ou lors d'un changement de voie de circulation,Frôlement latéral avec le véhicule dépassé,Etat de la personne - Influence de l'alcool,Genève,Nuit,Beau temps,Avec dommages matériels,2500213.398,1117615.71,Route sèche,Route secondaire,230000.0,Samedi,0,0,0,0,0,0,0,0,0,0,0,0,2,0,0,0,0.0,0.0,0,0,,,2022,2500213.4,1117615.71,6.145800901729483,46.202582331314844
35642,48669,220517430,20220516,Accident en parquant,Avec violation de l'obligation de déclarer,Cause inconnue - Véhicule stationné (omission de la déclaration obligatoire),Genève,Jour,Beau temps,Avec dommages matériels,2500717.516,1116268.032,Route sèche,Route principale,150000.0,Lundi,0,0,0,0,0,0,0,0,0,0,0,0,0,0,0,0,0.0,0.0,0,0,,,2022,2500717.52,1116268.03,6.152617756408752,46.190535422705054
35643,48670,220709006,20220709,Dérapage ou perte de maîtrise,Sans collision,Etat de la personne - Influence de l'alcool,Lancy,Nuit,Beau temps,Avec blessés graves,2498988.202,1115169.532,Route sèche,Route principale,0.0,Samedi,0,0,0,1,0,0,0,0,0,0,0,0,0,0,0,0,0.0,0.0,0,0,,,2022,2498988.2,1115169.53,6.1304591742697925,46.18039757007442
35644,48671,220502398,20220427,Accident en parquant,Avec violation de l'obligation de déclarer,Cause inconnue - Véhicule stationné (omission de la déclaration obligatoire),Genève,Inconnu,Autre,Avec dommages matériels,2501013.0,1115065.0,Autre,Route secondaire,100000.0,Mercredi,0,0,0,0,0,0,0,0,0,0,0,0,0,0,0,0,0.0,0.0,0,0,,,2022,2501013.0,1115065.0,6.156699463794478,46.17975847138435
35645,48672,220902045,20220901,Accident par tamponnement,Collision avec véhicule à l'arrêt,Inattention et distraction - Manque d'attention momentané,Vernier,Jour,Beau temps,Avec blessés légers,2494796.774,1118588.0,Route sèche,Route principale,160000.0,Jeudi,0,0,1,0,0,0,0,0,0,0,0,1,1,0,0,0,0.0,0.0,0,0,,,2022,2494796.77,1118588.0,6.075417087704427,46.2105014896234
35646,48673,220827095,20220827,Dérapage ou perte de maîtrise,Collision avec un obstacle hors de la chaussée,Etat de la personne - Influence de l'alcool,Dardagny,Jour,Beau temps,Avec blessés graves,2489464.495,1115741.5,Route sèche,Route principale,190000.0,Samedi,0,0,0,1,0,0,0,1,0,0,0,0,0,0,0,0,0.0,0.0,0,0,,,2022,2489464.5,1115741.5,6.007010130458479,46.18404407963173
35647,48674,220525181,20220525,Dérapage ou perte de maîtrise,Collision avec un obstacle hors de la chaussée,Inattention et distraction - Manque d'attention momentané,Lancy,Jour,Beau temps,Avec blessés légers,2497911.242,1116598.556,Route sèche,Route secondaire,120000.0,Mercredi,0,0,1,0,0,0,0,0,0,0,0,1,0,0,0,0,0.0,0.0,0,0,,,2022,2497911.24,1116598.56,6.116201898595304,46.193088088175706
35648,48675,2201031407,20221031,Accident en traversant une route,Collision avec le trafic traversant depuis la droite,Priorité - Non-respect de la priorité de droite,Genève,Nuit,Beau temps,Avec dommages matériels,2500354.876,1118890.404,Route sèche,Route secondaire,190000.0,Lundi,0,0,0,0,0,0,0,0,0,0,0,0,2,0,0,0,0.0,0.0,0,0,,,2022,2500354.88,1118890.4,6.147361416962101,46.21406836489351
35649,48676,220510317,20220510,Accident lors d'un dépassement ou lors d'un changement de voie de circulation,Collision lors du changement de voie vers la droite,Conduite - Manque d'égards en changeant de voie,Genève,Jour,Beau temps,Avec blessés légers,2499885.069,1116746.253,Route sèche,Route principale,130000.0,Mardi,0,0,1,0,0,0,0,0,0,1,0,0,1,0,0,0,0.0,0.0,0,0,,,2022,2499885.07,1116746.25,6.1417342621730855,46.19471327256402
35650,48677,221122321,20221117,Dérapage ou perte de maîtrise,Collision avec un obstacle hors de la chaussée,Cause inconnue - Cause inconnue,Genève,Jour,Beau temps,Avec dommages matériels,2500758.548,1117107.484,Route sèche,Route principale,90000.0,Jeudi,0,0,0,0,0,0,0,0,0,0,0,0,1,0,0,0,0.0,0.0,1,0,,,2022,2500758.55,1117107.48,6.1529707025908715,46.19809181608607
35651,48678,221220008,20221219,Dérapage ou perte de maîtrise,Sans collision,Inattention et distraction - Manque d'attention momentané,Chêne-Bougeries,Nuit,Temps couvert,Avec blessés graves,2503158.499,1116234.138,Route humide,Route principale,220000.0,Lundi,0,0,0,1,0,0,0,0,0,0,0,1,0,0,0,0,0.0,0.0,0,0,,,2022,2503158.5,1116234.14,6.184237897229972,46.19058660985837
35652,48679,220101063,20220101,Dérapage ou perte de maîtrise,Collision avec un obstacle hors de la chaussée,Etat de la personne - Influence de l'alcool,Onex,Nuit,Temps couvert,Avec dommages matériels,2497120.29,1115801.161,Route humide,Route principale,190000.0,Samedi,0,0,0,0,0,0,0,0,0,0,0,0,1,0,0,0,0.0,0.0,0,0,,,2022,2497120.29,1115801.16,6.106133667630762,46.185795478314574
35653,48771,220616001,20220615,Accident par tamponnement,Collision avec véhicule à l'arrêt,Conduite - Suivre de trop près le véhicule qui précède,Lancy,Nuit,Beau temps,Avec blessés légers,2497636.807,1115193.412,Route sèche,Route principale,230000.0,Mercredi,0,0,1,0,0,0,0,0,0,0,0,1,1,0,0,0,0.0,0.0,0,0,,,2022,2497636.81,1115193.41,6.112955618661067,46.180408016011754
35654,48772,220527107,20220516,Accident en traversant une route,Collision avec le trafic traversant depuis la gauche,Priorité - Non-respect du signal de priorité «Cédez le passage»,Genève,Jour,Beau temps,Avec blessés légers,2500831.291,1117491.738,Route sèche,Route principale,160000.0,Lundi,0,0,1,0,0,0,0,0,0,0,0,0,1,0,0,1,0.0,0.0,1,1,,,2022,2500831.29,1117491.74,6.153831249452407,46.20155873376563
35655,48773,220817198,20220813,Accident en parquant,Collision avec un obstacle fixe (y compris véhicule correctement stationné),Inattention et distraction - Manque d'attention momentané,Genève,Nuit,Beau temps,Avec dommages matériels,2500986.806,1117364.581,Route sèche,Route secondaire,210000.0,Samedi,0,0,0,0,0,0,0,0,0,0,0,0,1,0,0,0,0.0,0.0,0,0,,,2022,2500986.81,1117364.58,6.155872756760291,46.20043793117514
35656,48774,220911006,20220910,Accident en quittant une route,Collision en obliquant à gauche avec le trafic venant en sens inverse,Priorité - Priorité en obliquant à gauche devant des véhicules venant en sens inverse,Meyrin,Nuit,Beau temps,Avec blessés légers,2496881.624,1120420.744,Route sèche,Route secondaire,230000.0,Samedi,0,0,1,0,0,0,0,0,0,0,0,0,1,0,0,0,0.0,0.0,0,0,,,2022,2496881.62,1120420.74,6.102022275482659,46.22730878237518
35657,48775,220628246,20220622,Dérapage ou perte de maîtrise,Sans collision,Inattention et distraction - Manque d'attention momentané,Jussy,Jour,Pluie,Avec blessés légers,2509997.277,1120521.245,Route mouillée,Route principale,70000.0,Mercredi,0,0,1,0,0,0,0,0,0,0,0,0,1,0,0,0,0.0,0.0,0,0,,,2022,2509997.28,1120521.25,6.271981532526175,46.23009772824804
35658,48776,220212050,20220212,Accident par tamponnement,Collision avec véhicule à l'arrêt,Conduite - Suivre de trop près le véhicule qui précède,Genève,Jour,Beau temps,Avec blessés légers,2502015.507,1116766.985,Route sèche,Route principale,90000.0,Samedi,0,0,1,0,0,0,0,0,0,0,0,0,2,0,0,0,0.0,0.0,0,0,,,2022,2502015.51,1116766.98,6.16932325612073,46.1952135951991
35659,48777,220201178,20220131,Accident par tamponnement,Collision avec un véhicule en marche,Conduite - Suivre de trop près le véhicule qui précède,Vernier,Aurore / crépuscule,Temps couvert,Avec blessés légers,2495736.811,1118846.778,Route humide,Autoroute,170000.0,Lundi,0,0,1,0,0,0,0,0,0,0,0,0,2,0,0,0,0.0,0.0,0,0,,,2022,2495736.81,1118846.78,6.087537933443734,46.21297550030757
35660,48778,220206012,20220206,Accident par tamponnement,Collision avec un véhicule en marche,Etat de la personne - Influence de l'alcool,Vernier,Nuit,Beau temps,Avec dommages matériels,2496940.233,1118902.309,Route sèche,Route principale,20000.0,Dimanche,0,0,0,0,0,0,0,0,0,0,0,0,2,0,0,0,0.0,0.0,0,0,,,2022,2496940.23,1118902.31,6.1031173120319435,46.21366055800055
35661,48779,220523091,20220521,Accident en quittant une route,Collision en obliquant à droite avec le trafic dans le même sens,Priorité - Autres attitude fautive en lien avec la priorité,Genève,Jour,Beau temps,Avec blessés légers,2500742.281,1118738.531,Route sèche,Route principale,180000.0,Samedi,0,0,1,0,0,0,0,0,0,0,0,1,1,0,0,0,0.0,0.0,0,0,,,2022,2500742.28,1118738.53,6.152413076151492,46.21275971189579
35662,48780,220520241,20220519,Dérapage ou perte de maîtrise,Sans collision,Cause inconnue - Cause inconnue,Genève,Jour,Beau temps,Avec blessés graves,2499766.845,1117730.829,Route sèche,Route secondaire,80000.0,Jeudi,0,0,0,1,0,0,2,0,0,0,0,0,0,0,0,0,0.0,0.0,0,0,,,2022,2499766.84,1117730.83,6.139991558359322,46.20355132625813
35663,48781,220304110,20220301,Accident lors d'un dépassement ou lors d'un changement de voie de circulation,Collision avec le véhicule dépassé en se rabattant,Dépassement - En dépassant de trop près (latéral),Genève,Jour,Beau temps,Avec dommages matériels,2501523.997,1118049.185,Route sèche,Route principale,100000.0,Mardi,0,0,0,0,0,0,0,0,0,0,0,0,1,1,0,0,0.0,0.0,0,0,,,2022,2501524.0,1118049.18,6.162686691978712,46.206674408394946
35664,48782,220927209,20220927,Dérapage ou perte de maîtrise,"Lors de l'évitement, avec collision",Priorité - Priorité en obliquant à gauche devant des véhicules venant en sens inverse,Genève,Jour,Pluie,Avec blessés graves,2501583.006,1117545.737,Route mouillée,Route principale,100000.0,Mardi,0,0,0,1,0,0,0,0,0,0,0,1,0,1,0,0,0.0,0.0,1,0,,,2022,2501583.01,1117545.74,6.163557313062594,46.202154905988266
35665,48783,221027169,20221027,Dérapage ou perte de maîtrise,Collision avec un obstacle sur la chaussée,Etat de la personne - Influence de l'alcool,Lancy,Aurore / crépuscule,Beau temps,Avec blessés légers,2498396.51,1116843.917,Route sèche,Route secondaire,60000.0,Jeudi,0,0,1,0,0,0,0,0,0,0,0,1,1,0,0,1,0.0,0.0,0,1,,,2022,2498396.51,1116843.92,6.122433447718282,46.19536844340937
35666,48784,220901014,20220802,Accident lors d'un dépassement ou lors d'un changement de voie de circulation,Collision avec le véhicule dépassé en se rabattant,Dépassement - Autre attitude fautive en rapport avec un dépassement,Soral,Jour,Beau temps,Avec dommages matériels,2492201.388,1111267.345,Route sèche,Route secondaire,70000.0,Mardi,0,0,0,0,0,0,1,0,0,0,0,0,1,0,0,0,0.0,0.0,0,0,,,2022,2492201.39,1111267.34,6.04348208859474,46.14424706905791
35667,48785,220429030,20220211,Accident lors d'un dépassement ou lors d'un changement de voie de circulation,Frôlement latéral avec le véhicule sur la voie voisine,Dépassement - En dépassant de trop près (latéral),Genève,Jour,Temps couvert,Avec dommages matériels,2499753.711,1117871.523,Route mouillée,Route principale,90000.0,Vendredi,0,0,0,0,0,0,0,0,0,0,0,0,0,1,1,0,0.0,0.0,0,0,,,2022,2499753.71,1117871.52,6.139791254895003,46.20481478545793
35668,48786,220527009,20220526,Accident en s'engageant sur une route,Collision en obliquant à gauche avec le trafic venant de droite,Priorité - Non-respect de la priorité de droite,Genève,Nuit,Beau temps,Avec blessés légers,2500571.969,1117778.622,Route sèche,Route principale,200000.0,Jeudi,0,0,1,0,0,0,0,0,0,0,0,0,2,0,0,0,0.0,0.0,0,0,,,2022,2500571.97,1117778.62,6.150411030240527,46.20410073757255
35669,48787,220130021,20220130,Accident en traversant une route,Collision avec le trafic traversant depuis la gauche,Etat de la personne - Influence de l'alcool,Genève,Nuit,Beau temps,Avec dommages matériels,2500731.49,1117403.335,Route sèche,Route principale,60000.0,Dimanche,0,0,0,0,0,0,0,0,0,0,0,0,2,0,0,0,0.0,0.0,0,0,,,2022,2500731.49,1117403.34,6.152557286911159,46.2007489000323
35670,48788,220222095,20220222,Dérapage ou perte de maîtrise,Sans collision,Inattention et distraction - Manque d'attention momentané,Genève,Jour,Temps couvert,Avec blessés graves,2500177.451,1118733.613,Route mouillée,Route principale,90000.0,Mardi,0,0,1,1,0,0,0,0,0,0,0,1,0,0,0,0,0.0,0.0,0,0,,,2022,2500177.45,1118733.61,6.145096092392866,46.21263180676107
35671,48387,221122301,20221122,Dérapage ou perte de maîtrise,Collision avec un obstacle hors de la chaussée,Inattention et distraction - Manque d'attention momentané,Genève,Jour,Temps couvert,Avec dommages matériels,2500689.134,1118873.789,Route sèche,Route secondaire,150000.0,Mardi,0,0,0,0,0,0,0,0,0,0,0,0,0,1,0,0,0.0,0.0,0,0,,,2022,2500689.13,1118873.79,6.151695664143053,46.21396844171843
35672,48388,220424010,20220424,Dérapage ou perte de maîtrise,Collision avec un obstacle hors de la chaussée,Etat de la personne - Influence de l'alcool,Genève,Nuit,Beau temps,Avec dommages matériels,2500693.657,1118504.328,Route sèche,Route principale,20000.0,Dimanche,0,0,0,0,0,0,0,0,0,0,0,0,1,0,0,0,0.0,0.0,0,0,,,2022,2500693.66,1118504.33,6.151832990667017,46.21064604365269
35673,48389,220507048,20220223,Accident en parquant,Collision avec un obstacle fixe (y compris véhicule correctement stationné),Conduite - Marche arrière imprudente,Bernex,Jour,Beau temps,Avec dommages matériels,2494369.871,1114587.194,Route sèche,Route principale,110000.0,Mercredi,0,0,0,0,0,0,0,0,0,0,0,0,1,0,0,0,0.0,0.0,0,0,,,2022,2494369.87,1114587.19,6.070791447086406,46.174450353455576
35674,48390,221201213,20221201,Accident en traversant une route,Collision avec le trafic traversant depuis la gauche,Priorité - Non-respect du signal de priorité «Cédez le passage»,Bernex,Jour,Beau temps,Avec blessés graves,2493768.216,1115519.991,Route sèche,Route principale,140000.0,Jeudi,0,0,0,1,0,0,1,0,0,0,0,0,1,0,0,0,0.0,0.0,2,0,,,2022,2493768.22,1115519.99,6.062789880082212,46.1827453901225
35675,48391,221120015,20221120,Accident en quittant une route,Collision en obliquant à gauche avec le trafic venant en sens inverse,Etat de la personne - Influence de l'alcool,Plan-les-Ouates,Nuit,Beau temps,Avec dommages matériels,2496929.744,1113283.226,Route sèche,Autoroute,30000.0,Dimanche,0,0,0,0,0,0,0,0,0,0,0,0,2,0,0,0,0.0,0.0,0,0,,,2022,2496929.74,1113283.23,6.104221540819017,46.16311932723869
35676,48392,220924033,20220924,Accident en parquant,Avec violation de l'obligation de déclarer,Cause inconnue - Véhicule stationné (omission de la déclaration obligatoire),Genève,Inconnu,Autre,Avec dommages matériels,2499528.484,1118226.645,Autre,Route principale,90000.0,Samedi,0,0,0,0,0,0,0,0,0,0,0,0,0,0,0,0,0.0,0.0,0,0,,,2022,2499528.48,1118226.64,6.136797115295174,46.207975236009965
35677,48393,221006261,20220930,Dérapage ou perte de maîtrise,Collision avec un obstacle hors de la chaussée,Conduite - Marche arrière imprudente,Perly-Certoux,Jour,Beau temps,Avec dommages matériels,2496290.556,1112539.52,Route sèche,Autre,140000.0,Vendredi,0,0,0,0,0,0,0,0,0,0,0,0,1,0,0,0,0.0,0.0,0,0,,,2022,2496290.56,1112539.52,6.096112826862444,46.15633197377219