,OBJECTID,ID_ACCIDENT,DATE_,GROUPE_ACCIDENT,TYPE,CAUSE,COMMUNE,CONDITIONS_LUMINEUSES,CONDITIONS_METEO,CONSEQUENCES,COOR_X,COOR_Y,ETAT_ROUTE,GENRE_ROUTE,HEURE,JOUR,NB_ENFANTS_IMPLIQUES,NB_ENFANTS_ECOLE,NB_BLESSES_LEGERS,NB_BLESSES_GRAVES,NB_TUES,NB_PIETONS,NB_BICYCLETTES,NB_VAE_25,NB_VAE_45,NB_CYCLOMOTEURS,NB_MOTOS_50,NB_MOTOS,NB_VOITURES_TOURISME,NB_VOITURES_LIVRAISON,NB_CAMIONS,NB_BUS,NB_TRAM,NB_TRAINS,NB_SENIORS,NB_TC,REF_GROUPE_CAUSE,TOTAL_PERSONNES,ANNEE,E,N,LATITUDE,LONGITUDE
35678,48394,221027127,20221022,Accident par tamponnement,Collision avec véhicule à l'arrêt,Conduite - Suivre de trop près le véhicule qui précède,Genève,Aurore / crépuscule,Temps couvert,Avec dommages matériels,2499152.5,1117754.238,Route humide,Route principale,180000.0,Samedi,0,0,0,0,0,0,0,0,0,0,0,1,1,0,0,0,0.0,0.0,0,0,,,2022,2499152.5,1117754.24,6.1320283717752355,46.203670000526216
35679,48395,221020007,20221020,Dérapage ou perte de maîtrise,Sans collision,Etat de la personne - Influence de l'alcool,Genève,Nuit,Beau temps,Avec dommages matériels,2499477.368,1116841.685,Route sèche,Route secondaire,20000.0,Jeudi,0,0,0,0,0,0,0,0,0,0,0,0,0,0,0,0,0.0,0.0,0,0,,,2022,2499477.37,1116841.68,6.136433243487244,46.195510770340206
35680,48396,221013134,20221008,Dérapage ou perte de maîtrise,Collision avec un obstacle en manoeuvrant,Conduite - Marche arrière imprudente,Vernier,Jour,Beau temps,Avec dommages matériels,2497782.048,1119578.311,Route sèche,Autre,150000.0,Samedi,0,0,0,0,0,0,0,0,0,0,0,0,1,0,0,0,0.0,0.0,0,0,,,2022,2497782.05,1119578.31,6.113876073434921,46.21986927492746
35681,48397,220824021,20220823,Accident par tamponnement,Collision avec véhicule à l'arrêt,Inattention et distraction - Manque d'attention momentané,Plan-les-Ouates,Jour,Beau temps,Avec blessés légers,2497090.084,1113226.57,Route sèche,Autoroute,80000.0,Mardi,0,0,1,0,0,0,0,0,0,0,0,0,1,3,0,0,0.0,0.0,0,0,,,2022,2497090.08,1113226.57,6.106309497985353,46.1626342583285
35682,48398,220705304,20220629,Dérapage ou perte de maîtrise,Collision avec un obstacle hors de la chaussée,Inattention et distraction - Manque d'attention momentané,Lancy,Jour,Beau temps,Avec blessés légers,2497535.609,1117381.422,Route sèche,Route principale,170000.0,Mercredi,0,0,1,0,0,0,0,1,0,0,0,0,0,0,0,0,0.0,0.0,0,0,,,2022,2497535.61,1117381.42,6.111165148630125,46.200072231564086
35683,48399,221208226,20221119,Accident lors d'un dépassement ou lors d'un changement de voie de circulation,Frôlement latéral avec le véhicule sur la voie voisine,Dépassement - En dépassant de trop près (latéral),Genève,Jour,Beau temps,Avec dommages matériels,2500232.253,1118210.239,Route sèche,Route principale,170000.0,Samedi,0,0,0,0,0,0,0,0,0,0,0,0,1,0,0,0,0.0,0.0,0,0,,,2022,2500232.25,1118210.24,6.145917989065337,46.20793255576102
35684,48400,220623357,20220623,Dérapage ou perte de maîtrise,Sans collision,Inattention et distraction - Manque d'attention momentané,Chêne-Bourg,Jour,Beau temps,Avec blessés légers,2504372.302,1116852.232,Route sèche,Route principale,140000.0,Jeudi,0,0,1,0,0,0,1,0,0,0,0,0,0,0,0,0,0.0,0.0,0,0,,,2022,2504372.3,1116852.23,6.199831280387871,46.19631973391127
35685,48401,220919309,20220919,Dérapage ou perte de maîtrise,Collision avec un obstacle hors de la chaussée,"Vitesse - Inadaptée au tracé de la route (virage serré, proximité d'une intersection, etc.)",Genève,Jour,Beau temps,Avec blessés graves,2501153.457,1115438.603,Route sèche,Route secondaire,160000.0,Lundi,0,0,0,1,0,0,0,0,0,0,0,0,0,0,0,0,0.0,0.0,0,0,,,2022,2501153.46,1115438.6,6.158439132691802,46.183139434809995
35686,48402,220201157,20220123,Accident par tamponnement,Collision avec véhicule à l'arrêt,Inattention et distraction - Manque d'attention momentané,Genève,Nuit,Beau temps,Avec dommages matériels,2499784.613,1118185.564,Route sèche,Route secondaire,0.0,Dimanche,0,0,0,0,0,0,0,0,0,0,0,0,2,0,0,0,0.0,0.0,0,0,,,2022,2499784.61,1118185.56,6.140124107084937,46.207643983557766
35687,48403,220926001,20220923,Accident en parquant,Avec violation de l'obligation de déclarer,Cause inconnue - Véhicule stationné (omission de la déclaration obligatoire),Genève,Inconnu,Autre,Avec dommages matériels,2500011.123,1118465.489,Autre,Autre,230000.0,Vendredi,0,0,0,0,0,0,0,0,0,0,0,0,0,0,0,0,0.0,0.0,0,0,,,2022,2500011.12,1118465.49,6.142998552878145,46.210195511105155
35688,48404,220410007,20220410,Dérapage ou perte de maîtrise,Collision avec un obstacle hors de la chaussée,Etat de la personne - Influence de l'alcool,Dardagny,Nuit,Temps couvert,Avec dommages matériels,2488759.282,1115105.016,Route humide,Route principale,40000.0,Dimanche,0,0,0,0,0,0,0,0,0,0,0,0,1,0,0,0,0.0,0.0,0,0,,,2022,2488759.28,1115105.02,5.998029848353974,46.178203250917555
35689,48405,221204052,20221204,Accident par tamponnement,Collision avec véhicule à l'arrêt,Signalisation lumineuse - Non-respect d'un feu rouge,Genève,Jour,Temps couvert,Avec blessés légers,2500446.623,1119455.435,Route sèche,Route principale,130000.0,Dimanche,0,0,1,0,0,0,0,0,0,0,0,0,2,0,0,0,0.0,0.0,0,0,,,2022,2500446.62,1119455.43,6.1484294703543965,46.21916405808583
35690,48680,220729229,20220729,Accident par tamponnement,Collision avec un véhicule en marche,Inattention et distraction - Manque d'attention momentané,Meyrin,Jour,Beau temps,Avec dommages matériels,2494907.944,1121338.703,Route sèche,Route secondaire,190000.0,Vendredi,0,0,0,0,0,0,0,0,0,0,0,0,2,0,0,0,0.0,0.0,0,0,,,2022,2494907.94,1121338.7,6.076237581516496,46.23525936436624
35691,48681,221006017,20221005,Dérapage ou perte de maîtrise,Collision avec un obstacle hors de la chaussée,"Etat de la personne - Excès de fatigue, endormissement (y compris endormissement passager)",Bellevue,Jour,Beau temps,Avec blessés graves,2499517.617,1124800.274,Route sèche,Autoroute,170000.0,Mercredi,0,0,0,1,0,0,0,0,0,0,0,0,1,0,0,0,0.0,0.0,1,0,,,2022,2499517.62,1124800.27,6.135239469788099,46.26709927257516
35692,48682,220721189,20220715,Accident en parquant,Avec violation de l'obligation de déclarer,Cause inconnue - Véhicule stationné (omission de la déclaration obligatoire),Meyrin,Inconnu,Autre,Avec dommages matériels,2494215.018,1120703.685,Autre,Route principale,100000.0,Vendredi,0,0,0,0,0,0,0,0,0,0,0,0,0,0,0,0,0.0,0.0,0,0,,,2022,2494215.02,1120703.68,6.067400495376446,46.229439100904216
35693,48683,220228196,20220228,Accident par tamponnement,Collision avec un véhicule en marche,Conduite - Suivre de trop près le véhicule qui précède,Céligny,Jour,Beau temps,Avec blessés légers,2505333.831,1134090.258,Route sèche,Route principale,90000.0,Lundi,0,0,1,0,0,0,0,0,0,0,0,0,2,0,0,0,0.0,0.0,0,0,,,2022,2505333.83,1134090.26,6.208779990484202,46.35150354400542
35694,48684,220706208,20220705,Accident en s'engageant sur une route,Collision en s'engageant depuis le bord de la route,Priorité - Non-respect du signal de priorité «Cédez le passage»,Genève,Jour,Beau temps,Avec dommages matériels,2501358.79,1117697.484,Route sèche,Route secondaire,160000.0,Mardi,0,0,0,0,0,0,0,0,0,0,0,0,1,0,0,0,0.0,0.0,0,0,,,2022,2501358.79,1117697.48,6.160620767846843,46.2034868524174
35695,48685,220116008,20220116,Dérapage ou perte de maîtrise,Collision avec un obstacle hors de la chaussée,Etat de la personne - Influence de l'alcool,Genève,Nuit,Beau temps,Avec blessés graves,2500046.245,1116399.343,Route sèche,Route principale,20000.0,Dimanche,0,0,0,1,0,0,0,0,0,0,0,0,0,0,0,0,0.0,0.0,0,0,,,2022,2500046.25,1116399.34,6.143896109113926,46.19161701849476
35696,48686,221012230,20221012,Accident en quittant une route,"Collision en obliquant à droite avec les usagers d'une voie séparée, d'une piste séparée, d'une piste cyclable/voie piétonne séparée, des rails de tramway",Priorité - Autres attitude fautive en lien avec la priorité,Genève,Jour,Beau temps,Avec blessés graves,2500517.979,1117041.942,Route sèche,Route principale,150000.0,Mercredi,0,0,0,1,0,0,0,0,0,0,0,1,0,1,0,0,0.0,0.0,0,0,,,2022,2500517.98,1117041.94,6.149868638551548,46.197466768644986
35697,48687,220202252,20220202,Accident impliquant des piétons,Piéton traversant la chaussée touché par un véhicule circulant en ligne droite,Priorité - Ne pas accorder la priorité à un passage pour piétons,Meyrin,Jour,Pluie,Avec blessés graves,2494587.901,1120587.771,Route mouillée,Route secondaire,70000.0,Mercredi,0,0,0,1,0,1,0,0,0,0,0,0,1,0,0,0,0.0,0.0,0,0,,,2022,2494587.9,1120587.77,6.072259200597873,46.22845517891774
35698,48688,220525266,20220525,Accident lors d'un dépassement ou lors d'un changement de voie de circulation,Collision avec le véhicule dépassé en se rabattant,Dépassement - En dépassant de trop près (latéral),Troinex,Jour,Beau temps,Avec blessés légers,2500111.619,1113688.68,Route sèche,Route principale,150000.0,Mercredi,0,0,1,0,0,0,0,1,0,0,0,0,0,1,0,0,0.0,0.0,0,0,,,2022,2500111.62,1113688.68,6.1453223286835525,46.16724607527648
35699,48689,220314269,20220219,Accident en parquant,Avec violation de l'obligation de déclarer,Cause inconnue - Véhicule stationné (omission de la déclaration obligatoire),Genève,Nuit,Beau temps,Avec dommages matériels,2500123.713,1118390.427,Route sèche,Route secondaire,220000.0,Samedi,0,0,0,0,0,0,0,0,0,0,0,0,0,0,0,0,0.0,0.0,0,0,,,2022,2500123.71,1118390.43,6.144473285239356,46.20953713307377
35700,48690,220901013,20220901,Dérapage ou perte de maîtrise,Sans collision,Inattention et distraction - Manque d'attention momentané,Genève,Nuit,Beau temps,Avec blessés graves,2501749.925,1116159.751,Route sèche,Route secondaire,50000.0,Jeudi,0,0,0,1,0,0,0,1,0,0,0,0,0,0,0,0,0.0,0.0,0,0,,,2022,2501749.93,1116159.75,6.166011222158908,46.18971316216242
35701,48691,220523053,20220520,Accident lors d'un dépassement ou lors d'un changement de voie de circulation,Collision lors du changement de voie vers la droite,Conduite - Manque d'égards en changeant de voie,Vernier,Jour,Beau temps,Avec dommages matériels,2496721.296,1119578.006,Route sèche,Autoroute,160000.0,Vendredi,0,0,0,0,0,0,0,0,0,0,0,0,1,1,0,0,0.0,0.0,0,0,,,2022,2496721.3,1119578.01,6.100131212794592,46.219704396627925
35702,48692,220604048,20220604,Accident lors d'un dépassement ou lors d'un changement de voie de circulation,Collision en déboîtant devant un véhicule en train de dépasser,Dépassement - Dépassement par la droite,Chêne-Bourg,Jour,Beau temps,Avec dommages matériels,2504234.871,1116562.871,Route sèche,Route principale,100000.0,Samedi,0,0,0,0,0,0,0,0,0,0,0,1,1,0,0,0,0.0,0.0,0,0,,,2022,2504234.87,1116562.87,6.198110585415338,46.19369753231642
35703,48693,220903024,20220903,Accident par tamponnement,"Collision avec un véhicule en marche, en reculant",Etat de la personne - Influence de l'alcool,Genève,Nuit,Pluie,Avec dommages matériels,2500548.728,1117070.855,Route mouillée,Route principale,50000.0,Samedi,0,0,0,0,0,0,0,0,0,0,0,0,2,0,0,0,0.0,0.0,0,0,,,2022,2500548.73,1117070.86,6.150260768633967,46.197731435673695
35704,48694,220621260,20220621,Accident impliquant des piétons,Piéton traversant la chaussée touché par un véhicule circulant en ligne droite,Priorité - Ne pas accorder la priorité à un passage pour piétons,Genève,Jour,Beau temps,Avec blessés légers,2500909.532,1117775.619,Route sèche,Route principale,80000.0,Mardi,0,0,1,0,0,1,0,0,0,0,0,0,1,0,0,0,0.0,0.0,0,0,,,2022,2500909.53,1117775.62,6.154784466821163,46.204123599153775
35705,48695,220304018,20220304,Dérapage ou perte de maîtrise,Collision avec un obstacle hors de la chaussée,Etat de la personne - Influence de l'alcool,Cologny,Nuit,Beau temps,Avec dommages matériels,2502677.405,1117631.452,Route sèche,Route secondaire,40000.0,Vendredi,0,0,0,0,0,0,0,0,0,0,0,0,1,0,0,0,0.0,0.0,0,0,,,2022,2502677.41,1117631.45,6.1777160128998645,46.203085154298904
35706,48696,220429203,20220426,Accident en parquant,Avec violation de l'obligation de déclarer,Cause inconnue - Véhicule stationné (omission de la déclaration obligatoire),Lancy,Inconnu,Autre,Avec dommages matériels,2497463.0,1116640.0,Autre,Autre,120000.0,Mardi,0,0,0,0,0,0,0,0,0,0,0,0,0,0,0,0,0.0,0.0,0,0,,,2022,2497463.0,1116640.0,6.110387463092366,46.19339260328725
35707,48697,221108207,20221026,Accident en parquant,Avec violation de l'obligation de déclarer,Cause inconnue - Véhicule stationné (omission de la déclaration obligatoire),Chêne-Bougeries,Inconnu,Autre,Avec dommages matériels,2504277.0,1117644.0,Autre,Route principale,120000.0,Mercredi,0,0,0,0,0,0,0,0,0,0,0,0,0,0,0,0,0.0,0.0,0,0,,,2022,2504277.0,1117644.0,6.198434550285428,46.20342772305171
35708,48789,220423082,20220423,Accident en parquant,Collision avec un autre usager de la route,Inattention et distraction - Manque d'attention momentané,Genève,Jour,Temps couvert,Avec dommages matériels,2501304.376,1117416.655,Route sèche,Route principale,170000.0,Samedi,0,0,0,0,0,0,0,0,0,0,0,0,2,0,0,0,0.0,0.0,1,0,,,2022,2501304.38,1117416.66,6.159975319163429,46.200953058320856
35709,48790,220821017,20220819,Dérapage ou perte de maîtrise,Collision avec un autre usager de la route,"Utilisation du véhicule - Manouvres incorrectes dans le véhicule (confusion frein - accélérateur, glisser de la pédale de frein dans les véhicules à transmission automatique, etc.)",Carouge (GE),Jour,Temps couvert,Avec dommages matériels,2499296.0,1115610.0,Route sèche,Autre,160000.0,Vendredi,0,0,0,0,0,0,0,0,0,0,0,0,2,0,0,0,0.0,0.0,1,0,,,2022,2499296.0,1115610.0,6.134349744789507,46.184405470557074
35710,48791,220722058,20220721,Accident par tamponnement,Collision avec un véhicule en marche,Inattention et distraction - Manque d'attention momentané,Chêne-Bougeries,Jour,Beau temps,Avec dommages matériels,2503366.25,1117629.59,Route sèche,Route secondaire,170000.0,Jeudi,0,0,0,0,0,0,0,0,0,0,0,0,1,1,0,0,0.0,0.0,0,0,,,2022,2503366.25,1117629.59,6.186639619705354,46.203167802599374
35711,48792,220621001,20220620,Accident lors d'un dépassement ou lors d'un changement de voie de circulation,Collision lors du changement de voie vers la gauche,Conduite - Manque d'égards en changeant de voie,Vernier,Jour,Beau temps,Avec dommages matériels,2497162.001,1118718.214,Route sèche,Route principale,70000.0,Lundi,0,0,0,0,0,0,0,0,0,0,0,0,2,0,0,0,0.0,0.0,0,0,,,2022,2497162.0,1118718.21,6.1060312027433525,46.21203867586331
35712,48793,220331001,20220330,Dérapage ou perte de maîtrise,Collision avec un obstacle sur la chaussée,Inattention et distraction - Manque d'attention momentané,Versoix,Nuit,Pluie,Avec blessés graves,2502176.152,1125755.713,Route mouillée,Route secondaire,200000.0,Mercredi,0,0,0,1,0,0,0,1,0,0,0,0,0,0,0,0,0.0,0.0,0,0,,,2022,2502176.15,1125755.71,6.169517695761009,46.276085519335
35713,48794,221214168,20221207,Accident par tamponnement,Collision avec véhicule à l'arrêt,Inattention et distraction - Manque d'attention momentané,Meyrin,Nuit,Beau temps,Avec dommages matériels,2495598.226,1120211.419,Route sèche,Route secondaire,220000.0,Mercredi,0,0,0,0,0,0,0,0,0,0,0,0,2,0,0,0,0.0,0.0,0,0,,,2022,2495598.23,1120211.42,6.0854370740774515,46.225227924718176
35714,48795,221103152,20221101,Accident en parquant,Avec violation de l'obligation de déclarer,Cause inconnue - Véhicule stationné (omission de la déclaration obligatoire),Genève,Jour,Beau temps,Avec dommages matériels,2498899.499,1117495.487,Route sèche,Route secondaire,110000.0,Mardi,0,0,0,0,0,0,0,0,0,0,0,0,0,0,0,0,0.0,0.0,0,0,,,2022,2498899.5,1117495.49,6.128807062832791,46.20130471133529
35715,48796,220916133,20220916,Accident en s'engageant sur une route,Collision en obliquant à droite avec le trafic venant de gauche,Priorité - Non-respect du signal de priorité «Cédez le passage»,Onex,Jour,Beau temps,Avec blessés légers,2497250.522,1116070.242,Route sèche,Route secondaire,120000.0,Vendredi,0,0,1,0,0,0,0,1,0,0,0,0,1,0,0,0,0.0,0.0,0,0,,,2022,2497250.52,1116070.24,6.10776090285481,46.1882355749388
35716,48797,230101003,20221231,Accident en parquant,Avec violation de l'obligation de déclarer,Cause inconnue - Véhicule stationné (omission de la déclaration obligatoire),Genève,Inconnu,Autre,Avec dommages matériels,2500686.038,1118666.902,Autre,Route principale,190000.0,Samedi,0,0,0,0,0,0,0,0,0,0,0,0,0,0,0,0,0.0,0.0,0,0,,,2022,2500686.04,1118666.9,6.151699666404062,46.21210713569662
35717,48798,221018375,20221018,Accident impliquant des piétons,Piéton traversant la chaussée touché par un véhicule circulant en ligne droite,Comportement du piéton / du conducteur d'EAV - Traversée imprudente de la route,Genève,Jour,Temps couvert,Avec blessés légers,2499293.373,1116285.156,Route sèche,Route principale,170000.0,Mardi,0,0,1,0,0,1,0,0,1,0,0,0,1,0,0,0,0.0,0.0,0,0,,,2022,2499293.37,1116285.16,6.134170098489193,46.19047769936486
35718,48799,220706361,20220702,Accident en parquant,Avec violation de l'obligation de déclarer,Cause inconnue - Véhicule stationné (omission de la déclaration obligatoire),Chêne-Bougeries,Jour,Beau temps,Avec dommages matériels,2502546.742,1116872.581,Route sèche,Route secondaire,180000.0,Samedi,0,0,0,0,0,0,0,0,0,0,0,0,0,0,0,0,0.0,0.0,0,0,,,2022,2502546.74,1116872.58,6.176181748238885,46.19624062040191
35719,48800,221107340,20221107,Accident par tamponnement,Collision avec véhicule à l'arrêt,Inattention et distraction - Manque d'attention momentané,Chêne-Bourg,Aurore / crépuscule,Beau temps,Avec blessés légers,2504658.764,1117653.987,Route sèche,Route principale,60000.0,Lundi,0,0,1,0,0,0,0,0,0,0,0,1,1,0,0,0,0.0,0.0,0,0,,,2022,2504658.76,1117653.99,6.2033778697937905,46.20357183362927
35720,48801,221213174,20221213,Dérapage ou perte de maîtrise,Sans collision,Inattention et distraction - Manque d'attention momentané,Pregny-Chambésy,Jour,Chute de neige,Avec dommages matériels,2500533.935,1121195.942,Route enneigée,Route principale,100000.0,Mardi,0,0,0,0,0,0,0,0,0,0,0,1,1,0,0,0,0.0,0.0,0,0,,,2022,2500533.93,1121195.94,6.149189573722797,46.234831815062854
35721,48802,221217035,20221128,Accident lors d'un dépassement ou lors d'un changement de voie de circulation,Collision lors du changement de voie vers la gauche,Conduite - Manque d'égards en changeant de voie,Vernier,Jour,Beau temps,Avec dommages matériels,2497704.537,1119342.863,Route sèche,Route principale,160000.0,Lundi,0,0,0,0,0,0,0,0,0,0,0,0,2,0,0,0,0.0,0.0,1,0,,,2022,2497704.54,1119342.86,6.112923347109034,46.217739768422334
35722,48803,220521028,20220521,Accident par tamponnement,Collision avec un véhicule en marche,Etat de la personne - Influence de l'alcool,Genève,Jour,Beau temps,Avec dommages matériels,2500771.903,1117486.876,Route sèche,Route principale,90000.0,Samedi,0,0,0,0,0,0,0,0,0,0,0,0,2,0,0,0,0.0,0.0,1,0,,,2022,2500771.9,1117486.88,6.1530629724042,46.20150625718043
35723,48804,220624260,20220624,Accident en s'engageant sur une route,Collision en s'engageant depuis le bord de la route,Priorité - Autres attitude fautive en lien avec la priorité,Genève,Jour,Beau temps,Avec blessés légers,2500754.828,1118583.425,Route sèche,Autre,190000.0,Vendredi,0,0,2,0,0,0,2,0,0,0,0,0,0,0,0,0,0.0,0.0,0,0,,,2022,2500754.83,1118583.43,6.152608666351469,46.211366535054026
35724,48805,221006298,20221006,Accident en traversant une route,Collision avec le trafic venant de la droite et obliquant à gauche,Signalisation lumineuse - Non-respect d'un feu rouge,Genève,Jour,Beau temps,Avec blessés légers,2500139.385,1118637.756,Route sèche,Route principale,150000.0,Jeudi,0,0,1,0,0,0,1,0,0,0,0,0,1,0,0,0,0.0,0.0,0,0,,,2022,2500139.39,1118637.76,6.144623495405944,46.21176404191156
35725,48806,220522002,20220521,Accident par tamponnement,Collision avec un véhicule en marche,Etat de la personne - Influence de l'alcool,Genève,Nuit,Beau temps,Avec dommages matériels,2499332.654,1118624.157,Route sèche,Route principale,230000.0,Samedi,0,0,0,0,0,0,0,0,0,0,0,0,2,0,0,0,0.0,0.0,0,0,,,2022,2499332.65,1118624.16,6.134174379936358,46.21152137242703
35726,48406,221103105,20221103,Dérapage ou perte de maîtrise,Collision avec un obstacle hors de la chaussée,Inattention et distraction - Manque d'attention momentané,Le Grand-Saconnex,Nuit,Beau temps,Avec dommages matériels,2497981.079,1121282.425,Route sèche,Autoroute,30000.0,Jeudi,0,0,0,0,0,0,0,0,0,0,0,0,0,0,1,0,0.0,0.0,0,0,,,2022,2497981.08,1121282.43,6.116082260616917,46.235226934998934
35727,48407,220810264,20220810,Dérapage ou perte de maîtrise,"Lors de l'évitement, sans collision",Cause inconnue - Cause inconnue,Collonge-Bellerive,Jour,Beau temps,Avec blessés légers,2504465.68,1121810.932,Route sèche,Route secondaire,170000.0,Mercredi,0,0,1,0,0,0,0,1,0,0,0,0,1,0,0,0,0.0,0.0,0,0,,,2022,2504465.68,1121810.93,6.200025216875053,46.24093394667203
35728,48408,221016056,20221015,Accident en parquant,Collision avec un obstacle fixe (y compris véhicule correctement stationné),Conduite - Marche arrière imprudente,Vernier,Jour,Beau temps,Avec dommages matériels,2497782.048,1119578.311,Route sèche,Autre,150000.0,Samedi,0,0,0,0,0,0,0,0,0,0,0,0,1,0,0,0,0.0,0.0,0,0,,,2022,2497782.05,1119578.31,6.113876073434921,46.21986927492746
35729,48409,220225089,20220225,Accident impliquant des piétons,Piéton traversant la chaussée touché par un véhicule circulant en ligne droite,Comportement du piéton / du conducteur d'EAV - Traversée imprudente de la route,Vernier,Jour,Beau temps,Avec blessés légers,2494631.151,1118524.748,Route sèche,Route principale,80000.0,Vendredi,0,0,1,0,0,1,0,0,0,0,0,0,0,0,1,0,0.0,0.0,1,0,,,2022,2494631.15,1118524.75,6.073285689782475,46.209906661553454
35730,48410,220111107,20220111,Accident impliquant des piétons,Piéton traversant la chaussée touché par un véhicule circulant en ligne droite,Priorité - Autres attitude fautive en lien avec la priorité,Genève,Jour,Temps couvert,Avec blessés graves,2498478.842,1118353.259,Route sèche,Route principale,80000.0,Mardi,0,0,0,2,0,1,0,0,1,0,0,0,0,0,0,0,0.0,0.0,1,0,,,2022,2498478.84,1118353.26,6.123171507898274,46.208956385716725
35731,48411,220417036,20220417,Dérapage ou perte de maîtrise,Collision avec un obstacle hors de la chaussée,Inattention et distraction - Manque d'attention momentané,Bernex,Jour,Beau temps,Avec dommages matériels,2495336.417,1115632.211,Route sèche,Autoroute,150000.0,Dimanche,0,0,0,0,0,0,0,0,0,0,0,0,1,0,0,0,0.0,0.0,2,0,,,2022,2495336.42,1115632.21,6.0830711436424965,46.18400061811132
35732,48412,220108068,20220108,Accident en traversant une route,Collision avec le trafic traversant depuis la gauche,Comportement du cycliste ou du cyclomotoriste - Emprunter un passage pour piétons pour traverser la route,Genève,Jour,Temps couvert,Avec blessés légers,2500566.327,1117754.424,Route humide,Route principale,140000.0,Samedi,0,0,1,0,0,0,1,0,0,0,0,1,0,0,0,0,0.0,0.0,0,0,,,2022,2500566.33,1117754.42,6.150343124572202,46.2038822392293
35733,48413,220707217,20220627,Accident en parquant,Avec violation de l'obligation de déclarer,Cause inconnue - Véhicule stationné (omission de la déclaration obligatoire),Chêne-Bourg,Inconnu,Autre,Avec dommages matériels,2504201.677,1116571.56,Autre,Route principale,140000.0,Lundi,0,0,0,0,0,0,0,0,0,0,0,0,0,0,0,0,0.0,0.0,0,0,,,2022,2504201.68,1116571.56,6.197678932863182,46.19377096578926
35734,48414,220525180,20220517,Accident en parquant,Collision avec un obstacle fixe (y compris véhicule correctement stationné),Inattention et distraction - Manque d'attention momentané,Genève,Aurore / crépuscule,Beau temps,Avec dommages matériels,2501501.387,1117072.0,Route sèche,Route principale,190000.0,Mardi,0,0,0,0,0,0,0,0,0,0,1,0,0,0,0,0,0.0,0.0,0,0,,,2022,2501501.39,1117072.0,6.162599995880402,46.197881942147475
35735,48415,220309003,20220307,Dérapage ou perte de maîtrise,Sans collision,Etat de la personne - Influence de l'alcool,Genève,Nuit,Beau temps,Avec blessés légers,2500702.821,1117532.191,Route sèche,Route principale,200000.0,Lundi,0,0,1,0,0,0,1,0,0,0,0,0,0,0,0,0,0.0,0.0,0,0,,,2022,2500702.82,1117532.19,6.152158504631082,46.201903592478686
35736,48416,220516006,20220515,Dérapage ou perte de maîtrise,Collision avec un obstacle hors de la chaussée,Etat de la personne - Influence de l'alcool,Lancy,Nuit,Beau temps,Avec blessés graves,2498877.871,1114477.482,Route sèche,Route principale,220000.0,Dimanche,0,0,0,1,0,0,0,0,0,0,0,1,0,0,0,0,0.0,0.0,0,0,,,2022,2498877.87,1114477.48,6.129180364740615,46.17415646231911
35737,48417,220915039,20220910,Accident par tamponnement,Collision avec véhicule à l'arrêt,Inattention et distraction - Manque d'attention momentané,Genève,Nuit,Beau temps,Avec blessés légers,2500060.002,1117482.487,Route sèche,Route secondaire,0.0,Samedi,0,0,1,0,0,0,0,0,0,0,0,0,2,0,0,0,0.0,0.0,0,0,,,2022,2500060.0,1117482.49,6.143842320291144,46.201361312796315
35738,48418,220627008,20220414,Collision frontale,Frôlement avec le trafic en sens inverse (sans dépassement),Conduite - Croisement longitudinal non conforme ou circulation trop à gauche,Veyrier,Jour,Beau temps,Avec dommages matériels,2501443.823,1114860.258,Route sèche,Route secondaire,150000.0,Jeudi,0,0,0,0,0,0,0,0,0,0,0,0,1,1,0,0,0.0,0.0,0,0,,,2022,2501443.82,1114860.26,6.162321074835363,46.177980234512496
35739,48419,220216005,20220215,Collision frontale,Autre cas de collision frontale (par ex. conducteur roulant à contre-sens),Cause inconnue - Cause inconnue,Genève,Nuit,Temps couvert,Avec blessés légers,2498831.288,1116039.21,Route sèche,Route principale,230000.0,Mardi,0,0,1,0,0,0,0,0,0,0,0,1,1,0,0,0,0.0,0.0,0,0,,,2022,2498831.29,1116039.21,6.128239062767502,46.188196175358584
35740,48420,220214293,20220124,Accident en parquant,Avec violation de l'obligation de déclarer,Cause inconnue - Cause inconnue,Versoix,Inconnu,Autre,Avec dommages matériels,2501936.0,1126474.0,Autre,Route secondaire,80000.0,Lundi,0,0,0,0,0,0,0,0,0,0,0,0,0,0,0,0,0.0,0.0,0,0,,,2022,2501936.0,1126474.0,6.16625129677953,46.28251109778517
35741,48421,220825046,20220819,Dérapage ou perte de maîtrise,Collision avec un obstacle hors de la chaussée,Influence de tiers - Présence d'animaux sauvages sur la chaussée,Vandoeuvres,Nuit,Pluie,Avec dommages matériels,2505588.307,1119339.669,Route mouillée,Route principale,10000.0,Vendredi,0,0,0,0,0,0,0,0,0,0,0,0,1,0,0,0,0.0,0.0,0,0,,,2022,2505588.31,1119339.67,6.215078333357094,46.21886489307689
35742,48422,220213012,20220213,Dérapage ou perte de maîtrise,Collision avec un obstacle hors de la chaussée,Etat de la personne - Influence de l'alcool,Genève,Nuit,Beau temps,Avec dommages matériels,2498794.644,1118611.817,Route sèche,Autre,40000.0,Dimanche,0,0,0,0,0,0,0,0,0,0,0,0,1,0,0,0,0.0,0.0,0,0,,,2022,2498794.64,1118611.82,6.127206689383032,46.21132958659678