,OBJECTID,ID_ACCIDENT,DATE_,GROUPE_ACCIDENT,TYPE,CAUSE,COMMUNE,CONDITIONS_LUMINEUSES,CONDITIONS_METEO,CONSEQUENCES,COOR_X,COOR_Y,ETAT_ROUTE,GENRE_ROUTE,HEURE,JOUR,NB_ENFANTS_IMPLIQUES,NB_ENFANTS_ECOLE,NB_BLESSES_LEGERS,NB_BLESSES_GRAVES,NB_TUES,NB_PIETONS,NB_BICYCLETTES,NB_VAE_25,NB_VAE_45,NB_CYCLOMOTEURS,NB_MOTOS_50,NB_MOTOS,NB_VOITURES_TOURISME,NB_VOITURES_LIVRAISON,NB_CAMIONS,NB_BUS,NB_TRAM,NB_TRAINS,NB_SENIORS,NB_TC,REF_GROUPE_CAUSE,TOTAL_PERSONNES,ANNEE,E,N,LATITUDE,LONGITUDE
35809,48725,221019005,20221018,Accident impliquant des piétons,Piéton traversant la chaussée touché par un véhicule circulant en ligne droite,Priorité - Ne pas accorder la priorité à un passage pour piétons,Genève,Nuit,Beau temps,Avec blessés graves,2498333.855,1119377.557,Route sèche,Route secondaire,230000.0,Mardi,0,0,0,1,0,1,0,0,0,0,0,0,1,0,0,0,0.0,0.0,1,0,,,2022,2498333.86,1119377.56,6.1210700700022915,46.21814736806213
35810,48726,220909188,20220909,Accident par tamponnement,Collision avec un véhicule en marche,Inattention et distraction - Manque d'attention momentané,Genève,Jour,Beau temps,Avec dommages matériels,2499900.502,1118601.99,Route sèche,Route secondaire,130000.0,Vendredi,0,0,0,0,0,0,0,0,0,0,0,0,1,0,0,1,0.0,0.0,0,1,,,2022,2499900.5,1118601.99,6.141536127276412,46.21140677742699
35811,48727,221005001,20221004,Accident par tamponnement,Collision avec véhicule à l'arrêt,Inattention et distraction - Manque d'attention momentané,Vernier,Nuit,Temps couvert,Avec dommages matériels,2497946.403,1119323.571,Route sèche,Route principale,190000.0,Mardi,0,0,0,0,0,0,0,0,0,0,0,1,1,0,0,0,0.0,0.0,0,0,,,2022,2497946.4,1119323.57,6.116061415101229,46.21760303860823
35812,48728,220508019,20220508,Dérapage ou perte de maîtrise,Collision avec un obstacle hors de la chaussée,Etat de la personne - Influence de l'alcool,Genève,Nuit,Temps couvert,Avec dommages matériels,2500536.279,1118551.003,Route sèche,Route secondaire,60000.0,Dimanche,0,0,0,0,0,0,0,0,0,0,0,0,1,0,0,0,0.0,0.0,0,0,,,2022,2500536.28,1118551.0,6.149784076856254,46.21104254042778
35813,48729,220614189,20220525,Accident par tamponnement,Collision avec véhicule à l'arrêt,Conduite - Suivre de trop près le véhicule qui précède,Genève,Aurore / crépuscule,Beau temps,Avec dommages matériels,2500448.153,1118195.419,Route sèche,Route principale,60000.0,Mercredi,0,0,0,0,0,0,0,0,0,0,0,0,1,0,0,0,0.0,0.0,0,0,,,2022,2500448.15,1118195.42,6.148718142826797,46.207831269993086
35814,48730,220607144,20220607,Accident par tamponnement,Collision avec un véhicule en marche,Signalisation - Inobservation d'un signal,Genève,Jour,Temps couvert,Avec blessés légers,2500932.169,1117792.164,Route humide,Route principale,60000.0,Mardi,0,0,1,0,0,0,0,0,1,0,0,0,1,0,0,0,0.0,0.0,0,0,,,2022,2500932.17,1117792.16,6.155074237913377,46.20427570341668
35815,48731,220313001,20220312,Accident lors d'un dépassement ou lors d'un changement de voie de circulation,Collision lors du changement de voie vers la gauche,Conduite - Manque d'égards en changeant de voie,Genève,Nuit,Beau temps,Avec blessés légers,2501134.505,1117114.236,Route sèche,Route principale,200000.0,Samedi,0,0,1,0,0,0,0,0,0,0,0,1,1,0,0,0,0.0,0.0,0,0,,,2022,2501134.5,1117114.24,6.1578388456362285,46.19820801064767
35816,48732,220805001,20220804,Accident par tamponnement,Collision avec un véhicule en marche,Inattention et distraction - Manque d'attention momentané,Genève,Jour,Beau temps,Avec blessés légers,2499258.875,1116267.647,Route sèche,Route principale,190000.0,Jeudi,0,0,2,0,0,0,0,0,0,0,0,2,0,0,0,0,0.0,0.0,0,0,,,2022,2499258.88,1116267.65,6.133727201425413,46.190315041694014
35817,48733,220918005,20220917,Accident en parquant,Collision avec un obstacle fixe (y compris véhicule correctement stationné),Conduite - Marche arrière imprudente,Genève,Nuit,Temps couvert,Avec dommages matériels,2501344.945,1117993.221,Route sèche,Route secondaire,190000.0,Samedi,0,0,0,0,0,0,0,0,0,0,0,0,1,0,0,0,0.0,0.0,0,0,,,2022,2501344.95,1117993.22,6.1603789704078356,46.20614482612233
35818,48826,220913266,20220906,Collision frontale,Autre cas de collision frontale (par ex. conducteur roulant à contre-sens),Inattention et distraction - Manque d'attention momentané,Le Grand-Saconnex,Jour,Beau temps,Avec dommages matériels,2497542.226,1120826.0,Route sèche,Route principale,120000.0,Mardi,0,0,0,0,0,0,0,0,0,0,0,0,2,0,0,0,0.0,0.0,0,0,,,2022,2497542.23,1120826.0,6.110494437331256,46.23105487490457
35819,48827,220505209,20220505,Accident en quittant une route,Collision en obliquant à gauche avec le trafic venant en sens inverse,Priorité - Priorité en obliquant à gauche devant des véhicules venant en sens inverse,Genève,Jour,Beau temps,Avec blessés graves,2498841.339,1117213.403,Route sèche,Route principale,80000.0,Jeudi,0,0,0,1,0,0,0,0,0,0,0,1,1,0,0,0,0.0,0.0,1,0,,,2022,2498841.34,1117213.4,6.128114822831296,46.19875874861254
35820,48828,221109207,20221103,Accident par tamponnement,Collision avec véhicule à l'arrêt,Inattention et distraction - Manque d'attention momentané,Céligny,Jour,Temps couvert,Avec blessés graves,2505008.401,1132877.336,Route sèche,Route principale,80000.0,Jeudi,0,0,0,1,0,0,0,0,0,0,0,1,0,1,0,0,0.0,0.0,0,0,,,2022,2505008.4,1132877.34,6.204800990865821,46.34054787818672
35821,48829,221227001,20221227,Dérapage ou perte de maîtrise,Collision avec un obstacle hors de la chaussée,Etat de la personne - Influence de l'alcool,Carouge (GE),Nuit,Pluie,Avec blessés graves,2499667.754,1115921.492,Route mouillée,Route secondaire,0.0,Mardi,0,0,0,1,0,0,0,1,0,0,0,0,0,0,0,0,0.0,0.0,0,0,,,2022,2499667.75,1115921.49,6.139096773897193,46.187262691070174
35822,48830,220203243,20220203,Dérapage ou perte de maîtrise,Collision avec un obstacle hors de la chaussée,Etat de la personne - Influence de l'alcool,Collonge-Bellerive,Aurore / crépuscule,Temps couvert,Avec dommages matériels,2505178.355,1123673.355,Route sèche,Route principale,170000.0,Jeudi,0,0,0,0,0,0,0,0,0,0,0,0,1,0,0,0,0.0,0.0,0,0,,,2022,2505178.36,1123673.36,6.208884710917971,46.257786568784496
35823,48831,220623018,20220622,Accident en s'engageant sur une route,Collision en obliquant à droite avec le trafic venant de gauche,Priorité - Non-respect du signal de priorité «Cédez le passage»,Pregny-Chambésy,Jour,Pluie,Avec dommages matériels,2500538.595,1121622.969,Route mouillée,Route principale,80000.0,Mercredi,0,0,0,0,0,0,0,0,0,0,0,0,2,0,0,0,0.0,0.0,1,0,,,2022,2500538.59,1121622.97,6.149158864360644,46.2386733814316
35824,48832,220316263,20220129,Dérapage ou perte de maîtrise,Collision avec un obstacle hors de la chaussée,Inattention et distraction - Manque d'attention momentané,Genève,Nuit,Beau temps,Avec dommages matériels,2499603.653,1116234.277,Route sèche,Route secondaire,0.0,Samedi,0,0,0,0,0,0,0,0,0,0,0,0,0,0,1,0,0.0,0.0,0,0,,,2022,2499603.65,1116234.28,6.138199428708584,46.190066467623396
35825,48833,220514017,20220513,Accident par tamponnement,Collision avec un véhicule en marche,Inattention et distraction - Manque d'attention momentané,Collonge-Bellerive,Jour,Beau temps,Avec blessés légers,2504780.206,1122131.672,Route sèche,Route secondaire,90000.0,Vendredi,0,0,1,0,0,0,0,0,0,0,0,1,1,0,0,0,0.0,0.0,1,0,,,2022,2504780.21,1122131.67,6.204036952514972,46.24386350067194
35826,48834,220513146,20220509,Dérapage ou perte de maîtrise,Collision avec un obstacle en manoeuvrant,Inattention et distraction - Manque d'attention momentané,Lancy,Jour,Beau temps,Avec dommages matériels,2497818.377,1116264.748,Route sèche,Route principale,160000.0,Lundi,0,0,0,0,0,0,0,0,0,0,0,0,1,0,0,0,0.0,0.0,0,0,,,2022,2497818.38,1116264.75,6.115072276645288,46.19007159102712
35827,48835,221103299,20221103,Collision frontale,Frôlement avec le trafic en sens inverse (sans dépassement),Etat de la personne - Influence de l'alcool,Meinier,Nuit,Pluie,Avec dommages matériels,2506998.291,1122531.773,Route mouillée,Route secondaire,190000.0,Jeudi,0,0,0,0,0,0,0,0,0,0,0,0,2,0,0,0,0.0,0.0,0,0,,,2022,2506998.29,1122531.77,6.23271187459703,46.24777299632677
35828,48836,220306009,20220305,Accident en traversant une route,Collision avec le trafic traversant depuis la droite,Signalisation lumineuse - Non-respect d'un feu rouge,Genève,Nuit,Temps couvert,Avec blessés graves,2499734.501,1118057.988,Route sèche,Route principale,220000.0,Samedi,0,0,0,1,0,0,0,0,0,0,0,0,2,0,0,0,0.0,0.0,0,0,,,2022,2499734.5,1118057.99,6.139502342944462,46.20648909951383
35829,48837,220907013,20220806,Dérapage ou perte de maîtrise,Collision avec un obstacle en manoeuvrant,Conduite - Marche arrière imprudente,Genève,Nuit,Beau temps,Avec dommages matériels,2501182.794,1117648.346,Route sèche,Route secondaire,10000.0,Samedi,0,0,0,0,0,0,0,0,0,0,0,0,1,0,0,0,0.0,0.0,0,0,,,2022,2501182.79,1117648.35,6.158351264809519,46.20301910809431
35830,48838,220502414,20220502,Dérapage ou perte de maîtrise,Collision avec un obstacle hors de la chaussée,Inattention et distraction - Distraction par des passagers ou des animaux dans la voiture,Meyrin,Jour,Beau temps,Avec blessés légers,2494854.646,1119824.194,Route sèche,Route principale,120000.0,Lundi,0,0,1,0,0,0,0,0,0,0,0,0,1,0,0,0,0.0,0.0,1,0,,,2022,2494854.65,1119824.19,6.075888349862975,46.22162914387286
35831,48839,220210007,20220209,Dérapage ou perte de maîtrise,Collision avec un obstacle sur la chaussée,Inattention et distraction - Manque d'attention momentané,Genève,Nuit,Beau temps,Avec dommages matériels,2500071.479,1119913.47,Route sèche,Route principale,180000.0,Mercredi,0,0,0,0,0,0,0,0,0,0,0,0,1,0,0,0,0.0,0.0,0,0,,,2022,2500071.48,1119913.47,6.143470391878134,46.223228165464576
35832,48840,220203234,20220203,Accident par tamponnement,"Collision avec véhicule à l'arrêt, en reculant",Etat de la personne - Influence de l'alcool,Genève,Jour,Beau temps,Avec dommages matériels,2500170.84,1117652.774,Route sèche,Route secondaire,160000.0,Jeudi,0,0,0,0,0,0,0,0,0,0,0,0,2,0,0,0,0.0,0.0,0,0,,,2022,2500170.84,1117652.77,6.145241663628992,46.20290934378927
35833,48841,220112105,20220106,Accident en parquant,Collision avec un obstacle fixe (y compris véhicule correctement stationné),Conduite - Marche arrière imprudente,Genève,Jour,Beau temps,Avec dommages matériels,2499033.807,1118206.323,Route sèche,Autre,110000.0,Jeudi,0,0,0,0,0,0,0,0,0,0,0,0,0,1,0,0,0.0,0.0,0,0,,,2022,2499033.81,1118206.32,6.130393063510697,46.207718348538556
35834,48842,221129300,20221121,Accident lors d'un dépassement ou lors d'un changement de voie de circulation,Frôlement latéral avec le véhicule sur la voie voisine,Dépassement - En dépassant de trop près (latéral),Veyrier,Nuit,Pluie,Avec blessés légers,2503191.06,1113721.457,Route mouillée,Route secondaire,180000.0,Lundi,0,0,1,0,0,0,1,0,0,0,0,0,1,0,0,0,0.0,0.0,0,0,,,2022,2503191.06,1113721.46,6.185180299347344,46.167991160125034
35835,48843,220808001,20220807,Dérapage ou perte de maîtrise,Sans collision,Etat de la personne - Influence de l'alcool,Genthod,Nuit,Beau temps,Avec blessés graves,2501239.235,1123976.828,Route sèche,Route secondaire,200000.0,Dimanche,0,0,0,1,0,0,1,0,0,0,0,0,0,0,0,0,0.0,0.0,0,0,,,2022,2501239.23,1123976.83,6.15774192086794,46.25994834489673
35836,48844,220107017,20220107,Autres,Autres,"Vitesse - Poursuite, course",Carouge (GE),Nuit,Beau temps,Avec blessés légers,2499583.0,1115669.129,Route sèche,Route secondaire,40000.0,Vendredi,0,0,2,0,0,0,0,0,0,0,0,0,2,0,0,0,0.0,0.0,0,0,,,2022,2499583.0,1115669.13,6.138053512904111,46.184980225293934
35837,48443,220827073,20220827,Accident en quittant une route,Collision en obliquant à droite avec le trafic dans le même sens,Priorité - Autres attitude fautive en lien avec la priorité,Genève,Jour,Beau temps,Avec dommages matériels,2501867.395,1117311.266,Route sèche,Route principale,110000.0,Samedi,0,0,0,0,0,0,0,0,0,0,0,2,0,0,0,0,0.0,0.0,0,0,,,2022,2501867.39,1117311.27,6.167290383027844,46.20008756020789
35838,48444,221216001,20221215,Accident impliquant des piétons,Piéton traversant la chaussée touché par un véhicule circulant en ligne droite,Comportement du piéton / du conducteur d'EAV - Traversée imprudente de la route,Genève,Nuit,Pluie,Avec blessés graves,2498896.931,1117488.015,Route mouillée,Route principale,200000.0,Jeudi,0,0,0,2,0,1,0,0,0,0,0,1,0,0,0,0,0.0,0.0,1,0,,,2022,2498896.93,1117488.02,6.128775390542646,46.20123713708902
35839,48445,220518282,20220503,Accident en parquant,Collision avec un obstacle fixe (y compris véhicule correctement stationné),Conduite - Marche arrière imprudente,Genève,Jour,Beau temps,Avec dommages matériels,2500368.431,1118431.484,Route sèche,Route principale,190000.0,Mardi,0,0,0,0,0,0,0,0,0,0,0,0,1,0,0,0,0.0,0.0,0,0,,,2022,2500368.43,1118431.48,6.147634969795656,46.209942671793485
35840,48446,220609128,20220527,Dérapage ou perte de maîtrise,Collision avec un obstacle en manoeuvrant,Conduite - Marche arrière imprudente,Lancy,Nuit,Beau temps,Avec dommages matériels,2498727.574,1114746.959,Route sèche,Route principale,10000.0,Vendredi,0,0,0,0,0,0,0,0,0,0,0,0,1,0,0,0,0.0,0.0,0,0,,,2022,2498727.57,1114746.96,6.1271760287601955,46.176557639228115
35841,48447,220101006,20220101,Dérapage ou perte de maîtrise,Collision avec un obstacle hors de la chaussée,Etat de la personne - Influence de l'alcool,Genève,Nuit,Beau temps,Avec dommages matériels,2501611.615,1118192.724,Route sèche,Route principale,50000.0,Samedi,0,0,0,0,0,0,0,0,0,0,0,0,1,0,0,0,0.0,0.0,0,0,,,2022,2501611.61,1118192.72,6.163791397459305,46.207978295615966
35842,48448,221015015,20220815,Accident par tamponnement,Collision avec un véhicule en marche,"Vitesse - Poursuite, course",Lancy,Jour,Beau temps,Avec dommages matériels,2498191.339,1114873.887,Route sèche,Route principale,140000.0,Lundi,0,0,0,0,0,0,0,0,0,0,0,0,1,1,0,0,0.0,0.0,0,0,,,2022,2498191.34,1114873.89,6.120205533474792,46.17761832909431
35843,48449,220719281,20220714,Accident par tamponnement,Collision avec véhicule à l'arrêt,Conduite - Suivre de trop près le véhicule qui précède,Genève,Aurore / crépuscule,Beau temps,Avec dommages matériels,2500137.302,1118633.776,Route sèche,Route principale,190000.0,Jeudi,0,0,0,0,0,0,0,0,0,0,0,0,2,0,0,0,0.0,0.0,0,0,,,2022,2500137.3,1118633.78,6.1445972693019755,46.21172793376465
35844,48450,221128451,20221128,Accident en traversant une route,Collision avec le trafic traversant depuis la gauche,Etat de la personne - Influence de l'alcool,Thônex,Nuit,Beau temps,Avec blessés légers,2503022.814,1115056.968,Route sèche,Route principale,170000.0,Lundi,0,0,1,0,0,0,0,0,0,0,0,1,1,0,0,0,0.0,0.0,0,0,,,2022,2503022.81,1115056.97,6.182725005056423,46.17997907390225
35845,48451,220905004,20220904,Dérapage ou perte de maîtrise,Sans collision,Etat du véhicule - Dégonflement / éclatement d'un pneu,Vernier,Nuit,Beau temps,Avec blessés légers,2497406.495,1118640.99,Route sèche,Route principale,230000.0,Dimanche,0,0,1,0,0,0,0,0,0,0,0,1,0,0,0,0,0.0,0.0,0,0,,,2022,2497406.5,1118640.99,6.109215899888711,46.21138150024362
35846,48452,221224073,20221224,Accident par tamponnement,Collision avec véhicule à l'arrêt,Etat de la personne - Influence de l'alcool,Carouge (GE),Nuit,Temps couvert,Avec dommages matériels,2499453.395,1114966.61,Route humide,Route principale,180000.0,Samedi,0,0,0,0,0,0,0,0,0,0,0,0,2,0,0,0,0.0,0.0,0,0,,,2022,2499453.39,1114966.61,6.136526340245441,46.17864214911413
35847,48453,220408117,20220407,Accident lors d'un dépassement ou lors d'un changement de voie de circulation,Frôlement latéral avec le véhicule dépassé,Dépassement - En dépassant de trop près (latéral),Presinge,Jour,Pluie,Avec dommages matériels,2508479.689,1119483.562,Route mouillée,Route principale,150000.0,Jeudi,0,0,0,0,0,0,0,0,0,0,0,0,1,0,0,0,0.0,0.0,0,0,,,2022,2508479.69,1119483.56,6.25251633437926,46.22055912985721
35848,48454,220407197,20220407,Accident impliquant des piétons,Piéton traversant la chaussée touché par un véhicule circulant en ligne droite,Inattention et distraction - Manque d'attention momentané,Carouge (GE),Jour,Pluie,Avec blessés légers,2500058.161,1115729.774,Route mouillée,Route principale,110000.0,Jeudi,0,0,1,0,0,1,0,0,0,0,0,0,1,0,0,0,0.0,0.0,1,0,,,2022,2500058.16,1115729.77,6.144193651657519,46.18559643184175
35849,48455,220619071,20220619,Accident par tamponnement,Collision avec véhicule à l'arrêt,Inattention et distraction - Manque d'attention momentané,Genève,Jour,Beau temps,Avec dommages matériels,2501510.421,1118086.388,Route sèche,Route principale,140000.0,Dimanche,0,0,0,0,0,0,0,0,0,0,0,1,1,0,0,0,0.0,0.0,0,0,,,2022,2501510.42,1118086.39,6.162502913252711,46.20700710064127
35850,48456,220619068,20220619,Collision frontale,Collision frontale avec le trafic venant en sens inverse (sans dépassement),Cause inconnue - Cause inconnue,Meyrin,Jour,Beau temps,Avec blessés légers,2496871.524,1119685.68,Route sèche,Route principale,140000.0,Dimanche,0,0,1,0,0,0,0,0,0,0,0,0,2,0,0,0,0.0,0.0,1,0,,,2022,2496871.52,1119685.68,6.1020539160604095,46.22069588187756
35851,48457,220917062,20220917,Dérapage ou perte de maîtrise,Collision avec un obstacle sur la chaussée,Inattention et distraction - Manque d'attention momentané,Veyrier,Jour,Beau temps,Avec dommages matériels,2503284.63,1113613.934,Route sèche,Route principale,110000.0,Samedi,0,0,0,0,0,0,0,0,0,0,0,0,1,0,0,0,0.0,0.0,1,0,,,2022,2503284.63,1113613.93,6.186413875587664,46.16703744938855
35852,48458,220406181,20220406,Accident impliquant des piétons,Autre cas d'accident impliquant des piétons,Etat du véhicule - Autre défectuosité de l'état du véhicule,Genève,Jour,Beau temps,Avec blessés légers,2499422.607,1117132.15,Route sèche,Route principale,90000.0,Mercredi,0,0,2,0,0,1,1,0,0,0,0,0,0,0,0,0,0.0,0.0,0,0,,,2022,2499422.61,1117132.15,6.135661412371607,46.19811517037704
35853,48459,221021161,20221021,Accident par tamponnement,Collision avec un véhicule en marche,Inattention et distraction - Manque d'attention momentané,Genève,Jour,Temps couvert,Avec dommages matériels,2499913.52,1117058.492,Route humide,Route principale,80000.0,Vendredi,0,0,0,0,0,0,0,0,0,0,0,0,1,1,0,0,0.0,0.0,0,0,,,2022,2499913.52,1117058.49,6.142035805587543,46.19752590890383
35854,48460,220630070,20220630,Dérapage ou perte de maîtrise,Sans collision,Inattention et distraction - Manque d'attention momentané,Pregny-Chambésy,Jour,Beau temps,Avec blessés légers,2500546.839,1120857.0,Route sèche,Route principale,80000.0,Jeudi,0,0,1,0,0,0,0,0,1,0,0,0,0,0,0,0,0.0,0.0,0,0,,,2022,2500546.84,1120857.0,6.149429205949789,46.2317851663776
35855,48461,220412003,20220411,Dérapage ou perte de maîtrise,Collision avec un obstacle hors de la chaussée,Etat de la personne - Influence de l'alcool,Vernier,Nuit,Beau temps,Avec blessés légers,2496801.814,1118132.097,Route sèche,Route principale,220000.0,Lundi,0,0,1,0,0,0,0,0,0,0,0,0,0,0,0,0,0.0,0.0,0,0,,,2022,2496801.81,1118132.1,6.101494238051492,46.2067118238123
35856,48734,220208245,20220208,Accident impliquant des piétons,Piéton traversant la chaussée touché par un véhicule circulant en ligne droite,Priorité - Ne pas accorder la priorité à un passage pour piétons,Vernier,Jour,Beau temps,Avec blessés graves,2497510.822,1118777.871,Route sèche,Route principale,150000.0,Mardi,0,0,0,2,0,2,0,0,0,0,0,1,0,0,0,0,0.0,0.0,2,0,,,2022,2497510.82,1118777.87,6.110537378639416,46.21262855681982
35857,48735,220709023,20220708,Accident en traversant une route,Collision avec le trafic traversant depuis la gauche,Priorité - Non-respect du signal de priorité «Cédez le passage»,Lancy,Jour,Beau temps,Avec blessés légers,2498868.411,1115068.68,Route sèche,Route principale,160000.0,Vendredi,0,0,1,0,0,0,0,0,0,0,0,0,2,0,0,0,0.0,0.0,3,0,,,2022,2498868.41,1115068.68,6.12892991421369,46.1794724882999
35858,48736,220921226,20220921,Accident lors d'un dépassement ou lors d'un changement de voie de circulation,Autre cas d'accident lors d'un dépassement ou lors d'un changement de voie de circulation,Inattention et distraction - Manque d'attention momentané,Genève,Jour,Beau temps,Avec blessés légers,2498210.315,1118437.507,Route sèche,Route principale,130000.0,Mercredi,0,0,1,0,0,0,0,0,0,0,0,0,0,0,0,1,0.0,0.0,0,1,,,2022,2498210.32,1118437.51,6.1196744001226095,46.209673547742256
35859,48737,221004325,20221004,Accident en traversant une route,Autre cas d'accident en traversant une route,Signalisation lumineuse - Non-respect d'un feu rouge,Genève,Jour,Beau temps,Avec blessés légers,2499036.629,1118308.373,Route sèche,Route principale,170000.0,Mardi,0,0,1,0,0,0,0,1,0,0,0,0,1,0,0,0,0.0,0.0,0,0,,,2022,2499036.63,1118308.37,6.1304075179191555,46.20863664537213
35860,48738,220208168,20220126,Accident par tamponnement,Collision avec un véhicule en marche,Inattention et distraction - Manque d'attention momentané,Genève,Jour,Temps couvert,Avec dommages matériels,2499169.107,1116203.673,Route sèche,Route principale,160000.0,Mercredi,0,0,0,0,0,0,0,0,0,0,0,0,2,0,0,0,0.0,0.0,0,0,,,2022,2499169.11,1116203.67,6.132578422786981,46.189726127602086
35861,48739,220524004,20220415,Accident en parquant,Collision avec un obstacle fixe (y compris véhicule correctement stationné),Inattention et distraction - Manque d'attention momentané,Le Grand-Saconnex,Jour,Beau temps,Avec dommages matériels,2498529.968,1121351.5,Route sèche,Route secondaire,140000.0,Vendredi,0,0,0,0,0,0,0,0,0,0,0,0,1,0,0,0,0.0,0.0,0,0,,,2022,2498529.97,1121351.5,6.123181646277934,46.23593129939977
35862,48740,221007223,20221007,Accident par tamponnement,Collision avec véhicule à l'arrêt,Inattention et distraction - Manque d'attention momentané,Carouge (GE),Jour,Beau temps,Avec blessés légers,2499388.528,1114921.179,Route sèche,Route principale,120000.0,Vendredi,0,0,1,0,0,0,0,0,0,0,0,1,2,0,0,0,0.0,0.0,0,0,,,2022,2499388.53,1114921.18,6.135696314693889,46.178223835960374
35863,48741,221011155,20221011,Dérapage ou perte de maîtrise,Sans collision,Inattention et distraction - Autre influence en rapport avec l'inattention ou la distraction,Genève,Jour,Beau temps,Avec blessés légers,2499133.5,1117700.238,Route sèche,Route principale,90000.0,Mardi,0,0,1,0,0,0,1,0,0,0,0,0,0,0,0,0,0.0,0.0,0,0,,,2022,2499133.5,1117700.24,6.131793915904542,46.20318145501015
35864,48742,220606085,20220606,Accident en parquant,Collision avec un obstacle fixe (y compris véhicule correctement stationné),"Utilisation du véhicule - Manouvres incorrectes dans le véhicule (confusion frein - accélérateur, glisser de la pédale de frein dans les véhicules à transmission automatique, etc.)",Meyrin,Jour,Pluie,Avec dommages matériels,2495184.495,1121331.198,Route mouillée,Route principale,210000.0,Lundi,0,0,0,0,0,0,0,0,0,0,0,0,0,0,0,0,0.0,0.0,0,0,,,2022,2495184.5,1121331.2,6.079823859293145,46.235235110253896
35865,48743,220523428,20220523,Accident en quittant une route,Collision en obliquant à gauche avec le trafic dans le même sens,Priorité - Autres attitude fautive en lien avec la priorité,Anières,Jour,Beau temps,Avec blessés légers,2507430.411,1124810.621,Route sèche,Route principale,70000.0,Lundi,0,0,1,0,0,0,0,0,0,0,0,1,1,0,0,0,0.0,0.0,0,0,,,2022,2507430.41,1124810.62,6.237861308186844,46.26832995115378
35866,48744,220903021,20220902,Dérapage ou perte de maîtrise,Collision avec un obstacle en manoeuvrant,Conduite - Marche arrière imprudente,Meyrin,Jour,Beau temps,Avec dommages matériels,2497136.048,1120621.176,Route sèche,Route secondaire,140000.0,Vendredi,0,0,0,0,0,0,0,0,0,0,0,0,1,0,0,0,0.0,0.0,0,0,,,2022,2497136.05,1120621.18,6.1052753555021875,46.22915059904945
35867,48745,220820037,20220815,Accident en quittant une route,Collision en obliquant à droite avec le trafic dans le même sens,Priorité - Non-respect de la priorité de droite,Genève,Nuit,Beau temps,Avec dommages matériels,2499464.656,1118249.295,Route sèche,Route principale,220000.0,Lundi,0,0,0,0,0,0,0,0,0,0,0,0,2,0,0,0,0.0,0.0,0,0,,,2022,2499464.66,1118249.3,6.135965444747382,46.2081695056992
35868,48746,220328369,20220328,Accident impliquant des piétons,Piéton traversant la chaussée touché par un véhicule circulant en ligne droite,Comportement du piéton / du conducteur d'EAV - Traversée imprudente de la route,Onex,Jour,Beau temps,Avec blessés graves,2497116.419,1115798.903,Route sèche,Route principale,190000.0,Lundi,0,0,0,1,0,1,0,0,0,0,0,0,1,0,0,0,0.0,0.0,0,0,,,2022,2497116.42,1115798.9,6.106084050308185,46.18577455912372
35869,48747,220721001,20220720,Dérapage ou perte de maîtrise,Sans collision,Inattention et distraction - Manque d'attention momentané,Lancy,Nuit,Beau temps,Avec blessés graves,2498666.613,1114938.15,Route sèche,Route principale,230000.0,Mercredi,2,0,0,1,0,0,0,1,0,0,0,0,0,0,0,0,0.0,0.0,0,0,,,2022,2498666.61,1114938.15,6.1263452795763085,46.17826808238737
35870,48748,220928007,20220928,Accident en traversant une route,Collision avec le trafic traversant depuis la gauche,Signalisation lumineuse - Non-respect d'un feu rouge,Genève,Nuit,Pluie,Avec blessés légers,2501059.133,1117605.192,Route humide,Route principale,10000.0,Mercredi,0,0,1,0,0,0,0,0,0,0,0,0,2,0,0,0,0.0,0.0,0,0,,,2022,2501059.13,1117605.19,6.156758535951762,46.202612720375114
35871,48749,220120124,20220119,Accident en s'engageant sur une route,Collision en obliquant à droite avec le trafic venant de gauche,Priorité - Non-respect du signal de priorité «Stop»,Collonge-Bellerive,Nuit,Temps couvert,Avec dommages matériels,2504704.264,1121063.956,Route sèche,Route secondaire,180000.0,Mercredi,0,0,0,0,0,0,0,0,0,0,0,0,2,0,0,0,0.0,0.0,1,0,,,2022,2504704.26,1121063.96,6.203270644764011,46.234249218137215
35872,48750,220603240,20220529,Accident en parquant,Collision avec un obstacle fixe (y compris véhicule correctement stationné),Inattention et distraction - Manque d'attention momentané,Genève,Jour,Beau temps,Avec dommages matériels,2500262.64,1118480.748,Route sèche,Route secondaire,190000.0,Dimanche,0,0,0,0,0,0,0,0,0,0,0,0,1,0,0,0,0.0,0.0,0,0,,,2022,2500262.64,1118480.75,6.146253875648464,46.21037013516818
35873,48751,221001108,20221001,Accident en parquant,Autres cas d'accident en parquant,Utilisation du véhicule - Stationnement sans précautions suffisantes,Genève,Jour,Beau temps,Avec dommages matériels,2499082.583,1119077.071,Route sèche,Route principale,180000.0,Samedi,0,0,0,0,0,0,0,0,0,0,0,0,1,0,0,0,0.0,0.0,0,0,,,2022,2499082.58,1119077.07,6.130836550940507,46.215557503426055